"year","bula_h","migback","mean","median","n","ptile10","ptile25","ptile75","ptile90","ptile99","lowerci_mean","upperci_mean","min","max","lowerci_median","upperci_median"
"2002","Baden-Württemberg","direct migration background","73.08","72","629","58","64","80","90","110","72.02","74.14","45","115","72","75"
"2002","Baden-Württemberg","indirect migration background","68.78","66","204","55","60","78","86","100","66.98","70.58","40","120","65","70"
"2002","Baden-Württemberg","no migration background","74.05","73","1974","56","64","82","92","120","73.4","74.7","40","150","72","75"
"2002","Bavaria","direct migration background","73.29","73","402","54","62","83","92","112","71.86","74.72","40","135","70","74"
"2002","Bavaria","indirect migration background","71.04","70","105","52","60","80","86","150","67.96","74.12","39","150","65","73"
"2002","Bavaria","no migration background","74.16","74","2742","56","64","84","92","110","73.62","74.7","34","135","72","74"
"2002","Berlin","direct migration background","71.9","70","72","52","64","82","93","115","67.95","75.85","39","120","70","76"
"2002","Berlin","indirect migration background","70.29","63.37","34","52","56","85","93","100","64.46","76.12","45","100","60","85"
"2002","Berlin","no migration background","73.72","72","724","54","62","82","96","125","72.55","74.89","42","160","70","73"
"2002","Brandenburg","direct migration background","","","","","","","","","","","","","",""
"2002","Brandenburg","indirect migration background","","","","","","","","","","","","","",""
"2002","Brandenburg","no migration background","75.87","75","944","58","65","85","96","115","74.93","76.81","41","140","73","75"
"2002","Bremen","direct migration background","","","","","","","","","","","","","",""
"2002","Bremen","indirect migration background","","","","","","","","","","","","","",""
"2002","Bremen","no migration background","76.09","74","146","55","64","85","90","180","73.46","78.72","44","180","70","75"
"2002","Hamburg","direct migration background","","","","","","","","","","","","","",""
"2002","Hamburg","indirect migration background","","","","","","","","","","","","","",""
"2002","Hamburg","no migration background","72.83","72","293","56","61","80","90","155","70.88","74.78","40","160","70","73"
"2002","Hesse","direct migration background","73.21","71","292","56","63","82","91","115","71.5","74.92","43","175","70","75"
"2002","Hesse","indirect migration background","68.2","68","72","51","57","77","88","104","64.67","71.73","48","115","63","70"
"2002","Hesse","no migration background","76.03","75","1268","57","64","86","97","116","75.17","76.89","39","135","74","76"
"2002","Lower Saxony","direct migration background","72.1","70","212","55","61","80","90","120","70.2","74","48","120","70","75"
"2002","Lower Saxony","indirect migration background","70.19","72.06","55","55","60","78","85","107","66.13","74.25","47","109","64","78"
"2002","Lower Saxony","no migration background","75.87","75","1697","58","65","85","95","122","75.12","76.62","39","170","74","75"
"2002","Mecklenburg-Western Pomerania","direct migration background","","","","","","","","","","","","","",""
"2002","Mecklenburg-Western Pomerania","indirect migration background","","","","","","","","","","","","","",""
"2002","Mecklenburg-Western Pomerania","no migration background","74.62","75","497","56","64","83","92","110","73.38","75.86","45","125","72","76"
"2002","North Rhine-Westphalia","direct migration background","74.61","75","762","58","65","82","90","110","73.62","75.6","43","160","73","75"
"2002","North Rhine-Westphalia","indirect migration background","70.14","70","228","53","60","80","88","101","68.19","72.09","36","172","67","72"
"2002","North Rhine-Westphalia","no migration background","75.74","75","3844","58","65","85","95","116","75.26","76.22","35","180","74","75"
"2002","Rhineland-Palatinate,Saarland","direct migration background","72.01","70","213","55","63","80","90","110","70.22","73.8","39","110","68","74"
"2002","Rhineland-Palatinate,Saarland","indirect migration background","72.15","75","36","53","60","83","90","107","66.79","77.51","40","107","58","76"
"2002","Rhineland-Palatinate,Saarland","no migration background","75.47","75","1124","57","65","85","94","122","74.59","76.35","42","140","73","75"
"2002","Saxony","direct migration background","74.66","80","30","54","66","85","87","90","70.13","79.19","49","90","70","81"
"2002","Saxony","indirect migration background","","","","","","","","","","","","","",""
"2002","Saxony","no migration background","74.04","73","1618","57","64","83","91","108","73.35","74.73","36","180","72","74"
"2002","Saxony-Anhalt","direct migration background","72.9","69.49","32","53","62","82","93","110","67.57","78.23","52","110","67","85"
"2002","Saxony-Anhalt","indirect migration background","","","","","","","","","","","","","",""
"2002","Saxony-Anhalt","no migration background","75.52","75","934","56","65","85","95","120","74.54","76.5","40","150","73","76"
"2002","Schleswig-Holstein","direct migration background","71.5","72","71","56","61","78","90","105","68.51","74.49","40","105","66","75"
"2002","Schleswig-Holstein","indirect migration background","","","","","","","","","","","","","",""
"2002","Schleswig-Holstein","no migration background","73.28","70","633","57","62","82","92","118","72.13","74.43","45","140","70","72"
"2002","Thuringia","direct migration background","","","","","","","","","","","","","",""
"2002","Thuringia","indirect migration background","","","","","","","","","","","","","",""
"2002","Thuringia","no migration background","75.52","75","937","58","65","84","95","115","74.58","76.46","42","140","74","76"
"2003","Baden-Württemberg","direct migration background","","","","","","","","","","","","","",""
"2003","Baden-Württemberg","indirect migration background","","","","","","","","","","","","","",""
"2003","Baden-Württemberg","no migration background","","","","","","","","","","","","","",""
"2003","Bavaria","direct migration background","","","","","","","","","","","","","",""
"2003","Bavaria","indirect migration background","","","","","","","","","","","","","",""
"2003","Bavaria","no migration background","","","","","","","","","","","","","",""
"2003","Berlin","direct migration background","","","","","","","","","","","","","",""
"2003","Berlin","indirect migration background","","","","","","","","","","","","","",""
"2003","Berlin","no migration background","","","","","","","","","","","","","",""
"2003","Brandenburg","direct migration background","","","","","","","","","","","","","",""
"2003","Brandenburg","indirect migration background","","","","","","","","","","","","","",""
"2003","Brandenburg","no migration background","","","","","","","","","","","","","",""
"2003","Bremen","direct migration background","","","","","","","","","","","","","",""
"2003","Bremen","indirect migration background","","","","","","","","","","","","","",""
"2003","Bremen","no migration background","","","","","","","","","","","","","",""
"2003","Hamburg","direct migration background","","","","","","","","","","","","","",""
"2003","Hamburg","indirect migration background","","","","","","","","","","","","","",""
"2003","Hamburg","no migration background","","","","","","","","","","","","","",""
"2003","Hesse","direct migration background","","","","","","","","","","","","","",""
"2003","Hesse","indirect migration background","","","","","","","","","","","","","",""
"2003","Hesse","no migration background","","","","","","","","","","","","","",""
"2003","Lower Saxony","direct migration background","","","","","","","","","","","","","",""
"2003","Lower Saxony","indirect migration background","","","","","","","","","","","","","",""
"2003","Lower Saxony","no migration background","","","","","","","","","","","","","",""
"2003","Mecklenburg-Western Pomerania","direct migration background","","","","","","","","","","","","","",""
"2003","Mecklenburg-Western Pomerania","indirect migration background","","","","","","","","","","","","","",""
"2003","Mecklenburg-Western Pomerania","no migration background","","","","","","","","","","","","","",""
"2003","North Rhine-Westphalia","direct migration background","","","","","","","","","","","","","",""
"2003","North Rhine-Westphalia","indirect migration background","","","","","","","","","","","","","",""
"2003","North Rhine-Westphalia","no migration background","","","","","","","","","","","","","",""
"2003","Rhineland-Palatinate,Saarland","direct migration background","","","","","","","","","","","","","",""
"2003","Rhineland-Palatinate,Saarland","indirect migration background","","","","","","","","","","","","","",""
"2003","Rhineland-Palatinate,Saarland","no migration background","","","","","","","","","","","","","",""
"2003","Saxony","direct migration background","","","","","","","","","","","","","",""
"2003","Saxony","indirect migration background","","","","","","","","","","","","","",""
"2003","Saxony","no migration background","","","","","","","","","","","","","",""
"2003","Saxony-Anhalt","direct migration background","","","","","","","","","","","","","",""
"2003","Saxony-Anhalt","indirect migration background","","","","","","","","","","","","","",""
"2003","Saxony-Anhalt","no migration background","","","","","","","","","","","","","",""
"2003","Schleswig-Holstein","direct migration background","","","","","","","","","","","","","",""
"2003","Schleswig-Holstein","indirect migration background","","","","","","","","","","","","","",""
"2003","Schleswig-Holstein","no migration background","","","","","","","","","","","","","",""
"2003","Thuringia","direct migration background","","","","","","","","","","","","","",""
"2003","Thuringia","indirect migration background","","","","","","","","","","","","","",""
"2003","Thuringia","no migration background","","","","","","","","","","","","","",""
"2004","Baden-Württemberg","direct migration background","74.41","74","569","58","65","81","94","113","73.22","75.6","40","163","73","75"
"2004","Baden-Württemberg","indirect migration background","68.58","67.06","202","52","60","78","85","96","66.79","70.37","43","120","66","72"
"2004","Baden-Württemberg","no migration background","74.48","74","1845","56","64","84","93","120","73.79","75.17","40","163","72","75"
"2004","Bavaria","direct migration background","73.18","73","378","54","62","84","91","107","71.71","74.65","42","140","70","75"
"2004","Bavaria","indirect migration background","72.26","72","129","55","61","80","90","110","69.98","74.54","38","110","68","74"
"2004","Bavaria","no migration background","75.05","74","2527","57","65","84","93","115","74.44","75.66","37","210","72","74"
"2004","Berlin","direct migration background","69.54","68","63","50","56","80","90","110","65.15","73.93","45","120","68","75"
"2004","Berlin","indirect migration background","75.04","75","36","50","61","88","100","100","69.42","80.66","49","100","65","87"
"2004","Berlin","no migration background","74.15","71","712","55","63","83","96","120","72.94","75.36","35","160","70","73"
"2004","Brandenburg","direct migration background","","","","","","","","","","","","","",""
"2004","Brandenburg","indirect migration background","","","","","","","","","","","","","",""
"2004","Brandenburg","no migration background","76.18","75","886","57","65","86","95","114","75.19","77.17","38","150","74","76"
"2004","Bremen","direct migration background","","","","","","","","","","","","","",""
"2004","Bremen","indirect migration background","","","","","","","","","","","","","",""
"2004","Bremen","no migration background","76.93","75","141","59","65","86","98","120","74.55","79.31","47","120","70","75"
"2004","Hamburg","direct migration background","","","","","","","","","","","","","",""
"2004","Hamburg","indirect migration background","","","","","","","","","","","","","",""
"2004","Hamburg","no migration background","74","73","262","56","60","82","94","150","71.96","76.04","48","150","70","75"
"2004","Hesse","direct migration background","73.38","73","238","55","63","83","90","102","71.61","75.15","46","120","72","77"
"2004","Hesse","indirect migration background","68.54","67.39","68","55","62","73","85","101","65.58","71.5","50","101","63","70"
"2004","Hesse","no migration background","77.41","75","1119","58","65","88","100","122","76.48","78.34","41","140","74","76"
"2004","Lower Saxony","direct migration background","72.68","71.35","207","57","64","80","90","115","70.76","74.6","32","120","70","75"
"2004","Lower Saxony","indirect migration background","70.87","70.89","50","55","59","82","92","101","66.68","75.06","45","101","62","77"
"2004","Lower Saxony","no migration background","76.36","75","1602","59","65","85","95","120","75.59","77.13","37","165","74","75"
"2004","Mecklenburg-Western Pomerania","direct migration background","","","","","","","","","","","","","",""
"2004","Mecklenburg-Western Pomerania","indirect migration background","","","","","","","","","","","","","",""
"2004","Mecklenburg-Western Pomerania","no migration background","75.25","75","493","56","64","85","94","117","73.94","76.56","37","150","73","76"
"2004","North Rhine-Westphalia","direct migration background","75.46","75","674","58","65","84","94","110","74.37","76.55","43","160","73","75"
"2004","North Rhine-Westphalia","indirect migration background","71.89","70","218","54","62","82","90","105","70.05","73.73","44","112","66","72"
"2004","North Rhine-Westphalia","no migration background","76.26","75","3586","58","65","85","95","120","75.75","76.77","32","200","74","75"
"2004","Rhineland-Palatinate,Saarland","direct migration background","74.7","75","188","55","65","85","90","120","72.65","76.75","40","120","70","75"
"2004","Rhineland-Palatinate,Saarland","indirect migration background","73.83","76","42","57","64","82","89","100","69.29","78.37","39","100","64","80"
"2004","Rhineland-Palatinate,Saarland","no migration background","76.38","75","1065","58","65","85","95","124","75.44","77.32","42","150","75","76"
"2004","Saxony","direct migration background","","","","","","","","","","","","","",""
"2004","Saxony","indirect migration background","","","","","","","","","","","","","",""
"2004","Saxony","no migration background","74.56","74","1538","58","64","85","93","110","73.83","75.29","42","185","72","74"
"2004","Saxony-Anhalt","direct migration background","","","","","","","","","","","","","",""
"2004","Saxony-Anhalt","indirect migration background","","","","","","","","","","","","","",""
"2004","Saxony-Anhalt","no migration background","75.63","75","895","57","65","85","95","118","74.62","76.64","40","138","74","75"
"2004","Schleswig-Holstein","direct migration background","72.23","73.46","65","56","62","79","92","110","68.69","75.77","38","110","66","76"
"2004","Schleswig-Holstein","indirect migration background","","","","","","","","","","","","","",""
"2004","Schleswig-Holstein","no migration background","73.89","72","591","55","62","83","95","119","72.64","75.14","43","150","70","73"
"2004","Thuringia","direct migration background","","","","","","","","","","","","","",""
"2004","Thuringia","indirect migration background","","","","","","","","","","","","","",""
"2004","Thuringia","no migration background","75.91","75","914","58","66","85","95","120","74.93","76.89","42","160","74","76"
"2005","Baden-Württemberg","direct migration background","","","","","","","","","","","","","",""
"2005","Baden-Württemberg","indirect migration background","","","","","","","","","","","","","",""
"2005","Baden-Württemberg","no migration background","","","","","","","","","","","","","",""
"2005","Bavaria","direct migration background","","","","","","","","","","","","","",""
"2005","Bavaria","indirect migration background","","","","","","","","","","","","","",""
"2005","Bavaria","no migration background","","","","","","","","","","","","","",""
"2005","Berlin","direct migration background","","","","","","","","","","","","","",""
"2005","Berlin","indirect migration background","","","","","","","","","","","","","",""
"2005","Berlin","no migration background","","","","","","","","","","","","","",""
"2005","Brandenburg","direct migration background","","","","","","","","","","","","","",""
"2005","Brandenburg","indirect migration background","","","","","","","","","","","","","",""
"2005","Brandenburg","no migration background","","","","","","","","","","","","","",""
"2005","Bremen","direct migration background","","","","","","","","","","","","","",""
"2005","Bremen","indirect migration background","","","","","","","","","","","","","",""
"2005","Bremen","no migration background","","","","","","","","","","","","","",""
"2005","Hamburg","direct migration background","","","","","","","","","","","","","",""
"2005","Hamburg","indirect migration background","","","","","","","","","","","","","",""
"2005","Hamburg","no migration background","","","","","","","","","","","","","",""
"2005","Hesse","direct migration background","","","","","","","","","","","","","",""
"2005","Hesse","indirect migration background","","","","","","","","","","","","","",""
"2005","Hesse","no migration background","","","","","","","","","","","","","",""
"2005","Lower Saxony","direct migration background","","","","","","","","","","","","","",""
"2005","Lower Saxony","indirect migration background","","","","","","","","","","","","","",""
"2005","Lower Saxony","no migration background","","","","","","","","","","","","","",""
"2005","Mecklenburg-Western Pomerania","direct migration background","","","","","","","","","","","","","",""
"2005","Mecklenburg-Western Pomerania","indirect migration background","","","","","","","","","","","","","",""
"2005","Mecklenburg-Western Pomerania","no migration background","","","","","","","","","","","","","",""
"2005","North Rhine-Westphalia","direct migration background","","","","","","","","","","","","","",""
"2005","North Rhine-Westphalia","indirect migration background","","","","","","","","","","","","","",""
"2005","North Rhine-Westphalia","no migration background","","","","","","","","","","","","","",""
"2005","Rhineland-Palatinate,Saarland","direct migration background","","","","","","","","","","","","","",""
"2005","Rhineland-Palatinate,Saarland","indirect migration background","","","","","","","","","","","","","",""
"2005","Rhineland-Palatinate,Saarland","no migration background","","","","","","","","","","","","","",""
"2005","Saxony","direct migration background","","","","","","","","","","","","","",""
"2005","Saxony","indirect migration background","","","","","","","","","","","","","",""
"2005","Saxony","no migration background","","","","","","","","","","","","","",""
"2005","Saxony-Anhalt","direct migration background","","","","","","","","","","","","","",""
"2005","Saxony-Anhalt","indirect migration background","","","","","","","","","","","","","",""
"2005","Saxony-Anhalt","no migration background","","","","","","","","","","","","","",""
"2005","Schleswig-Holstein","direct migration background","","","","","","","","","","","","","",""
"2005","Schleswig-Holstein","indirect migration background","","","","","","","","","","","","","",""
"2005","Schleswig-Holstein","no migration background","","","","","","","","","","","","","",""
"2005","Thuringia","direct migration background","","","","","","","","","","","","","",""
"2005","Thuringia","indirect migration background","","","","","","","","","","","","","",""
"2005","Thuringia","no migration background","","","","","","","","","","","","","",""
"2006","Baden-Württemberg","direct migration background","74.35","74","523","58","64","83","93","110","73.13","75.57","43","125","72","76"
"2006","Baden-Württemberg","indirect migration background","69.89","70","204","52","58","79","90","100","67.95","71.83","45","125","65","72"
"2006","Baden-Württemberg","no migration background","75.3","74","1994","57","65","84","95","125","74.62","75.98","40","189","73","75"
"2006","Bavaria","direct migration background","73.66","73","351","54","63","83","92","124","72.1","75.22","46","140","70","75"
"2006","Bavaria","indirect migration background","74.98","77.74","126","55","63","85","93","115","72.42","77.54","41","115","70","80"
"2006","Bavaria","no migration background","75.77","75","2660","58","65","85","95","125","75.18","76.36","33","195","74","75"
"2006","Berlin","direct migration background","72.48","72.66","60","53","62","84","90","107","68.07","76.89","45","120","65","79"
"2006","Berlin","indirect migration background","79.71","75","35","57","63","90","100","130","73.5","85.92","49","130","63","86"
"2006","Berlin","no migration background","74.68","72","688","55","63","83","96","125","73.46","75.9","45","173","70","74"
"2006","Brandenburg","direct migration background","","","","","","","","","","","","","",""
"2006","Brandenburg","indirect migration background","","","","","","","","","","","","","",""
"2006","Brandenburg","no migration background","77.21","76","913","58","67","86","97","115","76.18","78.24","39","195","75","78"
"2006","Bremen","direct migration background","","","","","","","","","","","","","",""
"2006","Bremen","indirect migration background","","","","","","","","","","","","","",""
"2006","Bremen","no migration background","76.04","75","129","58","64","87","97","115","73.46","78.62","48","115","70","75"
"2006","Hamburg","direct migration background","","","","","","","","","","","","","",""
"2006","Hamburg","indirect migration background","","","","","","","","","","","","","",""
"2006","Hamburg","no migration background","75.97","74","267","56","61","85","100","125","73.88","78.06","43","150","70","75"
"2006","Hesse","direct migration background","74.45","75","216","55","63","85","93","120","72.37","76.53","45","130","70","77"
"2006","Hesse","indirect migration background","69.93","69.23","72","55","63","75","90","105","66.96","72.9","50","105","67","75"
"2006","Hesse","no migration background","78.13","76","1179","59","65","89","99","120","77.21","79.05","40","145","75","77"
"2006","Lower Saxony","direct migration background","74.1","72.86","198","57","65","82","92","130","71.89","76.31","35","155","70","76"
"2006","Lower Saxony","indirect migration background","71.87","71.96","46","55","61","84","90","95","67.64","76.1","40","100","65","79"
"2006","Lower Saxony","no migration background","77.58","76","1704","58","65","86","98","125","76.79","78.37","40","190","75","76"
"2006","Mecklenburg-Western Pomerania","direct migration background","","","","","","","","","","","","","",""
"2006","Mecklenburg-Western Pomerania","indirect migration background","","","","","","","","","","","","","",""
"2006","Mecklenburg-Western Pomerania","no migration background","76.47","77","528","58","64","87","96","120","75.12","77.82","37","175","74","79"
"2006","North Rhine-Westphalia","direct migration background","76.17","75","653","60","67","84","95","110","75.04","77.3","42","155","73","76"
"2006","North Rhine-Westphalia","indirect migration background","74.5","73.5","230","54","62","86","90","175","72.05","76.95","37","200","68","73"
"2006","North Rhine-Westphalia","no migration background","76.6","75","3616","58","65","85","98","125","76.07","77.13","34","200","75","75"
"2006","Rhineland-Palatinate,Saarland","direct migration background","73.94","75","180","56","64","84","90","100","71.94","75.94","42","105","70","76"
"2006","Rhineland-Palatinate,Saarland","indirect migration background","72.92","72.49","49","58","60","85","90","112","68.73","77.11","39","112","64","78"
"2006","Rhineland-Palatinate,Saarland","no migration background","77.1","75","1052","57","66","86","98","120","76.15","78.05","38","155","75","77"
"2006","Saxony","direct migration background","72.01","74.59","30","52","59","80","85","115","66.78","77.24","50","115","69","80"
"2006","Saxony","indirect migration background","","","","","","","","","","","","","",""
"2006","Saxony","no migration background","75.86","75","1541","59","65","85","95","117","75.1","76.62","37","200","73","75"
"2006","Saxony-Anhalt","direct migration background","","","","","","","","","","","","","",""
"2006","Saxony-Anhalt","indirect migration background","","","","","","","","","","","","","",""
"2006","Saxony-Anhalt","no migration background","76.11","75","878","58","65","85","97","120","75.08","77.14","44","170","75","77"
"2006","Schleswig-Holstein","direct migration background","75.25","74","56","52","65","87","95","125","70.75","79.75","38","125","69","79"
"2006","Schleswig-Holstein","indirect migration background","","","","","","","","","","","","","",""
"2006","Schleswig-Holstein","no migration background","77.16","75","597","59","65","85","100","125","75.82","78.5","44","140","74","76"
"2006","Thuringia","direct migration background","","","","","","","","","","","","","",""
"2006","Thuringia","indirect migration background","","","","","","","","","","","","","",""
"2006","Thuringia","no migration background","75.99","75","927","59","67","85","95","120","75.06","76.92","38","130","75","77"
"2007","Baden-Württemberg","direct migration background","","","","","","","","","","","","","",""
"2007","Baden-Württemberg","indirect migration background","","","","","","","","","","","","","",""
"2007","Baden-Württemberg","no migration background","","","","","","","","","","","","","",""
"2007","Bavaria","direct migration background","","","","","","","","","","","","","",""
"2007","Bavaria","indirect migration background","","","","","","","","","","","","","",""
"2007","Bavaria","no migration background","","","","","","","","","","","","","",""
"2007","Berlin","direct migration background","","","","","","","","","","","","","",""
"2007","Berlin","indirect migration background","","","","","","","","","","","","","",""
"2007","Berlin","no migration background","","","","","","","","","","","","","",""
"2007","Brandenburg","direct migration background","","","","","","","","","","","","","",""
"2007","Brandenburg","indirect migration background","","","","","","","","","","","","","",""
"2007","Brandenburg","no migration background","","","","","","","","","","","","","",""
"2007","Bremen","direct migration background","","","","","","","","","","","","","",""
"2007","Bremen","indirect migration background","","","","","","","","","","","","","",""
"2007","Bremen","no migration background","","","","","","","","","","","","","",""
"2007","Hamburg","direct migration background","","","","","","","","","","","","","",""
"2007","Hamburg","indirect migration background","","","","","","","","","","","","","",""
"2007","Hamburg","no migration background","","","","","","","","","","","","","",""
"2007","Hesse","direct migration background","","","","","","","","","","","","","",""
"2007","Hesse","indirect migration background","","","","","","","","","","","","","",""
"2007","Hesse","no migration background","","","","","","","","","","","","","",""
"2007","Lower Saxony","direct migration background","","","","","","","","","","","","","",""
"2007","Lower Saxony","indirect migration background","","","","","","","","","","","","","",""
"2007","Lower Saxony","no migration background","","","","","","","","","","","","","",""
"2007","Mecklenburg-Western Pomerania","direct migration background","","","","","","","","","","","","","",""
"2007","Mecklenburg-Western Pomerania","indirect migration background","","","","","","","","","","","","","",""
"2007","Mecklenburg-Western Pomerania","no migration background","","","","","","","","","","","","","",""
"2007","North Rhine-Westphalia","direct migration background","","","","","","","","","","","","","",""
"2007","North Rhine-Westphalia","indirect migration background","","","","","","","","","","","","","",""
"2007","North Rhine-Westphalia","no migration background","","","","","","","","","","","","","",""
"2007","Rhineland-Palatinate,Saarland","direct migration background","","","","","","","","","","","","","",""
"2007","Rhineland-Palatinate,Saarland","indirect migration background","","","","","","","","","","","","","",""
"2007","Rhineland-Palatinate,Saarland","no migration background","","","","","","","","","","","","","",""
"2007","Saxony","direct migration background","","","","","","","","","","","","","",""
"2007","Saxony","indirect migration background","","","","","","","","","","","","","",""
"2007","Saxony","no migration background","","","","","","","","","","","","","",""
"2007","Saxony-Anhalt","direct migration background","","","","","","","","","","","","","",""
"2007","Saxony-Anhalt","indirect migration background","","","","","","","","","","","","","",""
"2007","Saxony-Anhalt","no migration background","","","","","","","","","","","","","",""
"2007","Schleswig-Holstein","direct migration background","","","","","","","","","","","","","",""
"2007","Schleswig-Holstein","indirect migration background","","","","","","","","","","","","","",""
"2007","Schleswig-Holstein","no migration background","","","","","","","","","","","","","",""
"2007","Thuringia","direct migration background","","","","","","","","","","","","","",""
"2007","Thuringia","indirect migration background","","","","","","","","","","","","","",""
"2007","Thuringia","no migration background","","","","","","","","","","","","","",""
"2008","Baden-Württemberg","direct migration background","74.8","75","437","57","65","85","94","110","73.44","76.16","43","115","73","76"
"2008","Baden-Württemberg","indirect migration background","72.65","71.15","178","57","64","80","90","118","70.46","74.84","43","130","65","72"
"2008","Baden-Württemberg","no migration background","76.32","75","1746","58","65","85","97","125","75.59","77.05","41","175","73","75"
"2008","Bavaria","direct migration background","74.46","73","290","55","64","84","93","130","72.56","76.36","44","180","71","75"
"2008","Bavaria","indirect migration background","74.77","78.05","129","56","62","84","95","120","72.3","77.24","45","120","72","80"
"2008","Bavaria","no migration background","76.63","75","2322","58","65","85","95","130","75.98","77.28","42","190","75","76"
"2008","Berlin","direct migration background","73.2","75.16","49","47","55","85","95","115","67.88","78.52","46","115","65","80"
"2008","Berlin","indirect migration background","","","","","","","","","","","","","",""
"2008","Berlin","no migration background","75.79","72","643","56","63","84","98","126","74.52","77.06","40","166","70","74"
"2008","Brandenburg","direct migration background","","","","","","","","","","","","","",""
"2008","Brandenburg","indirect migration background","","","","","","","","","","","","","",""
"2008","Brandenburg","no migration background","77.55","75","798","58","65","86","98","130","76.43","78.67","42","183","75","78"
"2008","Bremen","direct migration background","","","","","","","","","","","","","",""
"2008","Bremen","indirect migration background","","","","","","","","","","","","","",""
"2008","Bremen","no migration background","77.72","75","126","60","67","85","97","110","75.23","80.21","50","115","70","76"
"2008","Hamburg","direct migration background","","","","","","","","","","","","","",""
"2008","Hamburg","indirect migration background","","","","","","","","","","","","","",""
"2008","Hamburg","no migration background","76","75","250","55","62","85","98","135","73.84","78.16","46","150","70","75"
"2008","Hesse","direct migration background","73.54","73","182","55","63","82","92","120","71.38","75.7","45","130","71","75"
"2008","Hesse","indirect migration background","72.49","70.09","67","54","60","84","95","115","68.92","76.06","49","115","65","75"
"2008","Hesse","no migration background","79.29","77","1058","59","66","90","102","125","78.29","80.29","40","140","75","78"
"2008","Lower Saxony","direct migration background","76.43","74","148","58","65","85","95","135","73.9","78.96","35","135","70","77"
"2008","Lower Saxony","indirect migration background","72.7","72","47","55","63","83","90","113","68.27","77.13","51","113","68","82"
"2008","Lower Saxony","no migration background","78.19","76","1537","58","66","87","100","130","77.35","79.03","35","185","75","78"
"2008","Mecklenburg-Western Pomerania","direct migration background","","","","","","","","","","","","","",""
"2008","Mecklenburg-Western Pomerania","indirect migration background","","","","","","","","","","","","","",""
"2008","Mecklenburg-Western Pomerania","no migration background","77.34","77.97","483","58","64","88","98","120","75.93","78.75","38","180","75","79"
"2008","North Rhine-Westphalia","direct migration background","76.7","75","508","60","67","85","95","116","75.36","78.04","44","150","73","75"
"2008","North Rhine-Westphalia","indirect migration background","74.04","75","215","52","65","83","94","107","71.92","76.16","38","158","70","76"
"2008","North Rhine-Westphalia","no migration background","77.82","75","3158","58","65","87","100","130","77.24","78.4","40","230","75","76"
"2008","Rhineland-Palatinate,Saarland","direct migration background","74.96","75","141","55","64","84","92","115","72.58","77.34","40","120","70","78"
"2008","Rhineland-Palatinate,Saarland","indirect migration background","72","73.78","46","50","59","82","98","110","67.25","76.75","40","110","61","78"
"2008","Rhineland-Palatinate,Saarland","no migration background","76.89","75","903","57","65","87","96","118","75.88","77.9","38","135","75","78"
"2008","Saxony","direct migration background","","","","","","","","","","","","","",""
"2008","Saxony","indirect migration background","","","","","","","","","","","","","",""
"2008","Saxony","no migration background","75.35","75","1397","57","65","84","95","115","74.59","76.11","36","150","73","75"
"2008","Saxony-Anhalt","direct migration background","","","","","","","","","","","","","",""
"2008","Saxony-Anhalt","indirect migration background","","","","","","","","","","","","","",""
"2008","Saxony-Anhalt","no migration background","77.9","78","797","58","67","88","98","120","76.84","78.96","42","135","75","78"
"2008","Schleswig-Holstein","direct migration background","75.12","73.69","45","56","67","81","100","120","69.91","80.33","38","120","68","78"
"2008","Schleswig-Holstein","indirect migration background","","","","","","","","","","","","","",""
"2008","Schleswig-Holstein","no migration background","77.44","75","489","57","66","85","100","130","75.86","79.02","44","178","74","78"
"2008","Thuringia","direct migration background","","","","","","","","","","","","","",""
"2008","Thuringia","indirect migration background","","","","","","","","","","","","","",""
"2008","Thuringia","no migration background","76.78","76","848","58","66","85","96","120","75.78","77.78","43","137","75","78"
"2009","Baden-Württemberg","direct migration background","","","","","","","","","","","","","",""
"2009","Baden-Württemberg","indirect migration background","","","","","","","","","","","","","",""
"2009","Baden-Württemberg","no migration background","","","","","","","","","","","","","",""
"2009","Bavaria","direct migration background","","","","","","","","","","","","","",""
"2009","Bavaria","indirect migration background","","","","","","","","","","","","","",""
"2009","Bavaria","no migration background","","","","","","","","","","","","","",""
"2009","Berlin","direct migration background","","","","","","","","","","","","","",""
"2009","Berlin","indirect migration background","","","","","","","","","","","","","",""
"2009","Berlin","no migration background","","","","","","","","","","","","","",""
"2009","Brandenburg","direct migration background","","","","","","","","","","","","","",""
"2009","Brandenburg","indirect migration background","","","","","","","","","","","","","",""
"2009","Brandenburg","no migration background","","","","","","","","","","","","","",""
"2009","Bremen","direct migration background","","","","","","","","","","","","","",""
"2009","Bremen","indirect migration background","","","","","","","","","","","","","",""
"2009","Bremen","no migration background","","","","","","","","","","","","","",""
"2009","Hamburg","direct migration background","","","","","","","","","","","","","",""
"2009","Hamburg","indirect migration background","","","","","","","","","","","","","",""
"2009","Hamburg","no migration background","","","","","","","","","","","","","",""
"2009","Hesse","direct migration background","","","","","","","","","","","","","",""
"2009","Hesse","indirect migration background","","","","","","","","","","","","","",""
"2009","Hesse","no migration background","","","","","","","","","","","","","",""
"2009","Lower Saxony","direct migration background","","","","","","","","","","","","","",""
"2009","Lower Saxony","indirect migration background","","","","","","","","","","","","","",""
"2009","Lower Saxony","no migration background","","","","","","","","","","","","","",""
"2009","Mecklenburg-Western Pomerania","direct migration background","","","","","","","","","","","","","",""
"2009","Mecklenburg-Western Pomerania","indirect migration background","","","","","","","","","","","","","",""
"2009","Mecklenburg-Western Pomerania","no migration background","","","","","","","","","","","","","",""
"2009","North Rhine-Westphalia","direct migration background","","","","","","","","","","","","","",""
"2009","North Rhine-Westphalia","indirect migration background","","","","","","","","","","","","","",""
"2009","North Rhine-Westphalia","no migration background","","","","","","","","","","","","","",""
"2009","Rhineland-Palatinate,Saarland","direct migration background","","","","","","","","","","","","","",""
"2009","Rhineland-Palatinate,Saarland","indirect migration background","","","","","","","","","","","","","",""
"2009","Rhineland-Palatinate,Saarland","no migration background","","","","","","","","","","","","","",""
"2009","Saxony","direct migration background","","","","","","","","","","","","","",""
"2009","Saxony","indirect migration background","","","","","","","","","","","","","",""
"2009","Saxony","no migration background","","","","","","","","","","","","","",""
"2009","Saxony-Anhalt","direct migration background","","","","","","","","","","","","","",""
"2009","Saxony-Anhalt","indirect migration background","","","","","","","","","","","","","",""
"2009","Saxony-Anhalt","no migration background","","","","","","","","","","","","","",""
"2009","Schleswig-Holstein","direct migration background","","","","","","","","","","","","","",""
"2009","Schleswig-Holstein","indirect migration background","","","","","","","","","","","","","",""
"2009","Schleswig-Holstein","no migration background","","","","","","","","","","","","","",""
"2009","Thuringia","direct migration background","","","","","","","","","","","","","",""
"2009","Thuringia","indirect migration background","","","","","","","","","","","","","",""
"2009","Thuringia","no migration background","","","","","","","","","","","","","",""
"2010","Baden-Württemberg","direct migration background","76.34","75","302","55","63","83","94","175","74.49","78.19","43","175","73","78"
"2010","Baden-Württemberg","indirect migration background","71.68","70","135","54","62","80","90","105","69.39","73.97","43","111","65","70"
"2010","Baden-Württemberg","no migration background","76.45","75","1515","58","65","85","96","125","75.67","77.23","43","197","74","76"
"2010","Bavaria","direct migration background","75.86","75","235","55","64","85","96","125","73.76","77.96","43","137","70","75"
"2010","Bavaria","indirect migration background","79.88","80.03","105","54","65","94","102","120","76.64","83.12","45","125","74","83"
"2010","Bavaria","no migration background","76.33","75","2068","57","65","85","96","128","75.63","77.03","36","179","75","76"
"2010","Berlin","direct migration background","71.29","75","44","53","56","80","90","112","65.92","76.66","45","112","68","81"
"2010","Berlin","indirect migration background","","","","","","","","","","","","","",""
"2010","Berlin","no migration background","76.95","73","587","58","63","86","104","140","75.59","78.31","42","150","70","75"
"2010","Brandenburg","direct migration background","","","","","","","","","","","","","",""
"2010","Brandenburg","indirect migration background","","","","","","","","","","","","","",""
"2010","Brandenburg","no migration background","78.77","78","685","60","69","90","100","120","77.58","79.96","44","160","76","80"
"2010","Bremen","direct migration background","","","","","","","","","","","","","",""
"2010","Bremen","indirect migration background","","","","","","","","","","","","","",""
"2010","Bremen","no migration background","79.22","77.89","102","60","67","88","100.27","123","76.36","82.08","45","123","70","77"
"2010","Hamburg","direct migration background","","","","","","","","","","","","","",""
"2010","Hamburg","indirect migration background","","","","","","","","","","","","","",""
"2010","Hamburg","no migration background","76.12","74","241","58","62","87","103","120","74.02","78.22","48","150","71","76"
"2010","Hesse","direct migration background","73.62","74","138","57","64","80","92","110","71.03","76.21","40","132","71","75"
"2010","Hesse","indirect migration background","76.93","79.3","48","58","63","88","93","117","72.09","81.77","45","117","63","80"
"2010","Hesse","no migration background","79.97","78","927","60","68","90","105","134","78.89","81.05","40","140","75","78"
"2010","Lower Saxony","direct migration background","77.7","74","110","59","65","90","97","125","74.95","80.45","35","125","70","78"
"2010","Lower Saxony","indirect migration background","78.91","85","42","64","65","85","90","120","73.54","84.28","48","120","66","85"
"2010","Lower Saxony","no migration background","78.39","76","1350","58","66","87","100","130","77.47","79.31","40","175","75","78"
"2010","Mecklenburg-Western Pomerania","direct migration background","","","","","","","","","","","","","",""
"2010","Mecklenburg-Western Pomerania","indirect migration background","","","","","","","","","","","","","",""
"2010","Mecklenburg-Western Pomerania","no migration background","77.7","78","420","59","64","90","100","120","76.22","79.18","37","150","75","79"
"2010","North Rhine-Westphalia","direct migration background","76.19","75","405","59","66","85","93","120","74.62","77.76","45","160","74","77"
"2010","North Rhine-Westphalia","indirect migration background","73.26","70","191","53","62","82","95","120","71.08","75.44","46","120","70","75"
"2010","North Rhine-Westphalia","no migration background","78.49","75","2760","58","65","88","100","134","77.85","79.13","38","217","75","76"
"2010","Rhineland-Palatinate,Saarland","direct migration background","75.31","78","117","55","63","85","91","110","72.48","78.14","40","130","70","78"
"2010","Rhineland-Palatinate,Saarland","indirect migration background","76.69","80","56","50","59","96","104","105","72.11","81.27","39","110","65","80"
"2010","Rhineland-Palatinate,Saarland","no migration background","78.31","76","771","59","66","90","100","126","77.17","79.45","42","135","75","79"
"2010","Saxony","direct migration background","","","","","","","","","","","","","",""
"2010","Saxony","indirect migration background","","","","","","","","","","","","","",""
"2010","Saxony","no migration background","76.61","75","1207","58","65","85","98","114","75.77","77.45","37","150","74","76"
"2010","Saxony-Anhalt","direct migration background","","","","","","","","","","","","","",""
"2010","Saxony-Anhalt","indirect migration background","","","","","","","","","","","","","",""
"2010","Saxony-Anhalt","no migration background","78.89","78","697","59","68","88","100","122","77.76","80.02","44","140","76","80"
"2010","Schleswig-Holstein","direct migration background","72.23","68","39","54","60","79","90","120","67.24","77.22","40","120","67","79"
"2010","Schleswig-Holstein","indirect migration background","","","","","","","","","","","","","",""
"2010","Schleswig-Holstein","no migration background","80.5","77.53","392","56","66","89","105","250","78.5","82.5","44","250","75","80"
"2010","Thuringia","direct migration background","","","","","","","","","","","","","",""
"2010","Thuringia","indirect migration background","","","","","","","","","","","","","",""
"2010","Thuringia","no migration background","77.45","75","735","60","66","87","100","130","76.31","78.59","45","137","75","78"
"2011","Baden-Württemberg","direct migration background","","","","","","","","","","","","","",""
"2011","Baden-Württemberg","indirect migration background","","","","","","","","","","","","","",""
"2011","Baden-Württemberg","no migration background","","","","","","","","","","","","","",""
"2011","Bavaria","direct migration background","","","","","","","","","","","","","",""
"2011","Bavaria","indirect migration background","","","","","","","","","","","","","",""
"2011","Bavaria","no migration background","","","","","","","","","","","","","",""
"2011","Berlin","direct migration background","","","","","","","","","","","","","",""
"2011","Berlin","indirect migration background","","","","","","","","","","","","","",""
"2011","Berlin","no migration background","","","","","","","","","","","","","",""
"2011","Brandenburg","direct migration background","","","","","","","","","","","","","",""
"2011","Brandenburg","indirect migration background","","","","","","","","","","","","","",""
"2011","Brandenburg","no migration background","","","","","","","","","","","","","",""
"2011","Bremen","direct migration background","","","","","","","","","","","","","",""
"2011","Bremen","indirect migration background","","","","","","","","","","","","","",""
"2011","Bremen","no migration background","","","","","","","","","","","","","",""
"2011","Hamburg","direct migration background","","","","","","","","","","","","","",""
"2011","Hamburg","indirect migration background","","","","","","","","","","","","","",""
"2011","Hamburg","no migration background","","","","","","","","","","","","","",""
"2011","Hesse","direct migration background","","","","","","","","","","","","","",""
"2011","Hesse","indirect migration background","","","","","","","","","","","","","",""
"2011","Hesse","no migration background","","","","","","","","","","","","","",""
"2011","Lower Saxony","direct migration background","","","","","","","","","","","","","",""
"2011","Lower Saxony","indirect migration background","","","","","","","","","","","","","",""
"2011","Lower Saxony","no migration background","","","","","","","","","","","","","",""
"2011","Mecklenburg-Western Pomerania","direct migration background","","","","","","","","","","","","","",""
"2011","Mecklenburg-Western Pomerania","indirect migration background","","","","","","","","","","","","","",""
"2011","Mecklenburg-Western Pomerania","no migration background","","","","","","","","","","","","","",""
"2011","North Rhine-Westphalia","direct migration background","","","","","","","","","","","","","",""
"2011","North Rhine-Westphalia","indirect migration background","","","","","","","","","","","","","",""
"2011","North Rhine-Westphalia","no migration background","","","","","","","","","","","","","",""
"2011","Rhineland-Palatinate,Saarland","direct migration background","","","","","","","","","","","","","",""
"2011","Rhineland-Palatinate,Saarland","indirect migration background","","","","","","","","","","","","","",""
"2011","Rhineland-Palatinate,Saarland","no migration background","","","","","","","","","","","","","",""
"2011","Saxony","direct migration background","","","","","","","","","","","","","",""
"2011","Saxony","indirect migration background","","","","","","","","","","","","","",""
"2011","Saxony","no migration background","","","","","","","","","","","","","",""
"2011","Saxony-Anhalt","direct migration background","","","","","","","","","","","","","",""
"2011","Saxony-Anhalt","indirect migration background","","","","","","","","","","","","","",""
"2011","Saxony-Anhalt","no migration background","","","","","","","","","","","","","",""
"2011","Schleswig-Holstein","direct migration background","","","","","","","","","","","","","",""
"2011","Schleswig-Holstein","indirect migration background","","","","","","","","","","","","","",""
"2011","Schleswig-Holstein","no migration background","","","","","","","","","","","","","",""
"2011","Thuringia","direct migration background","","","","","","","","","","","","","",""
"2011","Thuringia","indirect migration background","","","","","","","","","","","","","",""
"2011","Thuringia","no migration background","","","","","","","","","","","","","",""
"2012","Baden-Württemberg","direct migration background","73.41","72","344","53","65","83","91","111","71.91","74.91","45","115","72","77"
"2012","Baden-Württemberg","indirect migration background","74.79","73.28","150","55","61","85","94","115","72.28","77.3","45","127","69","75"
"2012","Baden-Württemberg","no migration background","76.25","75","1875","58","65","85","95","120","75.55","76.95","42","161","74","76"
"2012","Bavaria","direct migration background","77.74","76","333","54","65","91","100","130","75.89","79.59","41","156","72","77"
"2012","Bavaria","indirect migration background","75.05","75","151","52","60","90","100","113","72.2","77.9","40","135","70","79"
"2012","Bavaria","no migration background","76.42","75","2663","57","65","85","97","130","75.81","77.03","40","150","75","76"
"2012","Berlin","direct migration background","74.25","70","51","54","63","91","96","108","69.55","78.95","44","108","67","79"
"2012","Berlin","indirect migration background","","","","","","","","","","","","","",""
"2012","Berlin","no migration background","76.94","75","733","56","63","86","103","130","75.75","78.13","34","150","72","75"
"2012","Brandenburg","direct migration background","","","","","","","","","","","","","",""
"2012","Brandenburg","indirect migration background","","","","","","","","","","","","","",""
"2012","Brandenburg","no migration background","79.37","80","830","59","69","90","97","125","78.27","80.47","40","169","77","80"
"2012","Bremen","direct migration background","","","","","","","","","","","","","",""
"2012","Bremen","indirect migration background","","","","","","","","","","","","","",""
"2012","Bremen","no migration background","75.94","75","109","58","65","85","100","105","73.29","78.59","50","105","70","76"
"2012","Hamburg","direct migration background","","","","","","","","","","","","","",""
"2012","Hamburg","indirect migration background","","","","","","","","","","","","","",""
"2012","Hamburg","no migration background","75.58","75","284","57","64","86","100","120","73.73","77.43","45","131","71","76"
"2012","Hesse","direct migration background","75.31","75","181","54","61","83","100","115","72.9","77.72","40","128","73","78"
"2012","Hesse","indirect migration background","74.09","72","69","53","65","85","90","115","70.64","77.54","48","115","68","80"
"2012","Hesse","no migration background","78.68","77","1143","59","65","90","100","125","77.72","79.64","45","140","76","79"
"2012","Lower Saxony","direct migration background","76.97","78","163","58","65","87","95","105","74.75","79.19","35","130","72","80"
"2012","Lower Saxony","indirect migration background","81.83","80","47","59","69","95","100","120","76.83","86.83","50","120","70","83"
"2012","Lower Saxony","no migration background","78.87","77","1640","60","67","89","100","130","78.04","79.7","39","169","76","79"
"2012","Mecklenburg-Western Pomerania","direct migration background","","","","","","","","","","","","","",""
"2012","Mecklenburg-Western Pomerania","indirect migration background","","","","","","","","","","","","","",""
"2012","Mecklenburg-Western Pomerania","no migration background","79.92","78","483","58","65","90","105","135","78.34","81.5","43","170","75","80"
"2012","North Rhine-Westphalia","direct migration background","75.46","74","534","58","65","85","94","130","74.15","76.77","39","150","72","75"
"2012","North Rhine-Westphalia","indirect migration background","73.79","74","203","52","60","85","95","118","71.53","76.05","30","130","70","76"
"2012","North Rhine-Westphalia","no migration background","78.84","76","3257","58","67","89","100","133","78.24","79.44","30","199","75","77"
"2012","Rhineland-Palatinate,Saarland","direct migration background","75.12","75","137","58","64","86","90","115","72.61","77.63","40","118","72","79"
"2012","Rhineland-Palatinate,Saarland","indirect migration background","78.95","75.31","69","54","65","90","105","142","74.22","83.68","40","142","65","80"
"2012","Rhineland-Palatinate,Saarland","no migration background","79.09","77","982","58","65","90","101","130","78.04","80.14","42","150","76","80"
"2012","Saxony","direct migration background","","","","","","","","","","","","","",""
"2012","Saxony","indirect migration background","","","","","","","","","","","","","",""
"2012","Saxony","no migration background","77.76","75","1392","59","66","87","100","125","76.91","78.61","37","165","74","76"
"2012","Saxony-Anhalt","direct migration background","","","","","","","","","","","","","",""
"2012","Saxony-Anhalt","indirect migration background","","","","","","","","","","","","","",""
"2012","Saxony-Anhalt","no migration background","79.18","78","801","60","68","90","100","125","78.1","80.26","44","139","76","80"
"2012","Schleswig-Holstein","direct migration background","72.72","72","56","54","67","79","92","115","68.48","76.96","40","130","69","76"
"2012","Schleswig-Holstein","indirect migration background","","","","","","","","","","","","","",""
"2012","Schleswig-Holstein","no migration background","78.73","77.47","570","58","65","88","105","120","77.23","80.23","44","210","75","78"
"2012","Thuringia","direct migration background","","","","","","","","","","","","","",""
"2012","Thuringia","indirect migration background","","","","","","","","","","","","","",""
"2012","Thuringia","no migration background","78.08","76","840","60","66","88","100","125","76.94","79.22","38","225","76","78"
"2013","Baden-Württemberg","direct migration background","","","","","","","","","","","","","",""
"2013","Baden-Württemberg","indirect migration background","","","","","","","","","","","","","",""
"2013","Baden-Württemberg","no migration background","","","","","","","","","","","","","",""
"2013","Bavaria","direct migration background","","","","","","","","","","","","","",""
"2013","Bavaria","indirect migration background","","","","","","","","","","","","","",""
"2013","Bavaria","no migration background","","","","","","","","","","","","","",""
"2013","Berlin","direct migration background","","","","","","","","","","","","","",""
"2013","Berlin","indirect migration background","","","","","","","","","","","","","",""
"2013","Berlin","no migration background","","","","","","","","","","","","","",""
"2013","Brandenburg","direct migration background","","","","","","","","","","","","","",""
"2013","Brandenburg","indirect migration background","","","","","","","","","","","","","",""
"2013","Brandenburg","no migration background","","","","","","","","","","","","","",""
"2013","Bremen","direct migration background","","","","","","","","","","","","","",""
"2013","Bremen","indirect migration background","","","","","","","","","","","","","",""
"2013","Bremen","no migration background","","","","","","","","","","","","","",""
"2013","Hamburg","direct migration background","","","","","","","","","","","","","",""
"2013","Hamburg","indirect migration background","","","","","","","","","","","","","",""
"2013","Hamburg","no migration background","","","","","","","","","","","","","",""
"2013","Hesse","direct migration background","","","","","","","","","","","","","",""
"2013","Hesse","indirect migration background","","","","","","","","","","","","","",""
"2013","Hesse","no migration background","","","","","","","","","","","","","",""
"2013","Lower Saxony","direct migration background","","","","","","","","","","","","","",""
"2013","Lower Saxony","indirect migration background","","","","","","","","","","","","","",""
"2013","Lower Saxony","no migration background","","","","","","","","","","","","","",""
"2013","Mecklenburg-Western Pomerania","direct migration background","","","","","","","","","","","","","",""
"2013","Mecklenburg-Western Pomerania","indirect migration background","","","","","","","","","","","","","",""
"2013","Mecklenburg-Western Pomerania","no migration background","","","","","","","","","","","","","",""
"2013","North Rhine-Westphalia","direct migration background","","","","","","","","","","","","","",""
"2013","North Rhine-Westphalia","indirect migration background","","","","","","","","","","","","","",""
"2013","North Rhine-Westphalia","no migration background","","","","","","","","","","","","","",""
"2013","Rhineland-Palatinate,Saarland","direct migration background","","","","","","","","","","","","","",""
"2013","Rhineland-Palatinate,Saarland","indirect migration background","","","","","","","","","","","","","",""
"2013","Rhineland-Palatinate,Saarland","no migration background","","","","","","","","","","","","","",""
"2013","Saxony","direct migration background","","","","","","","","","","","","","",""
"2013","Saxony","indirect migration background","","","","","","","","","","","","","",""
"2013","Saxony","no migration background","","","","","","","","","","","","","",""
"2013","Saxony-Anhalt","direct migration background","","","","","","","","","","","","","",""
"2013","Saxony-Anhalt","indirect migration background","","","","","","","","","","","","","",""
"2013","Saxony-Anhalt","no migration background","","","","","","","","","","","","","",""
"2013","Schleswig-Holstein","direct migration background","","","","","","","","","","","","","",""
"2013","Schleswig-Holstein","indirect migration background","","","","","","","","","","","","","",""
"2013","Schleswig-Holstein","no migration background","","","","","","","","","","","","","",""
"2013","Thuringia","direct migration background","","","","","","","","","","","","","",""
"2013","Thuringia","indirect migration background","","","","","","","","","","","","","",""
"2013","Thuringia","no migration background","","","","","","","","","","","","","",""
"2014","Baden-Württemberg","direct migration background","73.88","74","736","54","64","83","91","115","72.74","75.02","40","150","73","76"
"2014","Baden-Württemberg","indirect migration background","76.21","74","311","55","63","88","98","120","74.23","78.19","42","180","72","77"
"2014","Baden-Württemberg","no migration background","76.55","75","2157","58","65","85","96","125","75.88","77.22","39","165","75","76"
"2014","Bavaria","direct migration background","76.92","75","888","56","64","88","100","130","75.81","78.03","42","170","73","75"
"2014","Bavaria","indirect migration background","75.8","75","291","55","62","89","95","120","73.74","77.86","40","140","71","75"
"2014","Bavaria","no migration background","76.89","75","3198","58","65","86","98","127","76.32","77.46","40","152","75","76"
"2014","Berlin","direct migration background","70.55","67.81","134","50","60","81","95","105","67.64","73.46","40","123","65","74"
"2014","Berlin","indirect migration background","75.93","72.52","63","59","63","88","100","120","71.92","79.94","45","120","66","78"
"2014","Berlin","no migration background","77.43","75","795","57","65","87","100","140","76.22","78.64","42","180","73","75"
"2014","Brandenburg","direct migration background","79.96","80","102","52","70","91","100","110","76.55","83.37","43","140","76","85"
"2014","Brandenburg","indirect migration background","","","","","","","","","","","","","",""
"2014","Brandenburg","no migration background","79.41","80","902","60","68","89","100","120","78.34","80.48","42","162","78","80"
"2014","Bremen","direct migration background","74.97","73.28","64","55","61","88","96","100","71.52","78.42","45","100","69","79"
"2014","Bremen","indirect migration background","","","","","","","","","","","","","",""
"2014","Bremen","no migration background","77.46","75","135","55","64","89","104","130","74.6","80.32","48","160","70","76"
"2014","Hamburg","direct migration background","77.13","77.56","111","57","66","87","95","110","74.04","80.22","45","135","70","80"
"2014","Hamburg","indirect migration background","70.36","67.81","34","56","62","75","95","97","64.43","76.29","47","130","65","75"
"2014","Hamburg","no migration background","75.79","75","294","57","64","85","96","115","74.04","77.54","46","130","70","76"
"2014","Hesse","direct migration background","79.63","76.55","457","58","65","92","107","120","78.08","81.18","38","140","73","76"
"2014","Hesse","indirect migration background","75.41","73","161","60","65","85","91","110","72.96","77.86","42","150","70","77"
"2014","Hesse","no migration background","78.94","76","1243","58","66","90","102","130","77.99","79.89","39","157","75","78"
"2014","Lower Saxony","direct migration background","76.89","76","480","58","65","88","100","110","75.44","78.34","35","160","71","75"
"2014","Lower Saxony","indirect migration background","80.81","80.09","116","57","65","95","100","120","77.68","83.94","48","120","70","82"
"2014","Lower Saxony","no migration background","79.47","78","1966","60","67","90","100","135","78.67","80.27","39","185","78","80"
"2014","Mecklenburg-Western Pomerania","direct migration background","","","","","","","","","","","","","",""
"2014","Mecklenburg-Western Pomerania","indirect migration background","","","","","","","","","","","","","",""
"2014","Mecklenburg-Western Pomerania","no migration background","80.41","78","518","59","65","92","105","148","78.9","81.92","35","153","75","80"
"2014","North Rhine-Westphalia","direct migration background","74.32","74","1351","56","63","85","93","111","73.47","75.17","41","170","73","75"
"2014","North Rhine-Westphalia","indirect migration background","74.24","72","517","52","60","85","98","120","72.74","75.74","30","160","72","75"
"2014","North Rhine-Westphalia","no migration background","79.76","77","3709","59","67","90","104","135","79.18","80.34","30","195","75","78"
"2014","Rhineland-Palatinate,Saarland","direct migration background","76.79","76","374","58","65","85","96","110","75.21","78.37","40","120","73","78"
"2014","Rhineland-Palatinate,Saarland","indirect migration background","75.69","75","115","55","63","87","96","135","72.51","78.87","40","135","69","77"
"2014","Rhineland-Palatinate,Saarland","no migration background","78.36","76","1079","57","65","90","101","127","77.3","79.42","35","160","75","79"
"2014","Saxony","direct migration background","74.35","78.11","75","48","61","85","90","115","70.42","78.28","47","115","68","80"
"2014","Saxony","indirect migration background","","","","","","","","","","","","","",""
"2014","Saxony","no migration background","78.17","76","1518","58","66","87","100","130","77.34","79","36","150","75","77"
"2014","Saxony-Anhalt","direct migration background","75.14","74.31","66","51","63","92","98","110","71.05","79.23","45","120","70","80"
"2014","Saxony-Anhalt","indirect migration background","","","","","","","","","","","","","",""
"2014","Saxony-Anhalt","no migration background","78.05","76","870","58","67","88","100","130","77","79.1","44","150","75","78"
"2014","Schleswig-Holstein","direct migration background","71.98","70","176","52","60","80","92","115","69.45","74.51","42","150","70","76"
"2014","Schleswig-Holstein","indirect migration background","77.14","72.45","52","58","67","92","99","116","72.22","82.06","50","135","70","80"
"2014","Schleswig-Holstein","no migration background","78.75","77.35","689","56","65","89","105","127","77.28","80.22","44","225","76","78"
"2014","Thuringia","direct migration background","68.01","61.9","46","51","58","78","87","116","63.28","72.74","46","116","62","78"
"2014","Thuringia","indirect migration background","","","","","","","","","","","","","",""
"2014","Thuringia","no migration background","78.36","77","931","60","66","87","100","126","77.3","79.42","40","170","75","78"
"2015","Baden-Württemberg","direct migration background","","","","","","","","","","","","","",""
"2015","Baden-Württemberg","indirect migration background","","","","","","","","","","","","","",""
"2015","Baden-Württemberg","no migration background","","","","","","","","","","","","","",""
"2015","Bavaria","direct migration background","","","","","","","","","","","","","",""
"2015","Bavaria","indirect migration background","","","","","","","","","","","","","",""
"2015","Bavaria","no migration background","","","","","","","","","","","","","",""
"2015","Berlin","direct migration background","","","","","","","","","","","","","",""
"2015","Berlin","indirect migration background","","","","","","","","","","","","","",""
"2015","Berlin","no migration background","","","","","","","","","","","","","",""
"2015","Brandenburg","direct migration background","","","","","","","","","","","","","",""
"2015","Brandenburg","indirect migration background","","","","","","","","","","","","","",""
"2015","Brandenburg","no migration background","","","","","","","","","","","","","",""
"2015","Bremen","direct migration background","","","","","","","","","","","","","",""
"2015","Bremen","indirect migration background","","","","","","","","","","","","","",""
"2015","Bremen","no migration background","","","","","","","","","","","","","",""
"2015","Hamburg","direct migration background","","","","","","","","","","","","","",""
"2015","Hamburg","indirect migration background","","","","","","","","","","","","","",""
"2015","Hamburg","no migration background","","","","","","","","","","","","","",""
"2015","Hesse","direct migration background","","","","","","","","","","","","","",""
"2015","Hesse","indirect migration background","","","","","","","","","","","","","",""
"2015","Hesse","no migration background","","","","","","","","","","","","","",""
"2015","Lower Saxony","direct migration background","","","","","","","","","","","","","",""
"2015","Lower Saxony","indirect migration background","","","","","","","","","","","","","",""
"2015","Lower Saxony","no migration background","","","","","","","","","","","","","",""
"2015","Mecklenburg-Western Pomerania","direct migration background","","","","","","","","","","","","","",""
"2015","Mecklenburg-Western Pomerania","indirect migration background","","","","","","","","","","","","","",""
"2015","Mecklenburg-Western Pomerania","no migration background","","","","","","","","","","","","","",""
"2015","North Rhine-Westphalia","direct migration background","","","","","","","","","","","","","",""
"2015","North Rhine-Westphalia","indirect migration background","","","","","","","","","","","","","",""
"2015","North Rhine-Westphalia","no migration background","","","","","","","","","","","","","",""
"2015","Rhineland-Palatinate,Saarland","direct migration background","","","","","","","","","","","","","",""
"2015","Rhineland-Palatinate,Saarland","indirect migration background","","","","","","","","","","","","","",""
"2015","Rhineland-Palatinate,Saarland","no migration background","","","","","","","","","","","","","",""
"2015","Saxony","direct migration background","","","","","","","","","","","","","",""
"2015","Saxony","indirect migration background","","","","","","","","","","","","","",""
"2015","Saxony","no migration background","","","","","","","","","","","","","",""
"2015","Saxony-Anhalt","direct migration background","","","","","","","","","","","","","",""
"2015","Saxony-Anhalt","indirect migration background","","","","","","","","","","","","","",""
"2015","Saxony-Anhalt","no migration background","","","","","","","","","","","","","",""
"2015","Schleswig-Holstein","direct migration background","","","","","","","","","","","","","",""
"2015","Schleswig-Holstein","indirect migration background","","","","","","","","","","","","","",""
"2015","Schleswig-Holstein","no migration background","","","","","","","","","","","","","",""
"2015","Thuringia","direct migration background","","","","","","","","","","","","","",""
"2015","Thuringia","indirect migration background","","","","","","","","","","","","","",""
"2015","Thuringia","no migration background","","","","","","","","","","","","","",""
"2016","Baden-Württemberg","direct migration background","76.43","75","666","57","65","85","96","118","75.16","77.7","40","150","74","77"
"2016","Baden-Württemberg","indirect migration background","76.56","72","259","56","62","90","105","130","74.17","78.95","43","190","70","75"
"2016","Baden-Württemberg","no migration background","77.7","76","1886","58","65","86","98","130","76.95","78.45","42","173","74","76"
"2016","Bavaria","direct migration background","76.8","75","822","56","64","85","100","125","75.65","77.95","42","180","72","75"
"2016","Bavaria","indirect migration background","77.98","75","253","58","65","90","100","125","75.73","80.23","45","148","70","75"
"2016","Bavaria","no migration background","77.67","77","2767","58","66","88","98","123","77.04","78.3","39","190","75","77"
"2016","Berlin","direct migration background","70.71","69","151","52","60","80","95","110","67.95","73.47","42","130","67","74"
"2016","Berlin","indirect migration background","71.84","68.28","52","42","63","87","92","110","67.27","76.41","42","110","66","80"
"2016","Berlin","no migration background","77.9","75","702","56","64","89","103","140","76.59","79.21","42","175","73","75"
"2016","Brandenburg","direct migration background","79.34","78.73","101","50","67","91","100","140","75.77","82.91","46","140","75","82"
"2016","Brandenburg","indirect migration background","","","","","","","","","","","","","",""
"2016","Brandenburg","no migration background","79.86","80","824","61","70","90","100","120","78.72","81","40","150","77","80"
"2016","Bremen","direct migration background","75.55","76.96","58","57","62","90","90","100","71.93","79.17","40","100","70","80"
"2016","Bremen","indirect migration background","","","","","","","","","","","","","",""
"2016","Bremen","no migration background","79.55","75","108","60","65","90","105","150","75.93","83.17","47","150","72","78"
"2016","Hamburg","direct migration background","76.04","74.13","104","57","65","88","92","128","72.87","79.21","48","140","69","80"
"2016","Hamburg","indirect migration background","70.36","67","33","59","60","78","86","99","63.62","77.1","45","130","65","80"
"2016","Hamburg","no migration background","77.54","76","278","60","65","87","95","130","75.71","79.37","46","140","73","77"
"2016","Hesse","direct migration background","79.86","78","391","58","68","90","102","120","78.19","81.53","42","135","73","77"
"2016","Hesse","indirect migration background","74.5","73","120","58","62","82","95","118","71.44","77.56","50","134","70","76"
"2016","Hesse","no migration background","79.16","76","1079","58","65","90","104","130","78.08","80.24","39","160","75","79"
"2016","Lower Saxony","direct migration background","77.03","76","477","56","65","87","100","111","75.58","78.48","36","140","72","75"
"2016","Lower Saxony","indirect migration background","77.53","77.82","99","55","60","89","108","120","73.87","81.19","46","120","68","80"
"2016","Lower Saxony","no migration background","80.91","80","1745","60","68","90","104","140","80.04","81.78","38","230","78","80"
"2016","Mecklenburg-Western Pomerania","direct migration background","","","","","","","","","","","","","",""
"2016","Mecklenburg-Western Pomerania","indirect migration background","","","","","","","","","","","","","",""
"2016","Mecklenburg-Western Pomerania","no migration background","80.95","78.99","476","58","64","91","107","155","79.3","82.6","45","155","75","80"
"2016","North Rhine-Westphalia","direct migration background","74.88","74","1255","57","63","85","94","115","73.96","75.8","39","176","72","75"
"2016","North Rhine-Westphalia","indirect migration background","76","74","440","55","63","88","98","122","74.33","77.67","40","160","72","75"
"2016","North Rhine-Westphalia","no migration background","80.05","77","3266","60","67","90","105","140","79.41","80.69","30","215","76","78"
"2016","Rhineland-Palatinate,Saarland","direct migration background","78.13","78.69","385","60","69","85","99","110","76.56","79.7","43","125","75","78"
"2016","Rhineland-Palatinate,Saarland","indirect migration background","79.37","76","112","63","70","90","95","140","76.2","82.54","45","140","71","79"
"2016","Rhineland-Palatinate,Saarland","no migration background","78.72","76","974","56","65","90","104","130","77.58","79.86","40","165","76","80"
"2016","Saxony","direct migration background","77.66","80.26","62","57","60","89","97","121","72.76","82.56","48","140","67","82"
"2016","Saxony","indirect migration background","","","","","","","","","","","","","",""
"2016","Saxony","no migration background","78.1","77","1362","58","67","86","100","130","77.2","79","37","160","75","78"
"2016","Saxony-Anhalt","direct migration background","74.75","69.9","46","51","62","86","100","107","69.75","79.75","45","110","69","82"
"2016","Saxony-Anhalt","indirect migration background","","","","","","","","","","","","","",""
"2016","Saxony-Anhalt","no migration background","78.36","78","761","58","68","88","100","125","77.21","79.51","43","170","75","80"
"2016","Schleswig-Holstein","direct migration background","71.01","67.47","140","50","57","82","95","120","67.95","74.07","42","150","70","78"
"2016","Schleswig-Holstein","indirect migration background","77.09","75.9","41","53","63","90","105","111","71.78","82.4","49","115","68","85"
"2016","Schleswig-Holstein","no migration background","79.55","78","618","57","65","90","107","125","78.02","81.08","45","166","76","80"
"2016","Thuringia","direct migration background","70.24","72.27","68","48","56","78","93","109","66.62","73.86","45","110","65","76"
"2016","Thuringia","indirect migration background","","","","","","","","","","","","","",""
"2016","Thuringia","no migration background","77.77","75","816","60","65","86","101","130","76.6","78.94","39","184","75","78"
"2017","Baden-Württemberg","direct migration background","","","","","","","","","","","","","",""
"2017","Baden-Württemberg","indirect migration background","","","","","","","","","","","","","",""
"2017","Baden-Württemberg","no migration background","","","","","","","","","","","","","",""
"2017","Bavaria","direct migration background","","","","","","","","","","","","","",""
"2017","Bavaria","indirect migration background","","","","","","","","","","","","","",""
"2017","Bavaria","no migration background","","","","","","","","","","","","","",""
"2017","Berlin","direct migration background","","","","","","","","","","","","","",""
"2017","Berlin","indirect migration background","","","","","","","","","","","","","",""
"2017","Berlin","no migration background","","","","","","","","","","","","","",""
"2017","Brandenburg","direct migration background","","","","","","","","","","","","","",""
"2017","Brandenburg","indirect migration background","","","","","","","","","","","","","",""
"2017","Brandenburg","no migration background","","","","","","","","","","","","","",""
"2017","Bremen","direct migration background","","","","","","","","","","","","","",""
"2017","Bremen","indirect migration background","","","","","","","","","","","","","",""
"2017","Bremen","no migration background","","","","","","","","","","","","","",""
"2017","Hamburg","direct migration background","","","","","","","","","","","","","",""
"2017","Hamburg","indirect migration background","","","","","","","","","","","","","",""
"2017","Hamburg","no migration background","","","","","","","","","","","","","",""
"2017","Hesse","direct migration background","","","","","","","","","","","","","",""
"2017","Hesse","indirect migration background","","","","","","","","","","","","","",""
"2017","Hesse","no migration background","","","","","","","","","","","","","",""
"2017","Lower Saxony","direct migration background","","","","","","","","","","","","","",""
"2017","Lower Saxony","indirect migration background","","","","","","","","","","","","","",""
"2017","Lower Saxony","no migration background","","","","","","","","","","","","","",""
"2017","Mecklenburg-Western Pomerania","direct migration background","","","","","","","","","","","","","",""
"2017","Mecklenburg-Western Pomerania","indirect migration background","","","","","","","","","","","","","",""
"2017","Mecklenburg-Western Pomerania","no migration background","","","","","","","","","","","","","",""
"2017","North Rhine-Westphalia","direct migration background","","","","","","","","","","","","","",""
"2017","North Rhine-Westphalia","indirect migration background","","","","","","","","","","","","","",""
"2017","North Rhine-Westphalia","no migration background","","","","","","","","","","","","","",""
"2017","Rhineland-Palatinate,Saarland","direct migration background","","","","","","","","","","","","","",""
"2017","Rhineland-Palatinate,Saarland","indirect migration background","","","","","","","","","","","","","",""
"2017","Rhineland-Palatinate,Saarland","no migration background","","","","","","","","","","","","","",""
"2017","Saxony","direct migration background","","","","","","","","","","","","","",""
"2017","Saxony","indirect migration background","","","","","","","","","","","","","",""
"2017","Saxony","no migration background","","","","","","","","","","","","","",""
"2017","Saxony-Anhalt","direct migration background","","","","","","","","","","","","","",""
"2017","Saxony-Anhalt","indirect migration background","","","","","","","","","","","","","",""
"2017","Saxony-Anhalt","no migration background","","","","","","","","","","","","","",""
"2017","Schleswig-Holstein","direct migration background","","","","","","","","","","","","","",""
"2017","Schleswig-Holstein","indirect migration background","","","","","","","","","","","","","",""
"2017","Schleswig-Holstein","no migration background","","","","","","","","","","","","","",""
"2017","Thuringia","direct migration background","","","","","","","","","","","","","",""
"2017","Thuringia","indirect migration background","","","","","","","","","","","","","",""
"2017","Thuringia","no migration background","","","","","","","","","","","","","",""
"2018","Baden-Württemberg","direct migration background","75.17","75","990","58","64","85","95","115","74.22","76.12","40","141","73","75"
"2018","Baden-Württemberg","indirect migration background","74.2","70","246","54","60","85","96","130","71.98","76.42","40","142","69","75"
"2018","Baden-Württemberg","no migration background","78.03","75","1947","58","65","87","100","135","77.27","78.79","42","170","74","76"
"2018","Bavaria","direct migration background","75.55","75","1159","54","63","85","96","125","74.61","76.49","42","179","73","75"
"2018","Bavaria","indirect migration background","74.78","71","264","55","63","85","95","115","72.65","76.91","40","142","70","75"
"2018","Bavaria","no migration background","78.15","78","2954","58","66","88","100","130","77.53","78.77","41","182","75","77"
"2018","Berlin","direct migration background","71.49","70","315","53","60","82","91","110","69.83","73.15","43","121","70","75"
"2018","Berlin","indirect migration background","78.69","77","62","57","64","90","105","116","74.05","83.33","45","116","69","84"
"2018","Berlin","no migration background","77.05","74.52","775","55","65","88","100","138","75.81","78.29","43","160","73","75"
"2018","Brandenburg","direct migration background","77.68","80","202","56","65","86","95","113","75.47","79.89","40","135","75","80"
"2018","Brandenburg","indirect migration background","","","","","","","","","","","","","",""
"2018","Brandenburg","no migration background","80.03","80","909","60","68","90","100","125","78.9","81.16","35","142","78","80"
"2018","Bremen","direct migration background","72.37","70","130","55","60","82","90","110","69.84","74.9","39","125","72","78"
"2018","Bremen","indirect migration background","","","","","","","","","","","","","",""
"2018","Bremen","no migration background","79.22","75","145","58","63","90","106","132","76.15","82.29","47","150","72","80"
"2018","Hamburg","direct migration background","76.98","78","178","60","68","85","94","133","74.78","79.18","45","133","70","75"
"2018","Hamburg","indirect migration background","72.12","69.03","49","51","65","85","91","110","67.41","76.83","43","115","66","82"
"2018","Hamburg","no migration background","79.92","78","318","59","66","90","105","130","77.89","81.95","48","163","74","78"
"2018","Hesse","direct migration background","78.94","75","793","56","65","90","105","122","77.85","80.03","40","140","73","75"
"2018","Hesse","indirect migration background","76.7","72.03","138","55","60","90","102","130","73.39","80.01","46","140","70","78"
"2018","Hesse","no migration background","79.95","76","1203","58","65","91","107","135","78.9","81","41","180","75","79"
"2018","Lower Saxony","direct migration background","76.84","75","849","60","66","86","96","110","75.81","77.87","37","190","73","75"
"2018","Lower Saxony","indirect migration background","79.52","80","139","58","66","86","105","127","76.6","82.44","50","140","70","80"
"2018","Lower Saxony","no migration background","81.3","80","1921","60","69","90","105","140","80.46","82.14","35","195","79","80"
"2018","Mecklenburg-Western Pomerania","direct migration background","78.16","82.35","66","60","74","89","89","96","75.05","81.27","47","102","68","75"
"2018","Mecklenburg-Western Pomerania","indirect migration background","","","","","","","","","","","","","",""
"2018","Mecklenburg-Western Pomerania","no migration background","81.52","80","548","57","65","94","110","165","79.97","83.07","45","170","78","80"
"2018","North Rhine-Westphalia","direct migration background","74.84","74","2011","57","64","85","92","111","74.16","75.52","38","144","72","75"
"2018","North Rhine-Westphalia","indirect migration background","77.35","75","510","56","65","86","105","130","75.68","79.02","41","181","72","75"
"2018","North Rhine-Westphalia","no migration background","80.46","78","3621","59","68","90","105","140","79.85","81.07","30","190","78","79"
"2018","Rhineland-Palatinate,Saarland","direct migration background","80.13","80","556","60","68","90","105","122","78.8","81.46","45","130","75","78"
"2018","Rhineland-Palatinate,Saarland","indirect migration background","82.27","80","96","60","67","97","105","130","78.41","86.13","46","130","72","83"
"2018","Rhineland-Palatinate,Saarland","no migration background","79.51","78","1029","57","67","90","105","130","78.37","80.65","42","150","76","80"
"2018","Saxony","direct migration background","76.75","76.33","198","55","62","87","98","130","74.24","79.26","36","160","72","77"
"2018","Saxony","indirect migration background","80.28","71.19","34","50","59","90","145","145","73.42","87.14","50","145","64","88"
"2018","Saxony","no migration background","79.14","78","1518","57","67","89","101","139","78.23","80.05","36","185","75","78"
"2018","Saxony-Anhalt","direct migration background","72.82","67.94","136","54","60","84","95","115","70.09","75.55","38","120","70","77"
"2018","Saxony-Anhalt","indirect migration background","","","","","","","","","","","","","",""
"2018","Saxony-Anhalt","no migration background","80.75","80","839","60","68","90","104","130","79.55","81.95","42","188","77","80"
"2018","Schleswig-Holstein","direct migration background","77.86","73","314","57","60","82","99","190","76.05","79.67","42","190","73","76"
"2018","Schleswig-Holstein","indirect migration background","74.71","74.3","49","54","58","86","98","125","69.81","79.61","51","125","71","80"
"2018","Schleswig-Holstein","no migration background","80.51","80","724","58","67","91","105","130","79.15","81.87","45","160","78","80"
"2018","Thuringia","direct migration background","69.4","68","159","54","58","76","90","112","67.04","71.76","45","120","70","75"
"2018","Thuringia","indirect migration background","","","","","","","","","","","","","",""
"2018","Thuringia","no migration background","79.9","77","840","60","66","90","108","135","78.67","81.13","39","200","76","80"
