"pli0081","year","migback","regtyp","n","percent","lower_confidence","upper_confidence","value"
"Daily","1990","no migration background","Urban Area","346","0.0671769283488314","0.0602985786757525","0.0740552780219104","1"
"Daily","1990","no migration background","Rural Area","86","0.0594225532323355","0.047679616543617","0.071165489921054","1"
"Daily","1990","direct migration background","Urban Area","222","0.0820850423568793","0.0706717931416571","0.0934982915721015","1"
"Daily","1990","direct migration background","Rural Area","32","0.0921072715152311","0.0601221875914675","0.124092355438995","1"
"Daily","1990","indirect migration background","Urban Area","25","","","","1"
"Daily","1990","indirect migration background","Rural Area","3","","","","1"
"Min 1x per month","1990","no migration background","Rural Area","556","0.349672857289645","0.325986368548529","0.373359346030761","3"
"Min 1x per month","1990","no migration background","Urban Area","1634","0.318336186245666","0.305536401557736","0.331135970933595","3"
"Min 1x per month","1990","direct migration background","Urban Area","431","0.229908001876387","0.212412580270711","0.247403423482063","3"
"Min 1x per month","1990","direct migration background","Rural Area","62","0.261276099536594","0.212683046712486","0.309869152360702","3"
"Min 1x per month","1990","indirect migration background","Urban Area","50","0.306535319247394","0.250167145636882","0.362903492857906","3"
"Min 1x per month","1990","indirect migration background","Rural Area","10","","","","3"
"Min 1x per week","1990","no migration background","Rural Area","503","0.313438189833759","0.290396222260223","0.336480157407295","2"
"Min 1x per week","1990","no migration background","Urban Area","1866","0.366818478123286","0.353576152638988","0.380060803607584","2"
"Min 1x per week","1990","direct migration background","Urban Area","927","0.375620304689203","0.355484222288294","0.395756387090112","2"
"Min 1x per week","1990","direct migration background","Rural Area","111","0.317572043108725","0.266080867952053","0.369063218265398","2"
"Min 1x per week","1990","indirect migration background","Urban Area","114","0.338786053645733","0.280921142053148","0.396650965238317","2"
"Min 1x per week","1990","indirect migration background","Rural Area","14","","","","2"
"Never","1990","no migration background","Urban Area","101","0.0222979007891558","0.0182408559938894","0.0263549455844222","5"
"Never","1990","no migration background","Rural Area","29","","","","5"
"Never","1990","direct migration background","Urban Area","203","0.0796904784803566","0.0684302750012353","0.0909506819594778","5"
"Never","1990","direct migration background","Rural Area","29","","","","5"
"Never","1990","indirect migration background","Urban Area","16","","","","5"
"Never","1990","indirect migration background","Rural Area","3","","","","5"
"Rarely","1990","no migration background","Rural Area","383","0.257488143552513","0.235769429912603","0.279206857192424","4"
"Rarely","1990","direct migration background","Urban Area","439","0.232696172597174","0.215126876342671","0.250265468851677","4"
"Rarely","1990","no migration background","Urban Area","1141","0.225370506493061","0.2138897608748","0.236851252111322","4"
"Rarely","1990","indirect migration background","Urban Area","52","0.210472931727784","0.160634637852494","0.260311225603073","4"
"Rarely","1990","direct migration background","Rural Area","80","0.264112455273814","0.215350239215518","0.31287467133211","4"
"Rarely","1990","indirect migration background","Rural Area","7","","","","4"
"Daily","1991","no migration background","Urban Area","","","","","1"
"Daily","1991","no migration background","Rural Area","","","","","1"
"Daily","1991","direct migration background","Urban Area","","","","","1"
"Daily","1991","direct migration background","Rural Area","","","","","1"
"Daily","1991","indirect migration background","Urban Area","","","","","1"
"Daily","1991","indirect migration background","Rural Area","","","","","1"
"Min 1x per month","1991","no migration background","Rural Area","","","","","3"
"Min 1x per month","1991","no migration background","Urban Area","","","","","3"
"Min 1x per month","1991","direct migration background","Urban Area","","","","","3"
"Min 1x per month","1991","direct migration background","Rural Area","","","","","3"
"Min 1x per month","1991","indirect migration background","Urban Area","","","","","3"
"Min 1x per month","1991","indirect migration background","Rural Area","","","","","3"
"Min 1x per week","1991","no migration background","Urban Area","","","","","2"
"Min 1x per week","1991","no migration background","Rural Area","","","","","2"
"Min 1x per week","1991","direct migration background","Urban Area","","","","","2"
"Min 1x per week","1991","direct migration background","Rural Area","","","","","2"
"Min 1x per week","1991","indirect migration background","Urban Area","","","","","2"
"Min 1x per week","1991","indirect migration background","Rural Area","","","","","2"
"Never","1991","no migration background","Urban Area","","","","","5"
"Never","1991","no migration background","Rural Area","","","","","5"
"Never","1991","direct migration background","Urban Area","","","","","5"
"Never","1991","direct migration background","Rural Area","","","","","5"
"Never","1991","indirect migration background","Urban Area","","","","","5"
"Never","1991","indirect migration background","Rural Area","","","","","5"
"Rarely","1991","no migration background","Rural Area","","","","","4"
"Rarely","1991","no migration background","Urban Area","","","","","4"
"Rarely","1991","direct migration background","Urban Area","","","","","4"
"Rarely","1991","direct migration background","Rural Area","","","","","4"
"Rarely","1991","indirect migration background","Urban Area","","","","","4"
"Rarely","1991","indirect migration background","Rural Area","","","","","4"
"Daily","1992","no migration background","Urban Area","","","","","1"
"Daily","1992","no migration background","Rural Area","","","","","1"
"Daily","1992","direct migration background","Urban Area","","","","","1"
"Daily","1992","direct migration background","Rural Area","","","","","1"
"Daily","1992","indirect migration background","Urban Area","","","","","1"
"Daily","1992","indirect migration background","Rural Area","","","","","1"
"Min 1x per month","1992","no migration background","Rural Area","","","","","3"
"Min 1x per month","1992","no migration background","Urban Area","","","","","3"
"Min 1x per month","1992","direct migration background","Urban Area","","","","","3"
"Min 1x per month","1992","direct migration background","Rural Area","","","","","3"
"Min 1x per month","1992","indirect migration background","Urban Area","","","","","3"
"Min 1x per month","1992","indirect migration background","Rural Area","","","","","3"
"Min 1x per week","1992","no migration background","Urban Area","","","","","2"
"Min 1x per week","1992","direct migration background","Urban Area","","","","","2"
"Min 1x per week","1992","no migration background","Rural Area","","","","","2"
"Min 1x per week","1992","indirect migration background","Urban Area","","","","","2"
"Min 1x per week","1992","direct migration background","Rural Area","","","","","2"
"Min 1x per week","1992","indirect migration background","Rural Area","","","","","2"
"Never","1992","no migration background","Urban Area","","","","","5"
"Never","1992","no migration background","Rural Area","","","","","5"
"Never","1992","direct migration background","Urban Area","","","","","5"
"Never","1992","direct migration background","Rural Area","","","","","5"
"Never","1992","indirect migration background","Urban Area","","","","","5"
"Never","1992","indirect migration background","Rural Area","","","","","5"
"Rarely","1992","no migration background","Urban Area","","","","","4"
"Rarely","1992","no migration background","Rural Area","","","","","4"
"Rarely","1992","direct migration background","Urban Area","","","","","4"
"Rarely","1992","direct migration background","Rural Area","","","","","4"
"Rarely","1992","indirect migration background","Urban Area","","","","","4"
"Rarely","1992","indirect migration background","Rural Area","","","","","4"
"Daily","1993","no migration background","Urban Area","","","","","1"
"Daily","1993","no migration background","Rural Area","","","","","1"
"Daily","1993","direct migration background","Urban Area","","","","","1"
"Daily","1993","direct migration background","Rural Area","","","","","1"
"Daily","1993","indirect migration background","Urban Area","","","","","1"
"Daily","1993","indirect migration background","Rural Area","","","","","1"
"Min 1x per month","1993","no migration background","Urban Area","","","","","3"
"Min 1x per month","1993","no migration background","Rural Area","","","","","3"
"Min 1x per month","1993","direct migration background","Urban Area","","","","","3"
"Min 1x per month","1993","direct migration background","Rural Area","","","","","3"
"Min 1x per month","1993","indirect migration background","Urban Area","","","","","3"
"Min 1x per month","1993","indirect migration background","Rural Area","","","","","3"
"Min 1x per week","1993","no migration background","Urban Area","","","","","2"
"Min 1x per week","1993","no migration background","Rural Area","","","","","2"
"Min 1x per week","1993","direct migration background","Urban Area","","","","","2"
"Min 1x per week","1993","direct migration background","Rural Area","","","","","2"
"Min 1x per week","1993","indirect migration background","Urban Area","","","","","2"
"Min 1x per week","1993","indirect migration background","Rural Area","","","","","2"
"Never","1993","no migration background","Urban Area","","","","","5"
"Never","1993","no migration background","Rural Area","","","","","5"
"Never","1993","direct migration background","Urban Area","","","","","5"
"Never","1993","direct migration background","Rural Area","","","","","5"
"Never","1993","indirect migration background","Urban Area","","","","","5"
"Never","1993","indirect migration background","Rural Area","","","","","5"
"Rarely","1993","no migration background","Urban Area","","","","","4"
"Rarely","1993","no migration background","Rural Area","","","","","4"
"Rarely","1993","direct migration background","Urban Area","","","","","4"
"Rarely","1993","direct migration background","Rural Area","","","","","4"
"Rarely","1993","indirect migration background","Urban Area","","","","","4"
"Rarely","1993","indirect migration background","Rural Area","","","","","4"
"Daily","1994","no migration background","Urban Area","","","","","1"
"Daily","1994","no migration background","Rural Area","","","","","1"
"Daily","1994","direct migration background","Urban Area","","","","","1"
"Daily","1994","direct migration background","Rural Area","","","","","1"
"Daily","1994","indirect migration background","Urban Area","","","","","1"
"Daily","1994","indirect migration background","Rural Area","","","","","1"
"Min 1x per month","1994","no migration background","Rural Area","","","","","3"
"Min 1x per month","1994","no migration background","Urban Area","","","","","3"
"Min 1x per month","1994","direct migration background","Urban Area","","","","","3"
"Min 1x per month","1994","direct migration background","Rural Area","","","","","3"
"Min 1x per month","1994","indirect migration background","Rural Area","","","","","3"
"Min 1x per month","1994","indirect migration background","Urban Area","","","","","3"
"Min 1x per week","1994","no migration background","Urban Area","","","","","2"
"Min 1x per week","1994","no migration background","Rural Area","","","","","2"
"Min 1x per week","1994","direct migration background","Urban Area","","","","","2"
"Min 1x per week","1994","direct migration background","Rural Area","","","","","2"
"Min 1x per week","1994","indirect migration background","Rural Area","","","","","2"
"Min 1x per week","1994","indirect migration background","Urban Area","","","","","2"
"Never","1994","no migration background","Urban Area","","","","","5"
"Never","1994","no migration background","Rural Area","","","","","5"
"Never","1994","direct migration background","Urban Area","","","","","5"
"Never","1994","direct migration background","Rural Area","","","","","5"
"Never","1994","indirect migration background","Urban Area","","","","","5"
"Never","1994","indirect migration background","Rural Area","","","","","5"
"Rarely","1994","no migration background","Rural Area","","","","","4"
"Rarely","1994","no migration background","Urban Area","","","","","4"
"Rarely","1994","direct migration background","Rural Area","","","","","4"
"Rarely","1994","direct migration background","Urban Area","","","","","4"
"Rarely","1994","indirect migration background","Urban Area","","","","","4"
"Rarely","1994","indirect migration background","Rural Area","","","","","4"
"Daily","1995","no migration background","Urban Area","419","0.0661881992215177","0.0599339712561183","0.0724424271869172","1"
"Daily","1995","no migration background","Rural Area","290","0.0778900621248667","0.0694941080035977","0.0862860162461357","1"
"Daily","1995","direct migration background","Urban Area","275","0.111388462227621","0.0986303108774007","0.124146613577842","1"
"Daily","1995","direct migration background","Rural Area","46","0.0932659648629242","0.0667773561450331","0.119754573580815","1"
"Daily","1995","indirect migration background","Urban Area","51","0.0829987558324925","0.057132824152963","0.108864687512022","1"
"Daily","1995","indirect migration background","Rural Area","8","","","","1"
"Min 1x per month","1995","no migration background","Urban Area","1912","0.305108194249539","0.293524708292308","0.316691680206769","3"
"Min 1x per month","1995","no migration background","Rural Area","1268","0.317337973747925","0.302756494796414","0.331919452699436","3"
"Min 1x per month","1995","direct migration background","Urban Area","451","0.220710339616749","0.203892412411609","0.237528266821888","3"
"Min 1x per month","1995","direct migration background","Rural Area","107","0.252163243087013","0.212608197456449","0.291718288717577","3"
"Min 1x per month","1995","indirect migration background","Urban Area","97","0.280219670905886","0.238112441279208","0.322326900532564","3"
"Min 1x per month","1995","indirect migration background","Rural Area","13","","","","3"
"Min 1x per week","1995","no migration background","Urban Area","2351","0.381707826135001","0.369486561384944","0.393929090885059","2"
"Min 1x per week","1995","no migration background","Rural Area","1495","0.377240893935537","0.362056162810523","0.39242562506055","2"
"Min 1x per week","1995","direct migration background","Urban Area","1085","0.399022268118977","0.379164088783234","0.41888044745472","2"
"Min 1x per week","1995","direct migration background","Rural Area","210","0.417781571397856","0.372857903405922","0.462705239389791","2"
"Min 1x per week","1995","indirect migration background","Urban Area","189","0.293911105056755","0.251199581738474","0.336622628375037","2"
"Min 1x per week","1995","indirect migration background","Rural Area","35","0.521584404657375","0.407770009681543","0.635398799633207","2"
"Never","1995","no migration background","Urban Area","127","0.0257583896384916","0.0217732234501883","0.0297435558267949","5"
"Never","1995","no migration background","Rural Area","68","0.0184578620427616","0.0142410635053558","0.0226746605801674","5"
"Never","1995","direct migration background","Urban Area","153","0.0735118598646171","0.0629288229915984","0.0840948967376359","5"
"Never","1995","direct migration background","Rural Area","26","","","","5"
"Never","1995","indirect migration background","Urban Area","30","0.0973320574221288","0.0695413671549066","0.125122747689351","5"
"Never","1995","indirect migration background","Rural Area","3","","","","5"
"Rarely","1995","no migration background","Rural Area","793","0.20907320814891","0.196333630929081","0.221812785368739","4"
"Rarely","1995","no migration background","Urban Area","1261","0.221237390755451","0.210795345882986","0.231679435627916","4"
"Rarely","1995","direct migration background","Urban Area","372","0.195367070172036","0.179288913557579","0.211445226786492","4"
"Rarely","1995","direct migration background","Rural Area","74","0.190013128395894","0.154278572463392","0.225747684328395","4"
"Rarely","1995","indirect migration background","Urban Area","70","0.245538410782737","0.205184497176885","0.28589232438859","4"
"Rarely","1995","indirect migration background","Rural Area","15","","","","4"
"Daily","1996","no migration background","Urban Area","","","","","1"
"Daily","1996","no migration background","Rural Area","","","","","1"
"Daily","1996","direct migration background","Urban Area","","","","","1"
"Daily","1996","direct migration background","Rural Area","","","","","1"
"Daily","1996","indirect migration background","Urban Area","","","","","1"
"Daily","1996","indirect migration background","Rural Area","","","","","1"
"Min 1x per month","1996","no migration background","Urban Area","","","","","3"
"Min 1x per month","1996","no migration background","Rural Area","","","","","3"
"Min 1x per month","1996","direct migration background","Urban Area","","","","","3"
"Min 1x per month","1996","direct migration background","Rural Area","","","","","3"
"Min 1x per month","1996","indirect migration background","Urban Area","","","","","3"
"Min 1x per month","1996","indirect migration background","Rural Area","","","","","3"
"Min 1x per week","1996","no migration background","Urban Area","","","","","2"
"Min 1x per week","1996","no migration background","Rural Area","","","","","2"
"Min 1x per week","1996","direct migration background","Urban Area","","","","","2"
"Min 1x per week","1996","indirect migration background","Urban Area","","","","","2"
"Min 1x per week","1996","direct migration background","Rural Area","","","","","2"
"Min 1x per week","1996","indirect migration background","Rural Area","","","","","2"
"Never","1996","no migration background","Urban Area","","","","","5"
"Never","1996","no migration background","Rural Area","","","","","5"
"Never","1996","direct migration background","Urban Area","","","","","5"
"Never","1996","direct migration background","Rural Area","","","","","5"
"Never","1996","indirect migration background","Urban Area","","","","","5"
"Never","1996","indirect migration background","Rural Area","","","","","5"
"Rarely","1996","no migration background","Rural Area","","","","","4"
"Rarely","1996","no migration background","Urban Area","","","","","4"
"Rarely","1996","direct migration background","Urban Area","","","","","4"
"Rarely","1996","direct migration background","Rural Area","","","","","4"
"Rarely","1996","indirect migration background","Urban Area","","","","","4"
"Rarely","1996","indirect migration background","Rural Area","","","","","4"
"Daily","1997","no migration background","Urban Area","","","","","1"
"Daily","1997","no migration background","Rural Area","","","","","1"
"Daily","1997","direct migration background","Urban Area","","","","","1"
"Daily","1997","direct migration background","Rural Area","","","","","1"
"Daily","1997","indirect migration background","Urban Area","","","","","1"
"Daily","1997","indirect migration background","Rural Area","","","","","1"
"Min 1x per month","1997","no migration background","Urban Area","","","","","3"
"Min 1x per month","1997","no migration background","Rural Area","","","","","3"
"Min 1x per month","1997","direct migration background","Urban Area","","","","","3"
"Min 1x per month","1997","direct migration background","Rural Area","","","","","3"
"Min 1x per month","1997","indirect migration background","Urban Area","","","","","3"
"Min 1x per month","1997","indirect migration background","Rural Area","","","","","3"
"Min 1x per week","1997","no migration background","Urban Area","","","","","2"
"Min 1x per week","1997","no migration background","Rural Area","","","","","2"
"Min 1x per week","1997","direct migration background","Urban Area","","","","","2"
"Min 1x per week","1997","direct migration background","Rural Area","","","","","2"
"Min 1x per week","1997","indirect migration background","Rural Area","","","","","2"
"Min 1x per week","1997","indirect migration background","Urban Area","","","","","2"
"Never","1997","no migration background","Urban Area","","","","","5"
"Never","1997","no migration background","Rural Area","","","","","5"
"Never","1997","direct migration background","Urban Area","","","","","5"
"Never","1997","direct migration background","Rural Area","","","","","5"
"Never","1997","indirect migration background","Urban Area","","","","","5"
"Never","1997","indirect migration background","Rural Area","","","","","5"
"Rarely","1997","no migration background","Urban Area","","","","","4"
"Rarely","1997","direct migration background","Urban Area","","","","","4"
"Rarely","1997","no migration background","Rural Area","","","","","4"
"Rarely","1997","direct migration background","Rural Area","","","","","4"
"Rarely","1997","indirect migration background","Urban Area","","","","","4"
"Rarely","1997","indirect migration background","Rural Area","","","","","4"
"Daily","1998","no migration background","Urban Area","491","0.0714374267176197","0.0653444721163187","0.0775303813189207","1"
"Daily","1998","no migration background","Rural Area","353","0.0808586968825365","0.072776820601373","0.0889405731636999","1"
"Daily","1998","direct migration background","Urban Area","287","0.112315802203574","0.0984878683803775","0.126143736026771","1"
"Daily","1998","direct migration background","Rural Area","35","0.085324698965574","0.0580495942699134","0.112599803661235","1"
"Daily","1998","indirect migration background","Rural Area","15","","","","1"
"Daily","1998","indirect migration background","Urban Area","97","0.162187201542002","0.130194951288553","0.194179451795451","1"
"Min 1x per month","1998","no migration background","Urban Area","2168","0.304660662542228","0.293772212962235","0.315549112122222","3"
"Min 1x per month","1998","no migration background","Rural Area","1446","0.327150772475459","0.313241944304607","0.341059600646311","3"
"Min 1x per month","1998","direct migration background","Urban Area","356","0.20034335352623","0.182814768420652","0.217871938631807","3"
"Min 1x per month","1998","direct migration background","Rural Area","96","0.264034856127728","0.220996584450732","0.307073127804724","3"
"Min 1x per month","1998","indirect migration background","Rural Area","16","","","","3"
"Min 1x per month","1998","indirect migration background","Urban Area","105","0.209744836955574","0.174410876920085","0.245078796991064","3"
"Min 1x per week","1998","no migration background","Urban Area","2750","0.391358214543323","0.3798123206219","0.402904108464746","2"
"Min 1x per week","1998","no migration background","Rural Area","1703","0.381616243285469","0.367214994586621","0.396017491984316","2"
"Min 1x per week","1998","direct migration background","Urban Area","982","0.452546611472292","0.430748802153293","0.47434442079129","2"
"Min 1x per week","1998","direct migration background","Rural Area","191","0.403048976300109","0.355159087367926","0.450938865232293","2"
"Min 1x per week","1998","indirect migration background","Urban Area","205","0.343954497375593","0.302727616299482","0.385181378451705","2"
"Min 1x per week","1998","indirect migration background","Rural Area","38","0.446906329416893","0.344757124201326","0.54905553463246","2"
"Never","1998","no migration background","Urban Area","108","0.0210877273653212","0.0176887659909148","0.0244866887397277","5"
"Never","1998","no migration background","Rural Area","49","0.0148688914680174","0.0112809611475191","0.0184568217885158","5"
"Never","1998","direct migration background","Urban Area","71","0.0378032191170204","0.0294509600246212","0.0461554782094195","5"
"Never","1998","direct migration background","Rural Area","8","","","","5"
"Never","1998","indirect migration background","Urban Area","14","","","","5"
"Never","1998","indirect migration background","Rural Area","","","","","5"
"Rarely","1998","no migration background","Urban Area","1347","0.211455968831507","0.201795851480105","0.22111608618291","4"
"Rarely","1998","no migration background","Rural Area","820","0.195505395888519","0.183748338726918","0.207262453050119","4"
"Rarely","1998","direct migration background","Urban Area","307","0.196991013680884","0.179573304836411","0.214408722525358","4"
"Rarely","1998","direct migration background","Rural Area","73","0.207479382922574","0.167889125438813","0.247069640406336","4"
"Rarely","1998","indirect migration background","Rural Area","22","","","","4"
"Rarely","1998","indirect migration background","Urban Area","89","0.262433391424399","0.224250116640907","0.30061666620789","4"
"Daily","1999","no migration background","Urban Area","","","","","1"
"Daily","1999","no migration background","Rural Area","","","","","1"
"Daily","1999","direct migration background","Urban Area","","","","","1"
"Daily","1999","direct migration background","Rural Area","","","","","1"
"Daily","1999","indirect migration background","Rural Area","","","","","1"
"Daily","1999","indirect migration background","Urban Area","","","","","1"
"Min 1x per month","1999","no migration background","Urban Area","","","","","3"
"Min 1x per month","1999","no migration background","Rural Area","","","","","3"
"Min 1x per month","1999","direct migration background","Urban Area","","","","","3"
"Min 1x per month","1999","direct migration background","Rural Area","","","","","3"
"Min 1x per month","1999","indirect migration background","Rural Area","","","","","3"
"Min 1x per month","1999","indirect migration background","Urban Area","","","","","3"
"Min 1x per week","1999","no migration background","Urban Area","","","","","2"
"Min 1x per week","1999","no migration background","Rural Area","","","","","2"
"Min 1x per week","1999","direct migration background","Urban Area","","","","","2"
"Min 1x per week","1999","direct migration background","Rural Area","","","","","2"
"Min 1x per week","1999","indirect migration background","Rural Area","","","","","2"
"Min 1x per week","1999","indirect migration background","Urban Area","","","","","2"
"Never","1999","no migration background","Rural Area","","","","","5"
"Never","1999","no migration background","Urban Area","","","","","5"
"Never","1999","direct migration background","Urban Area","","","","","5"
"Never","1999","direct migration background","Rural Area","","","","","5"
"Never","1999","indirect migration background","Urban Area","","","","","5"
"Never","1999","indirect migration background","Rural Area","","","","","5"
"Rarely","1999","no migration background","Urban Area","","","","","4"
"Rarely","1999","no migration background","Rural Area","","","","","4"
"Rarely","1999","direct migration background","Urban Area","","","","","4"
"Rarely","1999","direct migration background","Rural Area","","","","","4"
"Rarely","1999","indirect migration background","Urban Area","","","","","4"
"Rarely","1999","indirect migration background","Rural Area","","","","","4"
"Daily","2000","no migration background","Urban Area","","","","","1"
"Daily","2000","no migration background","Rural Area","","","","","1"
"Daily","2000","direct migration background","Urban Area","","","","","1"
"Daily","2000","direct migration background","Rural Area","","","","","1"
"Daily","2000","indirect migration background","Urban Area","","","","","1"
"Daily","2000","indirect migration background","Rural Area","","","","","1"
"Min 1x per month","2000","no migration background","Urban Area","","","","","3"
"Min 1x per month","2000","no migration background","Rural Area","","","","","3"
"Min 1x per month","2000","direct migration background","Urban Area","","","","","3"
"Min 1x per month","2000","direct migration background","Rural Area","","","","","3"
"Min 1x per month","2000","indirect migration background","Urban Area","","","","","3"
"Min 1x per month","2000","indirect migration background","Rural Area","","","","","3"
"Min 1x per week","2000","no migration background","Urban Area","","","","","2"
"Min 1x per week","2000","no migration background","Rural Area","","","","","2"
"Min 1x per week","2000","direct migration background","Urban Area","","","","","2"
"Min 1x per week","2000","direct migration background","Rural Area","","","","","2"
"Min 1x per week","2000","indirect migration background","Urban Area","","","","","2"
"Min 1x per week","2000","indirect migration background","Rural Area","","","","","2"
"Never","2000","no migration background","Urban Area","","","","","5"
"Never","2000","no migration background","Rural Area","","","","","5"
"Never","2000","direct migration background","Urban Area","","","","","5"
"Never","2000","direct migration background","Rural Area","","","","","5"
"Never","2000","indirect migration background","Urban Area","","","","","5"
"Never","2000","indirect migration background","Rural Area","","","","","5"
"Rarely","2000","no migration background","Urban Area","","","","","4"
"Rarely","2000","no migration background","Rural Area","","","","","4"
"Rarely","2000","direct migration background","Urban Area","","","","","4"
"Rarely","2000","direct migration background","Rural Area","","","","","4"
"Rarely","2000","indirect migration background","Urban Area","","","","","4"
"Rarely","2000","indirect migration background","Rural Area","","","","","4"
"Daily","2001","no migration background","Urban Area","","","","","1"
"Daily","2001","no migration background","Rural Area","","","","","1"
"Daily","2001","direct migration background","Urban Area","","","","","1"
"Daily","2001","direct migration background","Rural Area","","","","","1"
"Daily","2001","indirect migration background","Rural Area","","","","","1"
"Daily","2001","indirect migration background","Urban Area","","","","","1"
"Min 1x per month","2001","no migration background","Urban Area","","","","","3"
"Min 1x per month","2001","no migration background","Rural Area","","","","","3"
"Min 1x per month","2001","direct migration background","Urban Area","","","","","3"
"Min 1x per month","2001","direct migration background","Rural Area","","","","","3"
"Min 1x per month","2001","indirect migration background","Urban Area","","","","","3"
"Min 1x per month","2001","indirect migration background","Rural Area","","","","","3"
"Min 1x per week","2001","no migration background","Rural Area","","","","","2"
"Min 1x per week","2001","no migration background","Urban Area","","","","","2"
"Min 1x per week","2001","direct migration background","Urban Area","","","","","2"
"Min 1x per week","2001","direct migration background","Rural Area","","","","","2"
"Min 1x per week","2001","indirect migration background","Urban Area","","","","","2"
"Min 1x per week","2001","indirect migration background","Rural Area","","","","","2"
"Never","2001","no migration background","Rural Area","","","","","5"
"Never","2001","no migration background","Urban Area","","","","","5"
"Never","2001","direct migration background","Urban Area","","","","","5"
"Never","2001","direct migration background","Rural Area","","","","","5"
"Never","2001","indirect migration background","Urban Area","","","","","5"
"Never","2001","indirect migration background","Rural Area","","","","","5"
"Rarely","2001","no migration background","Urban Area","","","","","4"
"Rarely","2001","no migration background","Rural Area","","","","","4"
"Rarely","2001","direct migration background","Urban Area","","","","","4"
"Rarely","2001","indirect migration background","Urban Area","","","","","4"
"Rarely","2001","direct migration background","Rural Area","","","","","4"
"Rarely","2001","indirect migration background","Rural Area","","","","","4"
"Daily","2002","no migration background","Urban Area","","","","","1"
"Daily","2002","no migration background","Rural Area","","","","","1"
"Daily","2002","direct migration background","Urban Area","","","","","1"
"Daily","2002","direct migration background","Rural Area","","","","","1"
"Daily","2002","indirect migration background","Rural Area","","","","","1"
"Daily","2002","indirect migration background","Urban Area","","","","","1"
"Min 1x per month","2002","no migration background","Urban Area","","","","","3"
"Min 1x per month","2002","no migration background","Rural Area","","","","","3"
"Min 1x per month","2002","direct migration background","Urban Area","","","","","3"
"Min 1x per month","2002","direct migration background","Rural Area","","","","","3"
"Min 1x per month","2002","indirect migration background","Urban Area","","","","","3"
"Min 1x per month","2002","indirect migration background","Rural Area","","","","","3"
"Min 1x per week","2002","no migration background","Urban Area","","","","","2"
"Min 1x per week","2002","no migration background","Rural Area","","","","","2"
"Min 1x per week","2002","direct migration background","Urban Area","","","","","2"
"Min 1x per week","2002","direct migration background","Rural Area","","","","","2"
"Min 1x per week","2002","indirect migration background","Rural Area","","","","","2"
"Min 1x per week","2002","indirect migration background","Urban Area","","","","","2"
"Never","2002","no migration background","Urban Area","","","","","5"
"Never","2002","no migration background","Rural Area","","","","","5"
"Never","2002","direct migration background","Urban Area","","","","","5"
"Never","2002","direct migration background","Rural Area","","","","","5"
"Never","2002","indirect migration background","Urban Area","","","","","5"
"Never","2002","indirect migration background","Rural Area","","","","","5"
"Rarely","2002","no migration background","Urban Area","","","","","4"
"Rarely","2002","no migration background","Rural Area","","","","","4"
"Rarely","2002","direct migration background","Urban Area","","","","","4"
"Rarely","2002","direct migration background","Rural Area","","","","","4"
"Rarely","2002","indirect migration background","Urban Area","","","","","4"
"Rarely","2002","indirect migration background","Rural Area","","","","","4"
"Daily","2003","no migration background","Urban Area","779","0.069802519129751","0.065242073295404","0.0743629649640981","1"
"Daily","2003","no migration background","Rural Area","504","0.0774090898310292","0.0710395057616095","0.0837786739004489","1"
"Daily","2003","direct migration background","Urban Area","194","0.0614744306681166","0.0513635551321748","0.0715853062040585","1"
"Daily","2003","direct migration background","Rural Area","46","0.0973405426409851","0.0701637099446062","0.124517375337364","1"
"Daily","2003","indirect migration background","Urban Area","67","0.0928063954314437","0.0710931382834682","0.114519652579419","1"
"Daily","2003","indirect migration background","Rural Area","9","","","","1"
"Min 1x per month","2003","no migration background","Urban Area","3919","0.30801734546936","0.299754695307247","0.316279995631474","3"
"Min 1x per month","2003","no migration background","Rural Area","2187","0.314104822559591","0.303041726467079","0.325167918652104","3"
"Min 1x per month","2003","direct migration background","Urban Area","466","0.219260731136751","0.201844591708251","0.23667687056525","3"
"Min 1x per month","2003","direct migration background","Rural Area","117","0.276084549532916","0.235096715840476","0.317072383225356","3"
"Min 1x per month","2003","indirect migration background","Urban Area","137","0.209453559337872","0.179003117444056","0.239904001231689","3"
"Min 1x per month","2003","indirect migration background","Rural Area","22","","","","3"
"Min 1x per week","2003","no migration background","Rural Area","2624","0.387619387529862","0.376006934517853","0.399231840541871","2"
"Min 1x per week","2003","no migration background","Urban Area","4546","0.382004491770189","0.373308661222702","0.390700322317676","2"
"Min 1x per week","2003","direct migration background","Urban Area","1027","0.446143114954068","0.425218651573059","0.467067578335077","2"
"Min 1x per week","2003","direct migration background","Rural Area","183","0.371085480231831","0.326793736084641","0.415377224379022","2"
"Min 1x per week","2003","indirect migration background","Rural Area","41","0.35563897172033","0.261814225821989","0.449463717618671","2"
"Min 1x per week","2003","indirect migration background","Urban Area","344","0.44610722967915","0.408909322000496","0.483305137357803","2"
"Never","2003","no migration background","Urban Area","287","0.0318173612028911","0.0286761661943828","0.0349585562113993","5"
"Never","2003","no migration background","Rural Area","109","0.0197790157073563","0.0164602633779968","0.0230977680367159","5"
"Never","2003","direct migration background","Urban Area","104","0.0616623035627916","0.0515370034040157","0.0717876037215674","5"
"Never","2003","direct migration background","Rural Area","20","","","","5"
"Never","2003","indirect migration background","Urban Area","19","","","","5"
"Never","2003","indirect migration background","Rural Area","3","","","","5"
"Rarely","2003","no migration background","Urban Area","2462","0.208358282427808","0.201089630126106","0.21562693472951","4"
"Rarely","2003","no migration background","Rural Area","1338","0.201087684372161","0.191534397870881","0.21064097087344","4"
"Rarely","2003","direct migration background","Urban Area","377","0.211459419678273","0.194270681587964","0.228648157768582","4"
"Rarely","2003","direct migration background","Rural Area","91","0.20506672016049","0.168049574898077","0.242083865422902","4"
"Rarely","2003","indirect migration background","Rural Area","25","","","","4"
"Rarely","2003","indirect migration background","Urban Area","119","0.195115632260534","0.165460571902459","0.22477069261861","4"
"Daily","2004","no migration background","Urban Area","","","","","1"
"Daily","2004","no migration background","Rural Area","","","","","1"
"Daily","2004","direct migration background","Urban Area","","","","","1"
"Daily","2004","indirect migration background","Urban Area","","","","","1"
"Daily","2004","direct migration background","Rural Area","","","","","1"
"Daily","2004","indirect migration background","Rural Area","","","","","1"
"Min 1x per month","2004","no migration background","Urban Area","","","","","3"
"Min 1x per month","2004","no migration background","Rural Area","","","","","3"
"Min 1x per month","2004","direct migration background","Urban Area","","","","","3"
"Min 1x per month","2004","direct migration background","Rural Area","","","","","3"
"Min 1x per month","2004","indirect migration background","Urban Area","","","","","3"
"Min 1x per month","2004","indirect migration background","Rural Area","","","","","3"
"Min 1x per week","2004","no migration background","Urban Area","","","","","2"
"Min 1x per week","2004","direct migration background","Urban Area","","","","","2"
"Min 1x per week","2004","no migration background","Rural Area","","","","","2"
"Min 1x per week","2004","direct migration background","Rural Area","","","","","2"
"Min 1x per week","2004","indirect migration background","Urban Area","","","","","2"
"Min 1x per week","2004","indirect migration background","Rural Area","","","","","2"
"Never","2004","no migration background","Urban Area","","","","","5"
"Never","2004","no migration background","Rural Area","","","","","5"
"Never","2004","direct migration background","Urban Area","","","","","5"
"Never","2004","direct migration background","Rural Area","","","","","5"
"Never","2004","indirect migration background","Urban Area","","","","","5"
"Never","2004","indirect migration background","Rural Area","","","","","5"
"Rarely","2004","no migration background","Urban Area","","","","","4"
"Rarely","2004","no migration background","Rural Area","","","","","4"
"Rarely","2004","direct migration background","Urban Area","","","","","4"
"Rarely","2004","direct migration background","Rural Area","","","","","4"
"Rarely","2004","indirect migration background","Rural Area","","","","","4"
"Rarely","2004","indirect migration background","Urban Area","","","","","4"
"Daily","2005","no migration background","Urban Area","","","","","1"
"Daily","2005","no migration background","Rural Area","","","","","1"
"Daily","2005","direct migration background","Urban Area","","","","","1"
"Daily","2005","direct migration background","Rural Area","","","","","1"
"Daily","2005","indirect migration background","Urban Area","","","","","1"
"Daily","2005","indirect migration background","Rural Area","","","","","1"
"Min 1x per month","2005","no migration background","Urban Area","","","","","3"
"Min 1x per month","2005","no migration background","Rural Area","","","","","3"
"Min 1x per month","2005","direct migration background","Urban Area","","","","","3"
"Min 1x per month","2005","direct migration background","Rural Area","","","","","3"
"Min 1x per month","2005","indirect migration background","Urban Area","","","","","3"
"Min 1x per month","2005","indirect migration background","Rural Area","","","","","3"
"Min 1x per week","2005","no migration background","Rural Area","","","","","2"
"Min 1x per week","2005","no migration background","Urban Area","","","","","2"
"Min 1x per week","2005","direct migration background","Urban Area","","","","","2"
"Min 1x per week","2005","direct migration background","Rural Area","","","","","2"
"Min 1x per week","2005","indirect migration background","Urban Area","","","","","2"
"Min 1x per week","2005","indirect migration background","Rural Area","","","","","2"
"Never","2005","no migration background","Urban Area","","","","","5"
"Never","2005","direct migration background","Urban Area","","","","","5"
"Never","2005","no migration background","Rural Area","","","","","5"
"Never","2005","direct migration background","Rural Area","","","","","5"
"Never","2005","indirect migration background","Urban Area","","","","","5"
"Never","2005","indirect migration background","Rural Area","","","","","5"
"Rarely","2005","no migration background","Urban Area","","","","","4"
"Rarely","2005","no migration background","Rural Area","","","","","4"
"Rarely","2005","direct migration background","Urban Area","","","","","4"
"Rarely","2005","indirect migration background","Urban Area","","","","","4"
"Rarely","2005","direct migration background","Rural Area","","","","","4"
"Rarely","2005","indirect migration background","Rural Area","","","","","4"
"Daily","2006","no migration background","Urban Area","","","","","1"
"Daily","2006","no migration background","Rural Area","","","","","1"
"Daily","2006","direct migration background","Urban Area","","","","","1"
"Daily","2006","direct migration background","Rural Area","","","","","1"
"Daily","2006","indirect migration background","Urban Area","","","","","1"
"Daily","2006","indirect migration background","Rural Area","","","","","1"
"Min 1x per month","2006","no migration background","Urban Area","","","","","3"
"Min 1x per month","2006","no migration background","Rural Area","","","","","3"
"Min 1x per month","2006","direct migration background","Urban Area","","","","","3"
"Min 1x per month","2006","direct migration background","Rural Area","","","","","3"
"Min 1x per month","2006","indirect migration background","Urban Area","","","","","3"
"Min 1x per month","2006","indirect migration background","Rural Area","","","","","3"
"Min 1x per week","2006","no migration background","Rural Area","","","","","2"
"Min 1x per week","2006","no migration background","Urban Area","","","","","2"
"Min 1x per week","2006","direct migration background","Urban Area","","","","","2"
"Min 1x per week","2006","direct migration background","Rural Area","","","","","2"
"Min 1x per week","2006","indirect migration background","Urban Area","","","","","2"
"Min 1x per week","2006","indirect migration background","Rural Area","","","","","2"
"Never","2006","no migration background","Urban Area","","","","","5"
"Never","2006","no migration background","Rural Area","","","","","5"
"Never","2006","direct migration background","Urban Area","","","","","5"
"Never","2006","direct migration background","Rural Area","","","","","5"
"Never","2006","indirect migration background","Urban Area","","","","","5"
"Never","2006","indirect migration background","Rural Area","","","","","5"
"Rarely","2006","no migration background","Rural Area","","","","","4"
"Rarely","2006","no migration background","Urban Area","","","","","4"
"Rarely","2006","direct migration background","Urban Area","","","","","4"
"Rarely","2006","direct migration background","Rural Area","","","","","4"
"Rarely","2006","indirect migration background","Rural Area","","","","","4"
"Rarely","2006","indirect migration background","Urban Area","","","","","4"
"Daily","2007","no migration background","Urban Area","","","","","1"
"Daily","2007","no migration background","Rural Area","","","","","1"
"Daily","2007","direct migration background","Urban Area","","","","","1"
"Daily","2007","direct migration background","Rural Area","","","","","1"
"Daily","2007","indirect migration background","Urban Area","","","","","1"
"Daily","2007","indirect migration background","Rural Area","","","","","1"
"Min 1x per month","2007","no migration background","Urban Area","","","","","3"
"Min 1x per month","2007","no migration background","Rural Area","","","","","3"
"Min 1x per month","2007","direct migration background","Urban Area","","","","","3"
"Min 1x per month","2007","direct migration background","Rural Area","","","","","3"
"Min 1x per month","2007","indirect migration background","Urban Area","","","","","3"
"Min 1x per month","2007","indirect migration background","Rural Area","","","","","3"
"Min 1x per week","2007","no migration background","Urban Area","","","","","2"
"Min 1x per week","2007","no migration background","Rural Area","","","","","2"
"Min 1x per week","2007","direct migration background","Urban Area","","","","","2"
"Min 1x per week","2007","direct migration background","Rural Area","","","","","2"
"Min 1x per week","2007","indirect migration background","Urban Area","","","","","2"
"Min 1x per week","2007","indirect migration background","Rural Area","","","","","2"
"Never","2007","no migration background","Rural Area","","","","","5"
"Never","2007","no migration background","Urban Area","","","","","5"
"Never","2007","direct migration background","Urban Area","","","","","5"
"Never","2007","direct migration background","Rural Area","","","","","5"
"Never","2007","indirect migration background","Urban Area","","","","","5"
"Never","2007","indirect migration background","Rural Area","","","","","5"
"Rarely","2007","no migration background","Rural Area","","","","","4"
"Rarely","2007","no migration background","Urban Area","","","","","4"
"Rarely","2007","direct migration background","Urban Area","","","","","4"
"Rarely","2007","direct migration background","Rural Area","","","","","4"
"Rarely","2007","indirect migration background","Urban Area","","","","","4"
"Rarely","2007","indirect migration background","Rural Area","","","","","4"
"Daily","2008","no migration background","Urban Area","782","0.0754273946583056","0.0703968244983779","0.0804579648182333","1"
"Daily","2008","no migration background","Rural Area","516","0.0780992749199814","0.071359019592468","0.0848395302474947","1"
"Daily","2008","direct migration background","Urban Area","159","0.0862876048457039","0.0723539593421875","0.10022125034922","1"
"Daily","2008","direct migration background","Rural Area","38","0.0733076771799267","0.0459626795884669","0.100652674771387","1"
"Daily","2008","indirect migration background","Rural Area","12","","","","1"
"Daily","2008","indirect migration background","Urban Area","53","0.0798765523355803","0.0591149845455114","0.100638120125649","1"
"Min 1x per month","2008","no migration background","Urban Area","3395","0.307363992717239","0.298574553376768","0.31615343205771","3"
"Min 1x per month","2008","no migration background","Rural Area","1879","0.30916424031508","0.297555294031454","0.320773186598705","3"
"Min 1x per month","2008","direct migration background","Urban Area","357","0.224449038687679","0.203745249498453","0.245152827876905","3"
"Min 1x per month","2008","direct migration background","Rural Area","92","0.281922502553684","0.234717730245918","0.32912727486145","3"
"Min 1x per month","2008","indirect migration background","Urban Area","161","0.267470915203362","0.233572596435684","0.30136923397104","3"
"Min 1x per month","2008","indirect migration background","Rural Area","29","","","","3"
"Min 1x per week","2008","no migration background","Urban Area","3803","0.347484521363674","0.338413727716906","0.356555315010442","2"
"Min 1x per week","2008","direct migration background","Urban Area","714","0.444358573493917","0.419701025756351","0.469016121231482","2"
"Min 1x per week","2008","no migration background","Rural Area","2353","0.383818724118966","0.371602750211747","0.396034698026184","2"
"Min 1x per week","2008","direct migration background","Rural Area","140","0.388314650463854","0.33718282415386","0.439446476773849","2"
"Min 1x per week","2008","indirect migration background","Urban Area","311","0.437590529267356","0.399598918185918","0.475582140348793","2"
"Min 1x per week","2008","indirect migration background","Rural Area","41","0.39562905862322","0.304662350172746","0.486595767073694","2"
"Never","2008","no migration background","Rural Area","111","0.0200863346086302","0.0165621794349235","0.0236104897823369","5"
"Never","2008","no migration background","Urban Area","226","0.0298387359022082","0.0265976217907811","0.0330798500136354","5"
"Never","2008","direct migration background","Urban Area","55","0.0489094668552552","0.0382067709592955","0.0596121627512149","5"
"Never","2008","direct migration background","Rural Area","18","","","","5"
"Never","2008","indirect migration background","Urban Area","13","","","","5"
"Never","2008","indirect migration background","Rural Area","3","","","","5"
"Rarely","2008","no migration background","Urban Area","2380","0.239885355358573","0.231750992079457","0.248019718637689","4"
"Rarely","2008","no migration background","Rural Area","1229","0.208831426037343","0.19862101536059","0.219041836714096","4"
"Rarely","2008","direct migration background","Urban Area","275","0.195995316117445","0.176296599723508","0.215694032511382","4"
"Rarely","2008","direct migration background","Rural Area","61","0.213491634363398","0.170500640852384","0.256482627874413","4"
"Rarely","2008","indirect migration background","Rural Area","26","","","","4"
"Rarely","2008","indirect migration background","Urban Area","117","0.194123264197745","0.163833175640506","0.224413352754985","4"
"Daily","2009","no migration background","Urban Area","","","","","1"
"Daily","2009","no migration background","Rural Area","","","","","1"
"Daily","2009","direct migration background","Urban Area","","","","","1"
"Daily","2009","direct migration background","Rural Area","","","","","1"
"Daily","2009","indirect migration background","Urban Area","","","","","1"
"Daily","2009","indirect migration background","Rural Area","","","","","1"
"Min 1x per month","2009","no migration background","Urban Area","","","","","3"
"Min 1x per month","2009","no migration background","Rural Area","","","","","3"
"Min 1x per month","2009","direct migration background","Urban Area","","","","","3"
"Min 1x per month","2009","direct migration background","Rural Area","","","","","3"
"Min 1x per month","2009","indirect migration background","Urban Area","","","","","3"
"Min 1x per month","2009","indirect migration background","Rural Area","","","","","3"
"Min 1x per week","2009","no migration background","Urban Area","","","","","2"
"Min 1x per week","2009","no migration background","Rural Area","","","","","2"
"Min 1x per week","2009","direct migration background","Urban Area","","","","","2"
"Min 1x per week","2009","direct migration background","Rural Area","","","","","2"
"Min 1x per week","2009","indirect migration background","Urban Area","","","","","2"
"Min 1x per week","2009","indirect migration background","Rural Area","","","","","2"
"Never","2009","no migration background","Urban Area","","","","","5"
"Never","2009","no migration background","Rural Area","","","","","5"
"Never","2009","direct migration background","Urban Area","","","","","5"
"Never","2009","direct migration background","Rural Area","","","","","5"
"Never","2009","indirect migration background","Urban Area","","","","","5"
"Never","2009","indirect migration background","Rural Area","","","","","5"
"Rarely","2009","no migration background","Urban Area","","","","","4"
"Rarely","2009","no migration background","Rural Area","","","","","4"
"Rarely","2009","direct migration background","Urban Area","","","","","4"
"Rarely","2009","direct migration background","Rural Area","","","","","4"
"Rarely","2009","indirect migration background","Urban Area","","","","","4"
"Rarely","2009","indirect migration background","Rural Area","","","","","4"
"Daily","2010","no migration background","Urban Area","","","","","1"
"Daily","2010","no migration background","Rural Area","","","","","1"
"Daily","2010","direct migration background","Urban Area","","","","","1"
"Daily","2010","direct migration background","Rural Area","","","","","1"
"Daily","2010","indirect migration background","Rural Area","","","","","1"
"Daily","2010","indirect migration background","Urban Area","","","","","1"
"Min 1x per month","2010","no migration background","Rural Area","","","","","3"
"Min 1x per month","2010","no migration background","Urban Area","","","","","3"
"Min 1x per month","2010","direct migration background","Urban Area","","","","","3"
"Min 1x per month","2010","direct migration background","Rural Area","","","","","3"
"Min 1x per month","2010","indirect migration background","Urban Area","","","","","3"
"Min 1x per month","2010","indirect migration background","Rural Area","","","","","3"
"Min 1x per week","2010","no migration background","Urban Area","","","","","2"
"Min 1x per week","2010","no migration background","Rural Area","","","","","2"
"Min 1x per week","2010","direct migration background","Urban Area","","","","","2"
"Min 1x per week","2010","direct migration background","Rural Area","","","","","2"
"Min 1x per week","2010","indirect migration background","Urban Area","","","","","2"
"Min 1x per week","2010","indirect migration background","Rural Area","","","","","2"
"Never","2010","no migration background","Rural Area","","","","","5"
"Never","2010","no migration background","Urban Area","","","","","5"
"Never","2010","direct migration background","Urban Area","","","","","5"
"Never","2010","direct migration background","Rural Area","","","","","5"
"Never","2010","indirect migration background","Urban Area","","","","","5"
"Never","2010","indirect migration background","Rural Area","","","","","5"
"Rarely","2010","no migration background","Rural Area","","","","","4"
"Rarely","2010","no migration background","Urban Area","","","","","4"
"Rarely","2010","direct migration background","Urban Area","","","","","4"
"Rarely","2010","direct migration background","Rural Area","","","","","4"
"Rarely","2010","indirect migration background","Urban Area","","","","","4"
"Rarely","2010","indirect migration background","Rural Area","","","","","4"
"Daily","2011","no migration background","Urban Area","","","","","1"
"Daily","2011","no migration background","Rural Area","","","","","1"
"Daily","2011","direct migration background","Urban Area","","","","","1"
"Daily","2011","direct migration background","Rural Area","","","","","1"
"Daily","2011","indirect migration background","Urban Area","","","","","1"
"Daily","2011","indirect migration background","Rural Area","","","","","1"
"Min 1x per month","2011","no migration background","Rural Area","","","","","3"
"Min 1x per month","2011","no migration background","Urban Area","","","","","3"
"Min 1x per month","2011","direct migration background","Urban Area","","","","","3"
"Min 1x per month","2011","direct migration background","Rural Area","","","","","3"
"Min 1x per month","2011","indirect migration background","Urban Area","","","","","3"
"Min 1x per month","2011","indirect migration background","Rural Area","","","","","3"
"Min 1x per week","2011","no migration background","Rural Area","","","","","2"
"Min 1x per week","2011","no migration background","Urban Area","","","","","2"
"Min 1x per week","2011","direct migration background","Urban Area","","","","","2"
"Min 1x per week","2011","direct migration background","Rural Area","","","","","2"
"Min 1x per week","2011","indirect migration background","Urban Area","","","","","2"
"Min 1x per week","2011","indirect migration background","Rural Area","","","","","2"
"Never","2011","no migration background","Rural Area","","","","","5"
"Never","2011","no migration background","Urban Area","","","","","5"
"Never","2011","direct migration background","Urban Area","","","","","5"
"Never","2011","direct migration background","Rural Area","","","","","5"
"Never","2011","indirect migration background","Urban Area","","","","","5"
"Never","2011","indirect migration background","Rural Area","","","","","5"
"Rarely","2011","no migration background","Urban Area","","","","","4"
"Rarely","2011","no migration background","Rural Area","","","","","4"
"Rarely","2011","direct migration background","Urban Area","","","","","4"
"Rarely","2011","direct migration background","Rural Area","","","","","4"
"Rarely","2011","indirect migration background","Urban Area","","","","","4"
"Rarely","2011","indirect migration background","Rural Area","","","","","4"
"Daily","2012","no migration background","Urban Area","","","","","1"
"Daily","2012","no migration background","Rural Area","","","","","1"
"Daily","2012","direct migration background","Urban Area","","","","","1"
"Daily","2012","direct migration background","Rural Area","","","","","1"
"Daily","2012","indirect migration background","Urban Area","","","","","1"
"Daily","2012","indirect migration background","Rural Area","","","","","1"
"Min 1x per month","2012","no migration background","Urban Area","","","","","3"
"Min 1x per month","2012","no migration background","Rural Area","","","","","3"
"Min 1x per month","2012","direct migration background","Urban Area","","","","","3"
"Min 1x per month","2012","direct migration background","Rural Area","","","","","3"
"Min 1x per month","2012","indirect migration background","Urban Area","","","","","3"
"Min 1x per month","2012","indirect migration background","Rural Area","","","","","3"
"Min 1x per week","2012","no migration background","Urban Area","","","","","2"
"Min 1x per week","2012","no migration background","Rural Area","","","","","2"
"Min 1x per week","2012","direct migration background","Urban Area","","","","","2"
"Min 1x per week","2012","indirect migration background","Urban Area","","","","","2"
"Min 1x per week","2012","direct migration background","Rural Area","","","","","2"
"Min 1x per week","2012","indirect migration background","Rural Area","","","","","2"
"Never","2012","no migration background","Urban Area","","","","","5"
"Never","2012","no migration background","Rural Area","","","","","5"
"Never","2012","direct migration background","Urban Area","","","","","5"
"Never","2012","direct migration background","Rural Area","","","","","5"
"Never","2012","indirect migration background","Urban Area","","","","","5"
"Never","2012","indirect migration background","Rural Area","","","","","5"
"Rarely","2012","no migration background","Rural Area","","","","","4"
"Rarely","2012","no migration background","Urban Area","","","","","4"
"Rarely","2012","direct migration background","Urban Area","","","","","4"
"Rarely","2012","direct migration background","Rural Area","","","","","4"
"Rarely","2012","indirect migration background","Urban Area","","","","","4"
"Rarely","2012","indirect migration background","Rural Area","","","","","4"
"Daily","2013","no migration background","Urban Area","946","0.0688634479613655","0.0645792167312665","0.0731476791914645","1"
"Daily","2013","no migration background","Rural Area","769","0.0908016026774536","0.0846101484495918","0.0969930569053153","1"
"Daily","2013","direct migration background","Urban Area","169","0.0878644209949415","0.0754974760487067","0.100231365941176","1"
"Daily","2013","direct migration background","Rural Area","49","0.0461345088965132","0.0299828509905276","0.0622861668024988","1"
"Daily","2013","indirect migration background","Urban Area","90","0.0925286083288255","0.074207958090469","0.110849258567182","1"
"Daily","2013","indirect migration background","Rural Area","18","","","","1"
"Min 1x per month","2013","no migration background","Urban Area","4254","0.309656636177419","0.301834153570929","0.31747911878391","3"
"Min 1x per month","2013","no migration background","Rural Area","2521","0.308659401167673","0.298705292805603","0.318613509529742","3"
"Min 1x per month","2013","direct migration background","Urban Area","493","0.257162408067467","0.238069288941066","0.276255527193869","3"
"Min 1x per month","2013","direct migration background","Rural Area","151","0.25561170509854","0.222026289676775","0.289197120520305","3"
"Min 1x per month","2013","indirect migration background","Urban Area","280","0.337984903170609","0.308078168696408","0.367891637644809","3"
"Min 1x per month","2013","indirect migration background","Rural Area","58","0.233313371440168","0.177552350934657","0.28907439194568","3"
"Min 1x per week","2013","no migration background","Urban Area","4954","0.349772835357862","0.341704249467485","0.357841421248239","2"
"Min 1x per week","2013","no migration background","Rural Area","3161","0.367849243088809","0.357458135455273","0.378240350722345","2"
"Min 1x per week","2013","direct migration background","Urban Area","838","0.398839201654174","0.377448725654934","0.420229677653413","2"
"Min 1x per week","2013","direct migration background","Rural Area","275","0.404401164924599","0.366614052399321","0.442188277449877","2"
"Min 1x per week","2013","indirect migration background","Rural Area","93","0.531705098370142","0.46591703814673","0.597493158593555","2"
"Min 1x per week","2013","indirect migration background","Urban Area","384","0.329191862379716","0.299481352581941","0.358902372177491","2"
"Never","2013","no migration background","Urban Area","346","0.032659360625408","0.0296521393241429","0.0356665819266731","5"
"Never","2013","no migration background","Rural Area","181","0.0257490081662822","0.0223360398260466","0.0291619765065177","5"
"Never","2013","direct migration background","Urban Area","96","0.0588012818139107","0.0485244259892688","0.0690781376385526","5"
"Never","2013","direct migration background","Rural Area","28","","","","5"
"Never","2013","indirect migration background","Urban Area","20","","","","5"
"Never","2013","indirect migration background","Rural Area","7","","","","5"
"Rarely","2013","no migration background","Urban Area","2920","0.239047719877945","0.231831780977415","0.246263658778475","4"
"Rarely","2013","direct migration background","Urban Area","417","0.197332687469507","0.179946934380386","0.214718440558628","4"
"Rarely","2013","no migration background","Rural Area","1641","0.206940744899783","0.198211183946239","0.215670305853327","4"
"Rarely","2013","direct migration background","Rural Area","145","0.215814513683875","0.184139974000882","0.247489053366867","4"
"Rarely","2013","indirect migration background","Urban Area","187","0.219159871692904","0.193005277982862","0.245314465402946","4"
"Rarely","2013","indirect migration background","Rural Area","45","0.158543487909359","0.110388420378053","0.206698555440664","4"
"Daily","2014","no migration background","Urban Area","","","","","1"
"Daily","2014","no migration background","Rural Area","","","","","1"
"Daily","2014","direct migration background","Urban Area","","","","","1"
"Daily","2014","direct migration background","Rural Area","","","","","1"
"Daily","2014","indirect migration background","Urban Area","","","","","1"
"Daily","2014","indirect migration background","Rural Area","","","","","1"
"Min 1x per month","2014","no migration background","Urban Area","","","","","3"
"Min 1x per month","2014","no migration background","Rural Area","","","","","3"
"Min 1x per month","2014","direct migration background","Urban Area","","","","","3"
"Min 1x per month","2014","direct migration background","Rural Area","","","","","3"
"Min 1x per month","2014","indirect migration background","Urban Area","","","","","3"
"Min 1x per month","2014","indirect migration background","Rural Area","","","","","3"
"Min 1x per week","2014","no migration background","Urban Area","","","","","2"
"Min 1x per week","2014","no migration background","Rural Area","","","","","2"
"Min 1x per week","2014","direct migration background","Urban Area","","","","","2"
"Min 1x per week","2014","direct migration background","Rural Area","","","","","2"
"Min 1x per week","2014","indirect migration background","Rural Area","","","","","2"
"Min 1x per week","2014","indirect migration background","Urban Area","","","","","2"
"Never","2014","no migration background","Urban Area","","","","","5"
"Never","2014","no migration background","Rural Area","","","","","5"
"Never","2014","direct migration background","Urban Area","","","","","5"
"Never","2014","direct migration background","Rural Area","","","","","5"
"Never","2014","indirect migration background","Urban Area","","","","","5"
"Never","2014","indirect migration background","Rural Area","","","","","5"
"Rarely","2014","no migration background","Urban Area","","","","","4"
"Rarely","2014","no migration background","Rural Area","","","","","4"
"Rarely","2014","direct migration background","Urban Area","","","","","4"
"Rarely","2014","direct migration background","Rural Area","","","","","4"
"Rarely","2014","indirect migration background","Urban Area","","","","","4"
"Rarely","2014","indirect migration background","Rural Area","","","","","4"
"Daily","2015","no migration background","Urban Area","","","","","1"
"Daily","2015","no migration background","Rural Area","","","","","1"
"Daily","2015","direct migration background","Urban Area","","","","","1"
"Daily","2015","direct migration background","Rural Area","","","","","1"
"Daily","2015","indirect migration background","Urban Area","","","","","1"
"Daily","2015","indirect migration background","Rural Area","","","","","1"
"Min 1x per month","2015","no migration background","Rural Area","","","","","3"
"Min 1x per month","2015","no migration background","Urban Area","","","","","3"
"Min 1x per month","2015","direct migration background","Urban Area","","","","","3"
"Min 1x per month","2015","direct migration background","Rural Area","","","","","3"
"Min 1x per month","2015","indirect migration background","Rural Area","","","","","3"
"Min 1x per month","2015","indirect migration background","Urban Area","","","","","3"
"Min 1x per week","2015","no migration background","Urban Area","","","","","2"
"Min 1x per week","2015","no migration background","Rural Area","","","","","2"
"Min 1x per week","2015","direct migration background","Rural Area","","","","","2"
"Min 1x per week","2015","direct migration background","Urban Area","","","","","2"
"Min 1x per week","2015","indirect migration background","Rural Area","","","","","2"
"Min 1x per week","2015","indirect migration background","Urban Area","","","","","2"
"Never","2015","no migration background","Urban Area","","","","","5"
"Never","2015","no migration background","Rural Area","","","","","5"
"Never","2015","direct migration background","Urban Area","","","","","5"
"Never","2015","direct migration background","Rural Area","","","","","5"
"Never","2015","indirect migration background","Urban Area","","","","","5"
"Never","2015","indirect migration background","Rural Area","","","","","5"
"Rarely","2015","no migration background","Rural Area","","","","","4"
"Rarely","2015","no migration background","Urban Area","","","","","4"
"Rarely","2015","direct migration background","Urban Area","","","","","4"
"Rarely","2015","direct migration background","Rural Area","","","","","4"
"Rarely","2015","indirect migration background","Urban Area","","","","","4"
"Rarely","2015","indirect migration background","Rural Area","","","","","4"
"Daily","2016","no migration background","Urban Area","","","","","1"
"Daily","2016","no migration background","Rural Area","","","","","1"
"Daily","2016","direct migration background","Urban Area","","","","","1"
"Daily","2016","direct migration background","Rural Area","","","","","1"
"Daily","2016","indirect migration background","Urban Area","","","","","1"
"Daily","2016","indirect migration background","Rural Area","","","","","1"
"Min 1x per month","2016","no migration background","Urban Area","","","","","3"
"Min 1x per month","2016","no migration background","Rural Area","","","","","3"
"Min 1x per month","2016","direct migration background","Urban Area","","","","","3"
"Min 1x per month","2016","direct migration background","Rural Area","","","","","3"
"Min 1x per month","2016","indirect migration background","Urban Area","","","","","3"
"Min 1x per month","2016","indirect migration background","Rural Area","","","","","3"
"Min 1x per week","2016","no migration background","Urban Area","","","","","2"
"Min 1x per week","2016","no migration background","Rural Area","","","","","2"
"Min 1x per week","2016","direct migration background","Urban Area","","","","","2"
"Min 1x per week","2016","direct migration background","Rural Area","","","","","2"
"Min 1x per week","2016","indirect migration background","Urban Area","","","","","2"
"Min 1x per week","2016","indirect migration background","Rural Area","","","","","2"
"Never","2016","no migration background","Urban Area","","","","","5"
"Never","2016","no migration background","Rural Area","","","","","5"
"Never","2016","direct migration background","Urban Area","","","","","5"
"Never","2016","direct migration background","Rural Area","","","","","5"
"Never","2016","indirect migration background","Urban Area","","","","","5"
"Never","2016","indirect migration background","Rural Area","","","","","5"
"Rarely","2016","no migration background","Urban Area","","","","","4"
"Rarely","2016","no migration background","Rural Area","","","","","4"
"Rarely","2016","direct migration background","Urban Area","","","","","4"
"Rarely","2016","direct migration background","Rural Area","","","","","4"
"Rarely","2016","indirect migration background","Urban Area","","","","","4"
"Rarely","2016","indirect migration background","Rural Area","","","","","4"
"Daily","2017","no migration background","Urban Area","","","","","1"
"Daily","2017","no migration background","Rural Area","","","","","1"
"Daily","2017","direct migration background","Urban Area","","","","","1"
"Daily","2017","direct migration background","Rural Area","","","","","1"
"Daily","2017","indirect migration background","Urban Area","","","","","1"
"Daily","2017","indirect migration background","Rural Area","","","","","1"
"Min 1x per month","2017","no migration background","Urban Area","","","","","3"
"Min 1x per month","2017","no migration background","Rural Area","","","","","3"
"Min 1x per month","2017","direct migration background","Urban Area","","","","","3"
"Min 1x per month","2017","direct migration background","Rural Area","","","","","3"
"Min 1x per month","2017","indirect migration background","Rural Area","","","","","3"
"Min 1x per month","2017","indirect migration background","Urban Area","","","","","3"
"Min 1x per week","2017","no migration background","Urban Area","","","","","2"
"Min 1x per week","2017","no migration background","Rural Area","","","","","2"
"Min 1x per week","2017","direct migration background","Urban Area","","","","","2"
"Min 1x per week","2017","direct migration background","Rural Area","","","","","2"
"Min 1x per week","2017","indirect migration background","Urban Area","","","","","2"
"Min 1x per week","2017","indirect migration background","Rural Area","","","","","2"
"Never","2017","no migration background","Urban Area","","","","","5"
"Never","2017","no migration background","Rural Area","","","","","5"
"Never","2017","direct migration background","Urban Area","","","","","5"
"Never","2017","direct migration background","Rural Area","","","","","5"
"Never","2017","indirect migration background","Urban Area","","","","","5"
"Never","2017","indirect migration background","Rural Area","","","","","5"
"Rarely","2017","no migration background","Urban Area","","","","","4"
"Rarely","2017","direct migration background","Urban Area","","","","","4"
"Rarely","2017","no migration background","Rural Area","","","","","4"
"Rarely","2017","indirect migration background","Urban Area","","","","","4"
"Rarely","2017","direct migration background","Rural Area","","","","","4"
"Rarely","2017","indirect migration background","Rural Area","","","","","4"
"Daily","2018","no migration background","Urban Area","","","","","1"
"Daily","2018","no migration background","Rural Area","","","","","1"
"Daily","2018","direct migration background","Urban Area","","","","","1"
"Daily","2018","direct migration background","Rural Area","","","","","1"
"Daily","2018","indirect migration background","Urban Area","","","","","1"
"Daily","2018","indirect migration background","Rural Area","","","","","1"
"Min 1x per month","2018","no migration background","Urban Area","","","","","3"
"Min 1x per month","2018","no migration background","Rural Area","","","","","3"
"Min 1x per month","2018","direct migration background","Urban Area","","","","","3"
"Min 1x per month","2018","direct migration background","Rural Area","","","","","3"
"Min 1x per month","2018","indirect migration background","Rural Area","","","","","3"
"Min 1x per month","2018","indirect migration background","Urban Area","","","","","3"
"Min 1x per week","2018","no migration background","Urban Area","","","","","2"
"Min 1x per week","2018","no migration background","Rural Area","","","","","2"
"Min 1x per week","2018","direct migration background","Urban Area","","","","","2"
"Min 1x per week","2018","direct migration background","Rural Area","","","","","2"
"Min 1x per week","2018","indirect migration background","Rural Area","","","","","2"
"Min 1x per week","2018","indirect migration background","Urban Area","","","","","2"
"Never","2018","no migration background","Urban Area","","","","","5"
"Never","2018","no migration background","Rural Area","","","","","5"
"Never","2018","direct migration background","Urban Area","","","","","5"
"Never","2018","direct migration background","Rural Area","","","","","5"
"Never","2018","indirect migration background","Urban Area","","","","","5"
"Never","2018","indirect migration background","Rural Area","","","","","5"
"Rarely","2018","no migration background","Urban Area","","","","","4"
"Rarely","2018","no migration background","Rural Area","","","","","4"
"Rarely","2018","direct migration background","Urban Area","","","","","4"
"Rarely","2018","direct migration background","Rural Area","","","","","4"
"Rarely","2018","indirect migration background","Urban Area","","","","","4"
"Rarely","2018","indirect migration background","Rural Area","","","","","4"
"Daily","2019","no migration background","Urban Area","728","0.0618188771446415","0.0574117928996071","0.0662259613896759","1"
"Daily","2019","no migration background","Rural Area","589","0.0790275068789092","0.0729376976277607","0.0851173161300578","1"
"Daily","2019","direct migration background","Urban Area","216","0.0830935578956688","0.0726685569311926","0.093518558860145","1"
"Daily","2019","direct migration background","Rural Area","89","0.0894687259797724","0.0716534442908437","0.107284007668701","1"
"Daily","2019","indirect migration background","Urban Area","88","0.0542789300536758","0.0418377794149571","0.0667200806923945","1"
"Daily","2019","indirect migration background","Rural Area","29","","","","1"
"Min 1x per month","2019","no migration background","Urban Area","3776","0.324319057301967","0.315752535576473","0.332885579027461","3"
"Min 1x per month","2019","no migration background","Rural Area","2339","0.29624162760798","0.285934775386738","0.306548479829222","3"
"Min 1x per month","2019","direct migration background","Urban Area","633","0.243159485296027","0.226957146535145","0.259361824056909","3"
"Min 1x per month","2019","direct migration background","Rural Area","229","0.204925328387761","0.179730499528935","0.230120157246587","3"
"Min 1x per month","2019","indirect migration background","Rural Area","97","0.340599726067957","0.289076491546371","0.392122960589543","3"
"Min 1x per month","2019","indirect migration background","Urban Area","361","0.263159786763126","0.238979591717102","0.287339981809151","3"
"Min 1x per week","2019","no migration background","Urban Area","4197","0.349395602191175","0.340670617661757","0.358120586720592","2"
"Min 1x per week","2019","direct migration background","Urban Area","981","0.360610865932194","0.342475265262342","0.378746466602047","2"
"Min 1x per week","2019","no migration background","Rural Area","2901","0.383986057123543","0.37300752649248","0.394964587754606","2"
"Min 1x per week","2019","indirect migration background","Rural Area","119","0.287129906750752","0.237942851464893","0.33631696203661","2"
"Min 1x per week","2019","direct migration background","Rural Area","358","0.363280184260348","0.333260600157927","0.39329976836277","2"
"Min 1x per week","2019","indirect migration background","Urban Area","526","0.445920929939434","0.418626239182473","0.473215620696395","2"
"Never","2019","no migration background","Urban Area","327","0.0338440419885823","0.0305349245374675","0.0371531594396971","5"
"Never","2019","no migration background","Rural Area","179","0.0241329857454503","0.020668872614359","0.0275970988765416","5"
"Never","2019","direct migration background","Urban Area","169","0.060909749226222","0.0518768537259081","0.0699426447265359","5"
"Never","2019","direct migration background","Rural Area","75","0.0688718519781911","0.0530653692160396","0.0846783347403427","5"
"Never","2019","indirect migration background","Urban Area","44","0.0317703539242823","0.0221395267046378","0.0414011811439269","5"
"Never","2019","indirect migration background","Rural Area","12","","","","5"
"Rarely","2019","no migration background","Urban Area","2443","0.230622421373635","0.22291395507753","0.23833088766974","4"
"Rarely","2019","no migration background","Rural Area","1531","0.216611822644118","0.207313153310395","0.22591049197784","4"
"Rarely","2019","direct migration background","Urban Area","694","0.252226341649888","0.235823835250242","0.268628848049533","4"
"Rarely","2019","direct migration background","Rural Area","235","0.273453909393927","0.245632233503899","0.301275585283955","4"
"Rarely","2019","indirect migration background","Rural Area","68","0.195631342100063","0.152503949956652","0.238758734243473","4"
"Rarely","2019","indirect migration background","Urban Area","255","0.204869999319481","0.182707352279461","0.227032646359502","4"
