"plh0038","year","migback","sex","n","percent","lower_confidence","upper_confidence","value"
"Big worries","1984","direct migration background","Female","768","0.522005726872512","0.497305042913721","0.546706410831302","1"
"Big worries","1984","direct migration background","Male","825","0.49378251432506","0.470589061595288","0.516975967054831","1"
"Big worries","1984","indirect migration background","Female","37","0.519013927364577","0.397550041960091","0.640477812769064","1"
"Big worries","1984","indirect migration background","Male","34","0.709115858816504","0.594197057561798","0.82403466007121","1"
"Big worries","1984","no migration background","Female","2622","0.575678627784362","0.561289295318699","0.590067960250025","1"
"Big worries","1984","no migration background","Male","2009","0.491630336376767","0.476299663719021","0.506961009034514","1"
"No worries","1984","indirect migration background","Female","6","","","","3"
"No worries","1984","indirect migration background","Male","8","","","","3"
"No worries","1984","direct migration background","Female","255","0.131803431538698","0.115075879498206","0.14853098357919","3"
"No worries","1984","no migration background","Male","459","0.114917266654759","0.105137316561983","0.124697216747534","3"
"No worries","1984","direct migration background","Male","347","0.173558305427644","0.155988870609188","0.191127740246099","3"
"No worries","1984","no migration background","Female","299","0.0687543039932487","0.0613873963593815","0.076121211627116","3"
"Some worries","1984","indirect migration background","Female","22","","","","2"
"Some worries","1984","no migration background","Male","1617","0.393452396968474","0.378471748824148","0.4084330451128","2"
"Some worries","1984","direct migration background","Female","548","0.346190841588791","0.322665101987287","0.369716581190294","2"
"Some worries","1984","direct migration background","Male","613","0.332659180247297","0.310801574784642","0.354516785709951","2"
"Some worries","1984","indirect migration background","Male","18","","","","2"
"Some worries","1984","no migration background","Female","1611","0.355567068222389","0.341630598723405","0.369503537721374","2"
"Big worries","1985","direct migration background","Female","657","0.515376389093619","0.488657832024863","0.542094946162375","1"
"Big worries","1985","direct migration background","Male","727","0.475452416930009","0.450582842307801","0.500321991552218","1"
"Big worries","1985","indirect migration background","Female","43","0.630299853165184","0.523172788748705","0.737426917581664","1"
"Big worries","1985","indirect migration background","Male","26","","","","1"
"Big worries","1985","no migration background","Female","2190","0.530385642177126","0.515150003659699","0.545621280694554","1"
"Big worries","1985","no migration background","Male","1682","0.44384374221061","0.428032349177306","0.459655135243914","1"
"No worries","1985","indirect migration background","Female","10","","","","3"
"No worries","1985","indirect migration background","Male","14","","","","3"
"No worries","1985","no migration background","Male","472","0.126224975310061","0.115656091331808","0.136793859288314","3"
"No worries","1985","direct migration background","Female","215","0.12961062720452","0.111653967490669","0.147567286918371","3"
"No worries","1985","direct migration background","Male","255","0.145138443748516","0.12759715463338","0.162679732863651","3"
"No worries","1985","no migration background","Female","321","0.0814343959858873","0.0730850371467567","0.0897837548250179","3"
"Some worries","1985","indirect migration background","Female","25","","","","2"
"Some worries","1985","no migration background","Male","1639","0.429931282479329","0.414176232048157","0.445686332910501","2"
"Some worries","1985","direct migration background","Female","472","0.355012983701861","0.329430302371503","0.38059566503222","2"
"Some worries","1985","direct migration background","Male","567","0.379409139321475","0.355244575301565","0.403573703341385","2"
"Some worries","1985","indirect migration background","Male","25","","","","2"
"Some worries","1985","no migration background","Female","1611","0.388179961836986","0.373302717278537","0.403057206395435","2"
"Big worries","1986","direct migration background","Female","579","0.442719998546921","0.415719131263276","0.469720865830566","1"
"Big worries","1986","direct migration background","Male","685","0.424362177113275","0.399539927719039","0.449184426507512","1"
"Big worries","1986","indirect migration background","Female","43","0.499671932963292","0.39210495793299","0.607238907993593","1"
"Big worries","1986","indirect migration background","Male","41","0.606679702475937","0.494622552384401","0.718736852567473","1"
"Big worries","1986","no migration background","Female","1966","0.496539088389283","0.480932991362804","0.512145185415761","1"
"Big worries","1986","no migration background","Male","1483","0.408126246856267","0.392122350600098","0.424130143112436","1"
"No worries","1986","indirect migration background","Male","12","","","","3"
"No worries","1986","no migration background","Male","529","0.146541967875892","0.135026382522835","0.158057553228949","3"
"No worries","1986","indirect migration background","Female","10","","","","3"
"No worries","1986","direct migration background","Female","212","0.128152747718915","0.109982511320388","0.146322984117443","3"
"No worries","1986","direct migration background","Male","243","0.16386576378863","0.145275726717189","0.182455800860071","3"
"No worries","1986","no migration background","Female","364","0.0957540395674068","0.086569517892116","0.104938561242698","3"
"Some worries","1986","indirect migration background","Female","30","0.47334872265293","0.365934640812455","0.580762804493405","2"
"Some worries","1986","direct migration background","Male","595","0.411772059098095","0.387054851724238","0.436489266471951","2"
"Some worries","1986","indirect migration background","Male","20","","","","2"
"Some worries","1986","no migration background","Male","1611","0.445331785267841","0.42914828681864","0.461515283717042","2"
"Some worries","1986","direct migration background","Female","509","0.429127253734164","0.402221874456052","0.456032633012276","2"
"Some worries","1986","no migration background","Female","1613","0.407706872043311","0.392368577785949","0.423045166300672","2"
"Big worries","1987","direct migration background","Female","534","0.448817383857112","0.421790745299831","0.475844022414392","1"
"Big worries","1987","direct migration background","Male","580","0.409320103642891","0.384494541142275","0.434145666143507","1"
"Big worries","1987","indirect migration background","Female","43","0.5188309829041","0.417825268870175","0.619836696938025","1"
"Big worries","1987","indirect migration background","Male","32","0.582411277401036","0.475670482297179","0.689152072504892","1"
"Big worries","1987","no migration background","Female","1987","0.517960843322136","0.502173095420358","0.533748591223915","1"
"Big worries","1987","no migration background","Male","1434","0.406689698097443","0.390562765394805","0.422816630800082","1"
"No worries","1987","indirect migration background","Male","15","","","","3"
"No worries","1987","indirect migration background","Female","7","","","","3"
"No worries","1987","no migration background","Male","478","0.136965740705512","0.125678202415327","0.148253278995696","3"
"No worries","1987","direct migration background","Female","202","0.135540887860802","0.116940721265244","0.15414105445636","3"
"No worries","1987","direct migration background","Male","273","0.161915353420329","0.143316789004458","0.180513917836199","3"
"No worries","1987","no migration background","Female","313","0.0839906488476915","0.07522677775145","0.0927545199439329","3"
"Some worries","1987","indirect migration background","Female","44","0.449499878612051","0.34893932324921","0.550060433974893","2"
"Some worries","1987","direct migration background","Male","654","0.42876454293678","0.403777867529681","0.453751218343879","2"
"Some worries","1987","indirect migration background","Male","35","0.345600230113632","0.242668387971688","0.448532072255575","2"
"Some worries","1987","no migration background","Male","1652","0.456344561197045","0.439991933419333","0.472697188974757","2"
"Some worries","1987","direct migration background","Female","565","0.415641728282086","0.388861849201096","0.442421607363076","2"
"Some worries","1987","no migration background","Female","1548","0.398048507830172","0.382582461489188","0.413514554171156","2"
"Big worries","1988","direct migration background","Female","517","0.427609904352694","0.400205784410491","0.455014024294898","1"
"Big worries","1988","direct migration background","Male","556","0.411641841852652","0.385936261706246","0.437347421999059","1"
"Big worries","1988","indirect migration background","Female","51","0.589577326527217","0.500060401459675","0.679094251594758","1"
"Big worries","1988","indirect migration background","Male","50","0.504472697464966","0.409738052976359","0.599207341953573","1"
"Big worries","1988","no migration background","Female","1696","0.466557547050127","0.450357551230137","0.482757542870117","1"
"Big worries","1988","no migration background","Male","1131","0.335519631055968","0.319650804247994","0.351388457863942","1"
"No worries","1988","indirect migration background","Male","16","","","","3"
"No worries","1988","indirect migration background","Female","17","","","","3"
"No worries","1988","no migration background","Male","527","0.160662672087287","0.148321098504828","0.173004245669746","3"
"No worries","1988","direct migration background","Female","176","0.112303344011919","0.094813958024658","0.12979272999918","3"
"No worries","1988","direct migration background","Male","225","0.157232340878215","0.138218422098645","0.176246259657785","3"
"No worries","1988","no migration background","Female","318","0.0933191690149818","0.0838735341380397","0.102764803891924","3"
"Some worries","1988","indirect migration background","Female","48","0.289850972869196","0.207288778778325","0.372413166960068","2"
"Some worries","1988","direct migration background","Female","559","0.460086751635387","0.432479207023987","0.487694296246787","2"
"Some worries","1988","direct migration background","Male","627","0.431125817269132","0.405258172325593","0.456993462212671","2"
"Some worries","1988","no migration background","Male","1743","0.503817696856745","0.487014105189285","0.520621288524205","2"
"Some worries","1988","indirect migration background","Male","41","0.370029896984085","0.278548122681649","0.46151167128652","2"
"Some worries","1988","no migration background","Female","1629","0.440123283934891","0.424003772262353","0.456242795607429","2"
"Big worries","1989","direct migration background","Female","477","0.393214543886713","0.365894507377723","0.420534580395702","1"
"Big worries","1989","direct migration background","Male","490","0.354951265337272","0.329283498453804","0.38061903222074","1"
"Big worries","1989","indirect migration background","Female","55","0.433613312685922","0.350016632899801","0.517209992472042","1"
"Big worries","1989","indirect migration background","Male","43","0.337263880238665","0.253371327001859","0.42115643347547","1"
"Big worries","1989","no migration background","Female","1358","0.390595356249475","0.374441267677539","0.406749444821411","1"
"Big worries","1989","no migration background","Male","865","0.275460234011915","0.260157489667085","0.290762978356744","1"
"No worries","1989","indirect migration background","Female","17","","","","3"
"No worries","1989","indirect migration background","Male","27","","","","3"
"No worries","1989","no migration background","Male","758","0.235174830763864","0.220647518916912","0.249702142610817","3"
"No worries","1989","direct migration background","Female","221","0.161963115141858","0.14135735998315","0.182568870300566","3"
"No worries","1989","direct migration background","Male","284","0.217974826819418","0.19582751627002","0.240122137368816","3"
"No worries","1989","no migration background","Female","457","0.13317387437541","0.121924158454635","0.144423590296186","3"
"Some worries","1989","indirect migration background","Female","63","0.434452210966847","0.350836696334915","0.518067725598778","2"
"Some worries","1989","no migration background","Male","1651","0.489364935224221","0.4722419100894","0.506487960359042","2"
"Some worries","1989","direct migration background","Female","530","0.444822340971429","0.417027883973134","0.472616797969724","2"
"Some worries","1989","direct migration background","Male","561","0.42707390784331","0.400539568540734","0.453608247145885","2"
"Some worries","1989","indirect migration background","Male","52","0.437056996144561","0.349039415461891","0.525074576827232","2"
"Some worries","1989","no migration background","Female","1689","0.476230769375115","0.459694225059166","0.492767313691063","2"
"Big worries","1990","direct migration background","Female","428","0.346075065544834","0.319859940601422","0.372290190488246","1"
"Big worries","1990","direct migration background","Male","444","0.317456094924192","0.293029208198334","0.341882981650049","1"
"Big worries","1990","indirect migration background","Female","50","0.331221494502418","0.255395582459631","0.407047406545204","1"
"Big worries","1990","indirect migration background","Male","42","0.30899373649759","0.233782986418198","0.384204486576983","1"
"Big worries","1990","no migration background","Female","1975","0.324405034735284","0.312228116439485","0.336581953031083","1"
"Big worries","1990","no migration background","Male","1384","0.23967855613769","0.228101416070821","0.25125569620456","1"
"No worries","1990","indirect migration background","Female","31","0.21750753119265","0.151042308228201","0.283972754157099","3"
"No worries","1990","indirect migration background","Male","43","0.27774130732132","0.204840772185505","0.350641842457135","3"
"No worries","1990","no migration background","Male","1475","0.305711586553877","0.293217227380559","0.318205945727196","3"
"No worries","1990","direct migration background","Female","246","0.182546037526416","0.161258732409007","0.203833342643824","3"
"No worries","1990","direct migration background","Male","340","0.253803874625534","0.230967003242734","0.276640746008335","3"
"No worries","1990","no migration background","Female","1082","0.200639134742742","0.190222446625536","0.211055822859948","3"
"Some worries","1990","indirect migration background","Female","67","0.451270974304932","0.371100417421494","0.53144153118837","2"
"Some worries","1990","no migration background","Male","2364","0.454609857308433","0.441105897260613","0.468113817356252","2"
"Some worries","1990","direct migration background","Female","591","0.471378896928751","0.443870825432036","0.498886968425465","2"
"Some worries","1990","direct migration background","Male","611","0.428740030450274","0.402769853984684","0.454710206915864","2"
"Some worries","1990","indirect migration background","Male","60","0.413264956181089","0.333115718911523","0.493414193450656","2"
"Some worries","1990","no migration background","Female","2621","0.474955830521974","0.461966854093593","0.487944806950354","2"
"Big worries","1991","direct migration background","Male","589","0.446812557505166","0.420447933446466","0.473177181563865","1"
"Big worries","1991","indirect migration background","Female","89","0.577858514412617","0.504472510057185","0.651244518768048","1"
"Big worries","1991","indirect migration background","Male","74","0.500786848950099","0.426707265226868","0.574866432673329","1"
"Big worries","1991","no migration background","Female","2728","0.501128195483734","0.487936919920628","0.514319471046839","1"
"Big worries","1991","no migration background","Male","1815","0.356700568643717","0.34352397982153","0.369877157465903","1"
"Big worries","1991","direct migration background","Female","577","0.462178321902471","0.434572766264355","0.489783877540588","1"
"No worries","1991","indirect migration background","Male","31","0.138016919793483","0.0869141308297114","0.189119708757255","3"
"No worries","1991","indirect migration background","Female","22","","","","3"
"No worries","1991","no migration background","Male","741","0.151235688798262","0.141380494097634","0.16109088349889","3"
"No worries","1991","direct migration background","Male","206","0.131398101126842","0.113482653110812","0.149313549142872","3"
"No worries","1991","no migration background","Female","373","0.07190884120201","0.0650932370807161","0.0787244453233039","3"
"No worries","1991","direct migration background","Female","161","0.104769471460683","0.0878121452860806","0.121726797635286","3"
"Some worries","1991","indirect migration background","Female","63","0.328217834994162","0.258447824237644","0.39798784575068","2"
"Some worries","1991","no migration background","Male","2521","0.492063742558022","0.478311934583121","0.505815550532923","2"
"Some worries","1991","direct migration background","Female","515","0.433052206636846","0.405616622067779","0.460487791205912","2"
"Some worries","1991","direct migration background","Male","571","0.421789341367993","0.395600662614808","0.447978020121177","2"
"Some worries","1991","indirect migration background","Male","70","0.361196231256419","0.290028289366434","0.432364173146403","2"
"Some worries","1991","no migration background","Female","2418","0.426962963314256","0.413913148699449","0.440012777929064","2"
"Big worries","1992","direct migration background","Male","658","0.506760885132414","0.479831006486931","0.533690763777897","1"
"Big worries","1992","indirect migration background","Female","107","0.52939193827798","0.460559881125884","0.598223995430077","1"
"Big worries","1992","indirect migration background","Male","98","0.499312338826609","0.430867492287809","0.56775718536541","1"
"Big worries","1992","no migration background","Female","2584","0.465003226918364","0.451728308725246","0.478278145111483","1"
"Big worries","1992","no migration background","Male","1727","0.336187895838262","0.322990419062327","0.349385372614197","1"
"Big worries","1992","direct migration background","Female","632","0.527282282327867","0.499290212207902","0.555274352447831","1"
"No worries","1992","indirect migration background","Female","21","","","","3"
"No worries","1992","indirect migration background","Male","28","","","","3"
"No worries","1992","no migration background","Male","757","0.169205276008037","0.158730829055925","0.17967972296015","3"
"No worries","1992","direct migration background","Male","171","0.10249247218172","0.08615559166428","0.118829352699159","3"
"No worries","1992","no migration background","Female","447","0.0868423662923403","0.0793474464899208","0.0943372860947598","3"
"No worries","1992","direct migration background","Female","139","0.0866630403792844","0.0708889267525774","0.102437154005991","3"
"Some worries","1992","indirect migration background","Female","74","0.336764379555301","0.271591126015467","0.401937633095136","2"
"Some worries","1992","no migration background","Male","2438","0.494606828153701","0.480639220569386","0.508574435738016","2"
"Some worries","1992","direct migration background","Female","451","0.386054677292849","0.358758505368518","0.41335084921718","2"
"Some worries","1992","direct migration background","Male","495","0.390746642685866","0.36446510982998","0.417028175541752","2"
"Some worries","1992","indirect migration background","Male","79","0.404255115059307","0.337076803614692","0.471433426503923","2"
"Some worries","1992","no migration background","Female","2392","0.448154406789295","0.434918584915094","0.461390228663497","2"
"Big worries","1993","direct migration background","Male","728","0.556323406025989","0.529159422873312","0.583487389178665","1"
"Big worries","1993","indirect migration background","Female","133","0.572111777976561","0.508445463654194","0.635778092298928","1"
"Big worries","1993","indirect migration background","Male","115","0.523924208825318","0.46047416965723","0.587374247993406","1"
"Big worries","1993","no migration background","Female","2820","0.524668650441084","0.511247990174073","0.538089310708094","1"
"Big worries","1993","no migration background","Male","1835","0.371177263639434","0.357555309019108","0.384799218259759","1"
"Big worries","1993","direct migration background","Female","724","0.614500732257823","0.58680079868413","0.642200665831516","1"
"No worries","1993","indirect migration background","Male","18","","","","3"
"No worries","1993","indirect migration background","Female","12","","","","3"
"No worries","1993","no migration background","Male","603","0.132857452839029","0.123287212662784","0.142427693015275","3"
"No worries","1993","direct migration background","Male","116","0.0927540974503888","0.0768932792630214","0.108614915637756","3"
"No worries","1993","direct migration background","Female","75","0.0559278445574343","0.0428504152245104","0.0690052738903581","3"
"No worries","1993","no migration background","Female","313","0.0626547050815679","0.0561420250350413","0.0691673851280946","3"
"Some worries","1993","direct migration background","Male","441","0.350922496523623","0.32482791053015","0.377017082517095","2"
"Some worries","1993","indirect migration background","Female","87","0.40826005833484","0.34501334128297","0.47150677538671","2"
"Some worries","1993","no migration background","Male","2394","0.495965283521537","0.481867835811599","0.510062731231475","2"
"Some worries","1993","direct migration background","Female","387","0.329571423184743","0.302819390950392","0.356323455419094","2"
"Some worries","1993","indirect migration background","Male","105","0.410794981415975","0.348291329057197","0.473298633774752","2"
"Some worries","1993","no migration background","Female","2186","0.412676644477348","0.399446131691229","0.425907157263468","2"
"Big worries","1994","direct migration background","Male","605","0.494002802763076","0.46577394342656","0.522231662099593","1"
"Big worries","1994","indirect migration background","Female","143","0.627856031647027","0.567574380137608","0.688137683156446","1"
"Big worries","1994","indirect migration background","Male","115","0.502419081061638","0.439682896992614","0.565155265130662","1"
"Big worries","1994","no migration background","Female","2697","0.507301036279174","0.493810804957497","0.520791267600851","1"
"Big worries","1994","no migration background","Male","1811","0.372372479482072","0.358628770156788","0.386116188807357","1"
"Big worries","1994","direct migration background","Female","649","0.585629299182085","0.557133354098928","0.614125244265242","1"
"No worries","1994","indirect migration background","Female","20","","","","3"
"No worries","1994","indirect migration background","Male","23","","","","3"
"No worries","1994","no migration background","Male","610","0.135812341196596","0.126072814961095","0.145551867432096","3"
"No worries","1994","direct migration background","Male","112","0.0877943918946408","0.07181595381385","0.103772829975432","3"
"No worries","1994","direct migration background","Female","80","0.0469568776172989","0.0347196502788992","0.0591941049556985","3"
"No worries","1994","no migration background","Female","323","0.0659412265912144","0.0592445193981049","0.0726379337843239","3"
"Some worries","1994","direct migration background","Male","488","0.418202805342283","0.390352250615851","0.446053360068715","2"
"Some worries","1994","direct migration background","Female","419","0.367413823200616","0.339525991965307","0.395301654435926","2"
"Some worries","1994","indirect migration background","Female","84","0.330948976625391","0.272266321525038","0.389631631725743","2"
"Some worries","1994","no migration background","Male","2332","0.491815179321332","0.477602498844974","0.50602785979769","2"
"Some worries","1994","indirect migration background","Male","106","0.425041010664005","0.36301311754778","0.487068903780229","2"
"Some worries","1994","no migration background","Female","2256","0.426757737129612","0.413411602538286","0.440103871720938","2"
"Big worries","1995","direct migration background","Male","782","0.548280509410624","0.522239664314207","0.574321354507042","1"
"Big worries","1995","indirect migration background","Female","149","0.569547814421487","0.508775531045992","0.630320097796982","1"
"Big worries","1995","indirect migration background","Male","128","0.51966761771545","0.458346260064396","0.580988975366505","1"
"Big worries","1995","no migration background","Female","2635","0.501395780169323","0.48784755095802","0.514944009380625","1"
"Big worries","1995","no migration background","Male","1789","0.372459621237828","0.358668755600886","0.386250486874771","1"
"Big worries","1995","direct migration background","Female","821","0.605678007284245","0.579875026180988","0.631480988387503","1"
"No worries","1995","indirect migration background","Female","14","","","","3"
"No worries","1995","direct migration background","Male","99","0.0789858022137784","0.0648725554601333","0.0930990489674236","3"
"No worries","1995","indirect migration background","Male","29","","","","3"
"No worries","1995","no migration background","Male","665","0.146411092748903","0.136326869234925","0.156495316262881","3"
"No worries","1995","direct migration background","Female","96","0.0694159946551652","0.0559966579604601","0.0828353313498703","3"
"No worries","1995","no migration background","Female","349","0.0682980268298204","0.0614627389647744","0.0751333146948665","3"
"Some worries","1995","direct migration background","Male","522","0.372733688375597","0.347432287900132","0.398035088851062","2"
"Some worries","1995","no migration background","Male","2267","0.481129286013269","0.466876769043524","0.495381802983013","2"
"Some worries","1995","direct migration background","Female","461","0.32490599806059","0.300178255459065","0.349633740662114","2"
"Some worries","1995","indirect migration background","Female","92","0.378568644851853","0.319037134335395","0.438100155368311","2"
"Some worries","1995","indirect migration background","Male","98","0.389520248338526","0.329668250448592","0.449372246228459","2"
"Some worries","1995","no migration background","Female","2248","0.430306193000857","0.416890170721434","0.44372221528028","2"
"Big worries","1996","direct migration background","Male","578","0.441597350951591","0.414665669607727","0.468529032295455","1"
"Big worries","1996","indirect migration background","Female","138","0.493291981872101","0.434732126988932","0.551851836755269","1"
"Big worries","1996","indirect migration background","Male","100","0.377084734862361","0.319059800649059","0.435109669075663","1"
"Big worries","1996","no migration background","Female","2301","0.440754503053638","0.427265524194387","0.45424348191289","1"
"Big worries","1996","no migration background","Male","1488","0.296774426877407","0.283736103203222","0.309812750551592","1"
"Big worries","1996","direct migration background","Female","657","0.53061444234131","0.50344379504382","0.557785089638801","1"
"No worries","1996","indirect migration background","Female","31","0.0736100838011804","0.0430232417110938","0.104196925891267","3"
"No worries","1996","direct migration background","Male","171","0.133802610213545","0.115338974168772","0.152266246258318","3"
"No worries","1996","indirect migration background","Male","50","0.177879364804604","0.132095626182374","0.223663103426834","3"
"No worries","1996","no migration background","Male","826","0.189563452661857","0.178376855302","0.200750050021713","3"
"No worries","1996","direct migration background","Female","125","0.0785609916509181","0.0639128555821114","0.0932091277197249","3"
"No worries","1996","no migration background","Female","421","0.0827173497859689","0.0752334262366471","0.0902012733352908","3"
"Some worries","1996","direct migration background","Male","557","0.424600038834864","0.397792840257048","0.451407237412681","2"
"Some worries","1996","no migration background","Male","2402","0.513662120460736","0.499397211267607","0.527927029653865","2"
"Some worries","1996","direct migration background","Female","514","0.390824566007772","0.364259695204345","0.417389436811198","2"
"Some worries","1996","indirect migration background","Female","111","0.433097934326719","0.37505943811469","0.491136430538748","2"
"Some worries","1996","indirect migration background","Male","118","0.445035900333034","0.385536763961792","0.504535036704276","2"
"Some worries","1996","no migration background","Female","2482","0.476528147160393","0.462958442562861","0.490097851757925","2"
"Big worries","1997","direct migration background","Male","438","0.350371085548995","0.323944398037273","0.376797773060717","1"
"Big worries","1997","indirect migration background","Female","105","0.349903764584872","0.294039741507918","0.405767787661827","1"
"Big worries","1997","indirect migration background","Male","82","0.303055073208918","0.250160745458571","0.355949400959265","1"
"Big worries","1997","no migration background","Female","1965","0.388091732253684","0.374755225246801","0.401428239260567","1"
"Big worries","1997","no migration background","Male","1167","0.246823030600668","0.234453006474412","0.259193054726923","1"
"Big worries","1997","direct migration background","Female","511","0.43634422303491","0.408583904032113","0.464104542037706","1"
"No worries","1997","direct migration background","Male","254","0.215568723417766","0.192790688613263","0.238346758222269","3"
"No worries","1997","indirect migration background","Female","47","0.132624749633901","0.0928978313728356","0.172351667894967","3"
"No worries","1997","no migration background","Male","1213","0.268471024721242","0.255756689220454","0.28118536022203","3"
"No worries","1997","indirect migration background","Male","70","0.22126331396954","0.17348848777417","0.269038140164911","3"
"No worries","1997","direct migration background","Female","173","0.138937869047153","0.119576751685178","0.158298986409128","3"
"No worries","1997","no migration background","Female","676","0.133862195017652","0.124543519060959","0.143180870974344","3"
"Some worries","1997","direct migration background","Female","542","0.424717907917937","0.397048901122005","0.452386914713869","2"
"Some worries","1997","direct migration background","Male","560","0.434060191033239","0.406606165887752","0.461514216178727","2"
"Some worries","1997","indirect migration background","Female","128","0.517471485781226","0.458942125351327","0.576000846211126","2"
"Some worries","1997","no migration background","Male","2287","0.48470594467809","0.470367701896266","0.499044187459915","2"
"Some worries","1997","indirect migration background","Male","138","0.475681612821541","0.418203193241148","0.533160032401935","2"
"Some worries","1997","no migration background","Female","2488","0.478046072728664","0.464375626100732","0.491716519356596","2"
"Big worries","1998","direct migration background","Male","459","0.376423320209486","0.349181059475737","0.403665580943236","1"
"Big worries","1998","indirect migration background","Female","133","0.461171951063749","0.403897869105376","0.518446033022123","1"
"Big worries","1998","indirect migration background","Male","108","0.380546305746106","0.326411444235198","0.434681167257013","1"
"Big worries","1998","no migration background","Female","2505","0.436663371329106","0.423989594840233","0.449337147817979","1"
"Big worries","1998","no migration background","Male","1647","0.30903911252975","0.296674039547021","0.321404185512479","1"
"Big worries","1998","direct migration background","Female","549","0.490382351552518","0.461991275308599","0.518773427796438","1"
"No worries","1998","direct migration background","Male","191","0.171022772836801","0.149850951331462","0.19219459434214","3"
"No worries","1998","indirect migration background","Female","31","0.090155834701433","0.0572493096458193","0.123062359757047","3"
"No worries","1998","no migration background","Male","1044","0.203339493371656","0.192569616442171","0.214109370301141","3"
"No worries","1998","direct migration background","Female","141","0.113555168198768","0.0955365485110075","0.131573787886528","3"
"No worries","1998","indirect migration background","Male","52","0.120936738262467","0.0845822494757351","0.157291227049199","3"
"No worries","1998","no migration background","Female","609","0.107616626763034","0.0996977407924955","0.115535512733573","3"
"Some worries","1998","direct migration background","Female","501","0.396062480248714","0.368286456985679","0.423838503511749","2"
"Some worries","1998","direct migration background","Male","565","0.452553906953713","0.424566298360029","0.480541515547397","2"
"Some worries","1998","indirect migration background","Female","127","0.448672214234818","0.391528150130744","0.505816278338891","2"
"Some worries","1998","no migration background","Male","2674","0.487621394098594","0.474246199862457","0.500996588334731","2"
"Some worries","1998","indirect migration background","Male","149","0.498516955991427","0.442767973496933","0.554265938485922","2"
"Some worries","1998","no migration background","Female","2769","0.45572000190786","0.442993504324094","0.468446499491627","2"
"Big worries","1999","direct migration background","Male","442","0.419317074969019","0.3903665265287","0.448267623409338","1"
"Big worries","1999","indirect migration background","Female","134","0.474215587085096","0.417805520912296","0.530625653257896","1"
"Big worries","1999","indirect migration background","Male","113","0.365909929791387","0.312115747975279","0.419704111607495","1"
"Big worries","1999","no migration background","Female","2424","0.454537777629327","0.441601148462328","0.467474406796326","1"
"Big worries","1999","no migration background","Male","1627","0.327758342665969","0.315008821030673","0.340507864301265","1"
"Big worries","1999","direct migration background","Female","509","0.502832870392989","0.473325985094311","0.532339755691667","1"
"No worries","1999","direct migration background","Male","180","0.147724992426409","0.126907287018768","0.168542697834051","3"
"No worries","1999","indirect migration background","Female","33","0.0727370848298325","0.0433981572984671","0.102076012361198","3"
"No worries","1999","no migration background","Male","966","0.182596089572049","0.172102637240922","0.193089541903176","3"
"No worries","1999","direct migration background","Female","136","0.127049259774405","0.107395697774361","0.146702821774448","3"
"No worries","1999","indirect migration background","Male","67","0.19274514423463","0.148692722456713","0.236797566012547","3"
"No worries","1999","no migration background","Female","561","0.0885439455234961","0.0811631852378811","0.0959247058091111","3"
"Some worries","1999","no migration background","Male","2614","0.489645567761982","0.47606771291989","0.503223422604074","2"
"Some worries","1999","direct migration background","Female","458","0.370117869832606","0.341623437749666","0.398612301915546","2"
"Some worries","1999","direct migration background","Male","494","0.432957932604572","0.403887835402287","0.462028029806857","2"
"Some worries","1999","indirect migration background","Female","134","0.453047328085072","0.396811705955993","0.50928295021415","2"
"Some worries","1999","indirect migration background","Male","128","0.441344925973982","0.385890824143729","0.496799027804236","2"
"Some worries","1999","no migration background","Female","2706","0.456918276847177","0.443976149852652","0.469860403841701","2"
"Big worries","2000","direct migration background","Male","497","0.297542638597755","0.275341658991086","0.319743618204424","1"
"Big worries","2000","indirect migration background","Female","156","0.388043573436328","0.341046202617102","0.435040944255555","1"
"Big worries","2000","indirect migration background","Male","102","0.257274693834438","0.21480652530162","0.299742862367256","1"
"Big worries","2000","no migration background","Female","3913","0.382452032342545","0.373116339352956","0.391787725332135","1"
"Big worries","2000","no migration background","Male","2533","0.268608075576646","0.259702633413529","0.277513517739763","1"
"Big worries","2000","direct migration background","Female","634","0.378692151317296","0.355490477605611","0.401893825028981","1"
"No worries","2000","direct migration background","Male","363","0.225229616276374","0.204944065543707","0.245515167009042","3"
"No worries","2000","indirect migration background","Female","83","0.163983329852053","0.12827410817565","0.199692551528456","3"
"No worries","2000","no migration background","Male","2223","0.235588464806601","0.227062147292461","0.244114782320741","3"
"No worries","2000","direct migration background","Female","286","0.167705870324069","0.149835428456225","0.185576312191913","3"
"No worries","2000","indirect migration background","Male","114","0.29329601203738","0.249065421645836","0.337526602428924","3"
"No worries","2000","no migration background","Female","1400","0.139314749772219","0.132662884320571","0.145966615223868","3"
"Some worries","2000","no migration background","Male","4760","0.495803459616753","0.485757866551087","0.505849052682419","2"
"Some worries","2000","direct migration background","Female","759","0.453601978358635","0.42978894216384","0.477415014553431","2"
"Some worries","2000","direct migration background","Male","769","0.477227745125871","0.452972444800872","0.50148304545087","2"
"Some worries","2000","indirect migration background","Female","174","0.447973096711618","0.400013099014712","0.495933094408525","2"
"Some worries","2000","indirect migration background","Male","191","0.449429294128182","0.401102484566325","0.497756103690039","2"
"Some worries","2000","no migration background","Female","5097","0.478233217885236","0.46863742625227","0.487829009518201","2"
"Big worries","2001","direct migration background","Male","404","0.283551839748293","0.260199150795554","0.306904528701032","1"
"Big worries","2001","indirect migration background","Female","132","0.344968352049692","0.297790674659703","0.392146029439682","1"
"Big worries","2001","indirect migration background","Male","101","0.253415027956357","0.209508082927008","0.297321972985706","1"
"Big worries","2001","no migration background","Female","3177","0.342104266638648","0.332568375495307","0.351640157781988","1"
"Big worries","2001","no migration background","Male","2074","0.247181134475836","0.238109906371749","0.256252362579923","1"
"Big worries","2001","direct migration background","Female","502","0.344441895829362","0.3203221431622","0.368561648496524","1"
"No worries","2001","direct migration background","Male","328","0.227501333258593","0.205780868361883","0.249221798155304","3"
"No worries","2001","indirect migration background","Female","94","0.202158005655868","0.162299619941038","0.242016391370698","3"
"No worries","2001","no migration background","Male","2204","0.256031380324295","0.246853612057058","0.265209148591531","3"
"No worries","2001","direct migration background","Female","286","0.188609605597889","0.168752949978166","0.208466261217611","3"
"No worries","2001","indirect migration background","Male","109","0.299372490603532","0.253142164826135","0.34560281638093","3"
"No worries","2001","no migration background","Female","1491","0.157713822732107","0.150387800698493","0.165039844765722","3"
"Some worries","2001","no migration background","Male","4409","0.496787485199869","0.486273333946426","0.507301636453313","2"
"Some worries","2001","direct migration background","Female","703","0.466948498572749","0.44162472939017","0.492272267755329","2"
"Some worries","2001","direct migration background","Male","699","0.488946826993114","0.463047281979952","0.514846372006275","2"
"Some worries","2001","indirect migration background","Female","164","0.45287364229444","0.403471233085562","0.502276051503317","2"
"Some worries","2001","indirect migration background","Male","167","0.447212481440111","0.397022909906266","0.497402052973955","2"
"Some worries","2001","no migration background","Female","4840","0.500181910629245","0.490131738960382","0.510232082298108","2"
"Big worries","2002","direct migration background","Male","513","0.41596799796138","0.389743544275661","0.442192451647099","1"
"Big worries","2002","indirect migration background","Female","169","0.428701489875227","0.380562816639736","0.476840163110718","1"
"Big worries","2002","indirect migration background","Male","131","0.398489516239887","0.348670954326887","0.448308078152887","1"
"Big worries","2002","no migration background","Female","5067","0.518071361701659","0.508307678563876","0.527835044839442","1"
"Big worries","2002","no migration background","Male","3530","0.386643604159959","0.376795382969919","0.396491825349999","1"
"Big worries","2002","direct migration background","Female","630","0.450067075887278","0.424344575078595","0.47578957669596","1"
"No worries","2002","direct migration background","Male","195","0.147947472536712","0.129056899734382","0.166838045339042","3"
"No worries","2002","indirect migration background","Female","53","0.114090952549731","0.0831662703134813","0.145015634785981","3"
"No worries","2002","no migration background","Male","1445","0.153777416769829","0.146482261899991","0.161072571639667","3"
"No worries","2002","direct migration background","Female","170","0.115401207747265","0.0988816637482315","0.131920751746299","3"
"No worries","2002","indirect migration background","Male","69","0.190955976287446","0.150960226687549","0.230951725887343","3"
"No worries","2002","no migration background","Female","836","0.0824025186333459","0.0770294317155414","0.0877756055511505","3"
"Some worries","2002","no migration background","Male","4418","0.459578979070212","0.449500566686073","0.469657391454352","2"
"Some worries","2002","direct migration background","Female","637","0.434531716365457","0.408902544528729","0.460160888202184","2"
"Some worries","2002","direct migration background","Male","649","0.436084529501908","0.409699929667608","0.462469129336208","2"
"Some worries","2002","indirect migration background","Female","184","0.457207557575042","0.408750317977627","0.505664797172457","2"
"Some worries","2002","indirect migration background","Male","171","0.410554507472667","0.360497097608635","0.4606119173367","2"
"Some worries","2002","no migration background","Female","4158","0.399526119664995","0.389955343360759","0.40909689596923","2"
"Big worries","2003","direct migration background","Male","718","0.617233368526778","0.590426989798513","0.644039747255044","1"
"Big worries","2003","indirect migration background","Female","267","0.687150745609703","0.642325698645744","0.731975792573662","1"
"Big worries","2003","indirect migration background","Male","192","0.580236312528671","0.530085092048434","0.630387533008908","1"
"Big worries","2003","no migration background","Female","6626","0.706251485198121","0.69720172895533","0.715301241440911","1"
"Big worries","2003","no migration background","Male","4977","0.571868107441371","0.561675986350968","0.582060228531774","1"
"Big worries","2003","direct migration background","Female","854","0.624845569021087","0.599085349800617","0.650605788241558","1"
"No worries","2003","direct migration background","Male","85","0.0633722819893335","0.0499359850929329","0.0768085788857341","3"
"No worries","2003","indirect migration background","Female","27","","","","3"
"No worries","2003","no migration background","Male","742","0.0822690034007333","0.0766091697846067","0.0879288370168599","3"
"No worries","2003","direct migration background","Female","80","0.0639847663280052","0.0509639587842052","0.0770055738718052","3"
"No worries","2003","indirect migration background","Male","38","0.0980123903438535","0.0677977521968035","0.128227028490904","3"
"No worries","2003","no migration background","Female","408","0.0378753690811812","0.034082538377605","0.0416681997847573","3"
"Some worries","2003","no migration background","Male","3335","0.345862889157896","0.336065412833534","0.355660365482258","2"
"Some worries","2003","direct migration background","Female","423","0.311169664650908","0.286536913159813","0.335802416142003","2"
"Some worries","2003","direct migration background","Male","460","0.319394349483888","0.293681050169483","0.345107648798294","2"
"Some worries","2003","indirect migration background","Female","117","0.254601224910119","0.212484774473474","0.296717675346765","2"
"Some worries","2003","indirect migration background","Male","142","0.321751297127475","0.274279982349349","0.369222611905602","2"
"Some worries","2003","no migration background","Female","2697","0.255873145720698","0.247203423200597","0.2645428682408","2"
"Big worries","2004","direct migration background","Male","477","0.411025464437675","0.383279664692478","0.438771264182871","1"
"Big worries","2004","indirect migration background","Female","167","0.373694165402893","0.326979755161486","0.420408575644299","1"
"Big worries","2004","indirect migration background","Male","132","0.330748154453665","0.28356793973136","0.377928369175971","1"
"Big worries","2004","no migration background","Female","4339","0.480439389193366","0.47038315154647","0.490495626840261","1"
"Big worries","2004","no migration background","Male","2891","0.343665133275081","0.333727007225961","0.353603259324202","1"
"Big worries","2004","direct migration background","Female","611","0.478298775164693","0.451217390885809","0.505380159443577","1"
"No worries","2004","direct migration background","Male","199","0.159294062849866","0.138657542231469","0.179930583468263","3"
"No worries","2004","indirect migration background","Female","46","0.0901904638600159","0.0625302817207882","0.117850645999244","3"
"No worries","2004","no migration background","Male","1561","0.174085148104524","0.166150594017693","0.182019702191354","3"
"No worries","2004","direct migration background","Female","156","0.111687272915241","0.0946109215293856","0.128763624301097","3"
"No worries","2004","indirect migration background","Male","85","0.200442018526528","0.160296619882109","0.240587417170946","3"
"No worries","2004","no migration background","Female","911","0.0957768077578508","0.0898534752103399","0.101700140305362","3"
"Some worries","2004","no migration background","Male","4321","0.482249718620395","0.471793607509327","0.492705829731463","2"
"Some worries","2004","direct migration background","Female","540","0.410013951920066","0.383349633582889","0.436678270257243","2"
"Some worries","2004","direct migration background","Male","532","0.42968047271246","0.401764899285582","0.457596046139337","2"
"Some worries","2004","indirect migration background","Female","199","0.536115370737091","0.487961233772811","0.584269507701372","2"
"Some worries","2004","indirect migration background","Male","165","0.468809827019807","0.418767237024489","0.518852417015125","2"
"Some worries","2004","no migration background","Female","4232","0.423783803048784","0.413837469401871","0.433730136695696","2"
"Big worries","2005","direct migration background","Male","409","0.382824582310854","0.354293721449362","0.411355443172346","1"
"Big worries","2005","indirect migration background","Female","178","0.44958161160333","0.402287794982272","0.496875428224388","1"
"Big worries","2005","direct migration background","Female","532","0.457843793665007","0.430213356620692","0.485474230709322","1"
"Big worries","2005","indirect migration background","Male","134","0.345512611464225","0.298911026402883","0.392114196525568","1"
"Big worries","2005","no migration background","Female","4106","0.470010614475947","0.459772968174866","0.480248260777028","1"
"Big worries","2005","no migration background","Male","2701","0.329751889926506","0.319687540459975","0.339816239393038","1"
"No worries","2005","direct migration background","Male","157","0.149416476043868","0.128491335429565","0.170341616658171","3"
"No worries","2005","indirect migration background","Female","57","0.112700266613174","0.0826359543742485","0.142764578852099","3"
"No worries","2005","no migration background","Male","1530","0.179689431281207","0.171470323353985","0.187908539208429","3"
"No worries","2005","direct migration background","Female","154","0.112386169063614","0.0948701529500982","0.12990218517713","3"
"No worries","2005","indirect migration background","Male","91","0.181122040747371","0.143381046438764","0.218863035055977","3"
"No worries","2005","no migration background","Female","918","0.0999168834256075","0.0937654907729701","0.106068276078245","3"
"Some worries","2005","no migration background","Male","4151","0.490558678792287","0.479856632417777","0.501260725166796","2"
"Some worries","2005","direct migration background","Female","563","0.429770037271379","0.402315763782419","0.45722431076034","2"
"Some worries","2005","direct migration background","Male","549","0.467758941645278","0.438471873789376","0.49704600950118","2"
"Some worries","2005","indirect migration background","Female","190","0.437718121783496","0.390552242737658","0.484884000829335","2"
"Some worries","2005","indirect migration background","Male","175","0.473365347788404","0.424435817946056","0.522294877630752","2"
"Some worries","2005","no migration background","Female","4106","0.430072502098445","0.419917188344188","0.440227815852703","2"
"Big worries","2006","direct migration background","Male","458","0.416150473212879","0.387021350096017","0.445279596329741","1"
"Big worries","2006","indirect migration background","Female","186","0.452515454247116","0.404969925307032","0.5000609831872","1"
"Big worries","2006","direct migration background","Female","587","0.460999163934449","0.433594776169755","0.488403551699144","1"
"Big worries","2006","indirect migration background","Male","140","0.372017415708747","0.324047249511879","0.419987581905615","1"
"Big worries","2006","no migration background","Female","4671","0.48505324682476","0.475154316698313","0.494952176951207","1"
"Big worries","2006","no migration background","Male","3333","0.365503620244406","0.355533370503208","0.375473869985604","1"
"No worries","2006","direct migration background","Male","139","0.122552389948932","0.103173752455641","0.141931027442224","3"
"No worries","2006","no migration background","Male","1308","0.150051133994917","0.14265743677804","0.157444831211794","3"
"No worries","2006","indirect migration background","Female","46","0.0908652585774399","0.0634103435728364","0.118320173582043","3"
"No worries","2006","direct migration background","Female","126","0.100057917294599","0.083560790002571","0.116555044586627","3"
"No worries","2006","indirect migration background","Male","68","0.169333937759902","0.132111824607428","0.206556050912377","3"
"No worries","2006","no migration background","Female","813","0.08144032386056","0.0760229872353094","0.0868576604858106","3"
"Some worries","2006","no migration background","Male","4321","0.484445245760677","0.474098462104922","0.494792029416431","2"
"Some worries","2006","direct migration background","Female","558","0.438942918770952","0.411660500469113","0.46622533707279","2"
"Some worries","2006","direct migration background","Male","503","0.461297136838189","0.431838220309016","0.490756053367362","2"
"Some worries","2006","indirect migration background","Female","189","0.456619287175444","0.409037989909157","0.504200584441731","2"
"Some worries","2006","indirect migration background","Male","182","0.458648646531351","0.40919532581994","0.508101967242763","2"
"Some worries","2006","no migration background","Female","4308","0.43350642931468","0.423691037227184","0.443321821402176","2"
"Big worries","2007","direct migration background","Male","345","0.373610852778678","0.343292156842471","0.403929548714885","1"
"Big worries","2007","indirect migration background","Female","164","0.36137096182546","0.315039711349692","0.407702212301227","1"
"Big worries","2007","indirect migration background","Male","123","0.352497002149484","0.303817532882126","0.401176471416841","1"
"Big worries","2007","no migration background","Male","2587","0.314701250192453","0.304777819280472","0.324624681104434","1"
"Big worries","2007","direct migration background","Female","461","0.398434418286728","0.3699649838828","0.426903852690655","1"
"Big worries","2007","no migration background","Female","3733","0.420502945727313","0.410401058130094","0.430604833324531","1"
"No worries","2007","direct migration background","Male","153","0.15815452860252","0.135286134414479","0.181022922790561","3"
"No worries","2007","no migration background","Male","1515","0.183364460847764","0.175095625055838","0.19163329663969","3"
"No worries","2007","direct migration background","Female","123","0.0954609621866088","0.0783731883849755","0.112548735988242","3"
"No worries","2007","indirect migration background","Female","48","0.112990344488484","0.0824581580788497","0.143522530898118","3"
"No worries","2007","no migration background","Female","1001","0.108225169747378","0.101867702413415","0.114582637081341","3"
"No worries","2007","indirect migration background","Male","80","0.199313675249924","0.158608747967834","0.240018602532014","3"
"Some worries","2007","no migration background","Male","4311","0.501934288959783","0.491250153120039","0.512618424799527","2"
"Some worries","2007","direct migration background","Female","552","0.506104619526664","0.47703117034868","0.535178068704647","2"
"Some worries","2007","direct migration background","Male","480","0.468234618618802","0.436961553157039","0.499507684080564","2"
"Some worries","2007","indirect migration background","Female","201","0.525638693686056","0.477480370486003","0.573797016886109","2"
"Some worries","2007","indirect migration background","Male","167","0.448189322600592","0.397516740872401","0.498861904328783","2"
"Some worries","2007","no migration background","Female","4439","0.471271884525309","0.461056743603536","0.481487025447082","2"
"Big worries","2008","direct migration background","Male","294","0.334627281069408","0.303486681794419","0.365767880344397","1"
"Big worries","2008","indirect migration background","Female","133","0.328025509825454","0.28207333108353","0.373977688567378","1"
"Big worries","2008","indirect migration background","Male","107","0.289175299257694","0.242978798400697","0.33537180011469","1"
"Big worries","2008","no migration background","Male","2152","0.277432372081245","0.267602751644074","0.287261992518415","1"
"Big worries","2008","direct migration background","Female","422","0.405049733323448","0.374982558709095","0.435116907937801","1"
"Big worries","2008","no migration background","Female","3066","0.36910291482701","0.358968073734666","0.379237755919355","1"
"No worries","2008","direct migration background","Male","155","0.18630146898719","0.160606168305047","0.211996769669334","3"
"No worries","2008","no migration background","Male","1635","0.207210647453481","0.198312412506468","0.216108882400495","3"
"No worries","2008","direct migration background","Female","125","0.120188831959301","0.100271786931147","0.140105876987454","3"
"No worries","2008","indirect migration background","Female","68","0.16251719097597","0.126408353310388","0.198626028641553","3"
"No worries","2008","no migration background","Female","1086","0.118865749117174","0.112068810416246","0.125662687818102","3"
"No worries","2008","indirect migration background","Male","88","0.245421178195709","0.201572596208349","0.28926976018307","3"
"Some worries","2008","no migration background","Male","4183","0.515356980465274","0.504385026097952","0.526328934832596","2"
"Some worries","2008","direct migration background","Female","477","0.474761434717251","0.44417603696747","0.505346832467033","2"
"Some worries","2008","direct migration background","Male","433","0.479071249943401","0.446102459336697","0.512040040550106","2"
"Some worries","2008","indirect migration background","Female","200","0.509457299198576","0.460528088712766","0.558386509684386","2"
"Some worries","2008","indirect migration background","Male","175","0.465403522546597","0.414578789243327","0.516228255849867","2"
"Some worries","2008","no migration background","Female","4557","0.512031336055816","0.501533297033166","0.522529375078465","2"
"Big worries","2009","direct migration background","Male","265","0.368329050550634","0.334036109437114","0.402621991664153","1"
"Big worries","2009","indirect migration background","Female","131","0.315576111355925","0.267898301347808","0.363253921364041","1"
"Big worries","2009","direct migration background","Female","341","0.393102302458866","0.361262203086716","0.424942401831016","1"
"Big worries","2009","indirect migration background","Male","90","0.241506005426357","0.196343442042412","0.286668568810302","1"
"Big worries","2009","no migration background","Male","1849","0.253524121965848","0.243688515781513","0.263359728150182","1"
"Big worries","2009","no migration background","Female","2814","0.361791959439524","0.351371803121663","0.372212115757384","1"
"No worries","2009","direct migration background","Male","127","0.179521721988253","0.152236132466501","0.206807311510004","3"
"No worries","2009","no migration background","Male","1606","0.213631110577609","0.204364327233694","0.222897893921523","3"
"No worries","2009","no migration background","Female","975","0.118232683884602","0.111230888491605","0.125234479277598","3"
"No worries","2009","direct migration background","Female","115","0.122165927918892","0.100818520363067","0.143513335474717","3"
"No worries","2009","indirect migration background","Female","38","0.0934792850722656","0.0636152686161279","0.123343301528403","3"
"No worries","2009","indirect migration background","Male","73","0.208784341636668","0.165896425752929","0.251672257520407","3"
"Some worries","2009","no migration background","Male","4060","0.532844767456544","0.521564625630973","0.544124909282115","2"
"Some worries","2009","direct migration background","Female","448","0.484731769622242","0.452153253357874","0.51731028588661","2"
"Some worries","2009","direct migration background","Male","368","0.452149227461114","0.416764705669949","0.487533749252278","2"
"Some worries","2009","indirect migration background","Female","196","0.59094460357181","0.540505645399386","0.641383561744233","2"
"Some worries","2009","indirect migration background","Male","182","0.549709652936975","0.497210590974065","0.602208714899886","2"
"Some worries","2009","no migration background","Female","4380","0.519975356675875","0.509141407583899","0.530809305767851","2"
"Big worries","2010","direct migration background","Male","456","0.354376745807631","0.328284758414152","0.380468733201111","1"
"Big worries","2010","indirect migration background","Female","234","0.308650402263804","0.272693212425199","0.344607592102409","1"
"Big worries","2010","no migration background","Male","2340","0.269672980097249","0.260561376709873","0.278784583484624","1"
"Big worries","2010","direct migration background","Female","604","0.37439174084429","0.350640729128956","0.398142752559624","1"
"Big worries","2010","indirect migration background","Male","147","0.265387493735498","0.22721628462425","0.303558702846747","1"
"Big worries","2010","no migration background","Female","3692","0.359657891371439","0.350616294202195","0.368699488540682","1"
"No worries","2010","direct migration background","Male","208","0.169432700685158","0.148969620751537","0.189895780618779","3"
"No worries","2010","no migration background","Male","1987","0.220931205290858","0.212413279710182","0.229449130871534","3"
"No worries","2010","no migration background","Female","1340","0.121434592034923","0.115280661564457","0.127588522505389","3"
"No worries","2010","direct migration background","Female","192","0.111630413833402","0.0961758819231703","0.127084945743634","3"
"No worries","2010","indirect migration background","Male","104","0.248476716663825","0.211118976122191","0.285834457205459","3"
"No worries","2010","indirect migration background","Female","78","0.144443849827781","0.11707999684755","0.171807702808012","3"
"Some worries","2010","no migration background","Male","4786","0.509395814611893","0.499131954685249","0.519659674538538","2"
"Some worries","2010","direct migration background","Female","799","0.513977845322307","0.489449515334375","0.53850617531024","2"
"Some worries","2010","direct migration background","Male","627","0.47619055350721","0.448947108718698","0.503433998295723","2"
"Some worries","2010","indirect migration background","Female","322","0.546905747908415","0.508157329345532","0.585654166471298","2"
"Some worries","2010","indirect migration background","Male","263","0.486135789600676","0.442927257286992","0.52934432191436","2"
"Some worries","2010","no migration background","Female","5790","0.518907516593638","0.509493963144448","0.528321070042828","2"
"Big worries","2011","direct migration background","Male","291","0.330548854858609","0.299450964621046","0.361646745096171","1"
"Big worries","2011","indirect migration background","Female","147","0.368951872808744","0.322472097370716","0.415431648246773","1"
"Big worries","2011","no migration background","Female","3533","0.385830510998289","0.375968266382895","0.395692755613683","1"
"Big worries","2011","no migration background","Male","2362","0.290436834446804","0.280763319922059","0.300110348971549","1"
"Big worries","2011","direct migration background","Female","441","0.379134717746431","0.350450387755744","0.407819047737117","1"
"Big worries","2011","indirect migration background","Male","119","0.296938594663852","0.250755383992887","0.343121805334816","1"
"No worries","2011","no migration background","Male","1770","0.206334913109975","0.197711724062028","0.214958102157922","3"
"No worries","2011","direct migration background","Male","134","0.144471041362739","0.121229688076558","0.16771239464892","3"
"No worries","2011","no migration background","Female","1073","0.111707799343064","0.105325854594589","0.11808974409154","3"
"No worries","2011","direct migration background","Female","128","0.115425279448652","0.0965337563296256","0.134316802567679","3"
"No worries","2011","indirect migration background","Female","49","0.135212421855272","0.102273381848858","0.168151461861686","3"
"No worries","2011","indirect migration background","Male","77","0.239789593405793","0.196634084791576","0.28294510202001","3"
"Some worries","2011","no migration background","Male","4328","0.503228252443221","0.492573978442214","0.513882526444229","2"
"Some worries","2011","direct migration background","Female","530","0.505440002804917","0.475880743799358","0.534999261810476","2"
"Some worries","2011","direct migration background","Male","454","0.524980103778652","0.491967409053939","0.557992798503366","2"
"Some worries","2011","indirect migration background","Female","218","0.495835705335984","0.44767388849245","0.543997522179518","2"
"Some worries","2011","indirect migration background","Male","180","0.463271811930355","0.412869633351782","0.513673990508929","2"
"Some worries","2011","no migration background","Female","4753","0.502461689658646","0.492331954099421","0.512591425217871","2"
"Big worries","2012","direct migration background","Male","310","0.34579154823957","0.314058780320076","0.377524316159063","1"
"Big worries","2012","indirect migration background","Female","146","0.313682340248724","0.269041571557151","0.358323108940298","1"
"Big worries","2012","no migration background","Female","3409","0.361363473482058","0.351623507472274","0.371103439491841","1"
"Big worries","2012","no migration background","Male","2243","0.2641013842123","0.254676553377037","0.273526215047563","1"
"Big worries","2012","direct migration background","Female","412","0.367759410330549","0.338880790085326","0.396638030575772","1"
"Big worries","2012","indirect migration background","Male","108","0.247950173455277","0.204475732908301","0.291424614002253","1"
"No worries","2012","no migration background","Male","1849","0.224089250326037","0.215174778261511","0.233003722390563","3"
"No worries","2012","direct migration background","Male","139","0.169633364227525","0.144593424670459","0.19467330378459","3"
"No worries","2012","no migration background","Female","1204","0.129486181612946","0.12267914659161","0.136293216634281","3"
"No worries","2012","direct migration background","Female","133","0.121261815490425","0.101711888587517","0.140811742393333","3"
"No worries","2012","indirect migration background","Male","108","0.306347632011132","0.259938153705869","0.352757110316394","3"
"No worries","2012","indirect migration background","Female","71","0.182285335613321","0.145140298051575","0.219430373175067","3"
"Some worries","2012","no migration background","Male","4313","0.511809365461663","0.501123048085396","0.52249568283793","2"
"Some worries","2012","direct migration background","Female","526","0.510978774179026","0.481041059802731","0.540916488555322","2"
"Some worries","2012","direct migration background","Male","414","0.484575087532906","0.451231990404288","0.517918184661523","2"
"Some worries","2012","indirect migration background","Female","198","0.504032324137955","0.455928464501611","0.552136183774298","2"
"Some worries","2012","indirect migration background","Male","163","0.445702194533592","0.395661601044685","0.495742788022499","2"
"Some worries","2012","no migration background","Female","4732","0.509150344904997","0.499014599238115","0.519286090571878","2"
"Big worries","2013","direct migration background","Male","222","0.289455642854532","0.256512198140514","0.32239908756855","1"
"Big worries","2013","indirect migration background","Female","116","0.260736977162245","0.21600191614889","0.3054720381756","1"
"Big worries","2013","no migration background","Female","2987","0.346849330197718","0.33685528400655","0.356843376388887","1"
"Big worries","2013","no migration background","Male","1960","0.248792825971212","0.239175992672384","0.258409659270039","1"
"Big worries","2013","direct migration background","Female","334","0.356508369525445","0.326034942245705","0.386981796805186","1"
"Big worries","2013","indirect migration background","Male","89","0.207864339459902","0.164983957327325","0.250744721592479","1"
"No worries","2013","direct migration background","Male","124","0.172661730430132","0.145206695363477","0.200116765496787","3"
"No worries","2013","no migration background","Female","1122","0.123580937923927","0.116670654107072","0.130491221740781","3"
"No worries","2013","no migration background","Male","1788","0.239505756414293","0.230011974711456","0.248999538117131","3"
"No worries","2013","direct migration background","Female","139","0.168030334314604","0.144242079799204","0.191818588830004","3"
"No worries","2013","indirect migration background","Female","53","0.159727545294894","0.122398472633058","0.19705661795673","3"
"No worries","2013","indirect migration background","Male","94","0.35156370744215","0.301108668627646","0.402018746256653","3"
"Some worries","2013","direct migration background","Female","476","0.47546129615995","0.443688068162681","0.50723452415722","2"
"Some worries","2013","direct migration background","Male","382","0.537882626715336","0.501666474405706","0.574098779024967","2"
"Some worries","2013","indirect migration background","Female","201","0.57953547754286","0.529237338013856","0.629833617071865","2"
"Some worries","2013","indirect migration background","Male","161","0.440571953097948","0.388109401313364","0.493034504882532","2"
"Some worries","2013","no migration background","Female","4604","0.529569731878355","0.519089438508323","0.540050025248387","2"
"Some worries","2013","no migration background","Male","4015","0.511701417614495","0.500581941155475","0.522820894073515","2"
"Big worries","2014","direct migration background","Male","985","0.406587082789798","0.386560658890613","0.426613506688984","1"
"Big worries","2014","indirect migration background","Female","437","0.433317132194548","0.401839461442014","0.464794802947082","1"
"Big worries","2014","no migration background","Female","4570","0.419851318793215","0.410589571184264","0.429113066402167","1"
"Big worries","2014","no migration background","Male","2930","0.305496237477025","0.296129669951827","0.314862805002224","1"
"Big worries","2014","direct migration background","Female","1328","0.452683778870549","0.43416744571174","0.471200112029358","1"
"Big worries","2014","indirect migration background","Male","324","0.348150262882348","0.315838402444056","0.380462123320639","1"
"No worries","2014","direct migration background","Male","317","0.144394993923498","0.130064510366638","0.158725477480359","3"
"No worries","2014","no migration background","Female","1126","0.0997680894845203","0.0941440474766793","0.105392131492361","3"
"No worries","2014","no migration background","Male","1709","0.188621375981105","0.180666242533949","0.19657650942826","3"
"No worries","2014","direct migration background","Female","254","0.108903066875802","0.0973147359234155","0.120491397828189","3"
"No worries","2014","indirect migration background","Female","117","0.143503056509763","0.121232908612045","0.165773204407481","3"
"No worries","2014","indirect migration background","Male","150","0.226945484555695","0.198535520321021","0.255355448790368","3"
"Some worries","2014","direct migration background","Female","1194","0.438413154253649","0.419954985525442","0.456871322981855","2"
"Some worries","2014","direct migration background","Male","1009","0.449017923286703","0.428738822551839","0.469297024021568","2"
"Some worries","2014","indirect migration background","Female","398","0.423179811295689","0.391795520926759","0.454564101664618","2"
"Some worries","2014","indirect migration background","Male","361","0.424904252561958","0.391375262645656","0.458433242478259","2"
"Some worries","2014","no migration background","Female","5212","0.480380591722264","0.471004735588238","0.48975644785629","2"
"Some worries","2014","no migration background","Male","4651","0.50588238654187","0.495715682505728","0.516049090578012","2"
"Big worries","2015","direct migration background","Male","904","0.493331226270576","0.471060889365791","0.515601563175362","1"
"Big worries","2015","indirect migration background","Female","458","0.510094183027151","0.47693357747119","0.543254788583112","1"
"Big worries","2015","direct migration background","Female","1198","0.516608085393295","0.496450876897039","0.53676529388955","1"
"Big worries","2015","no migration background","Female","5304","0.52858741193423","0.518958369759315","0.538216454109145","1"
"Big worries","2015","no migration background","Male","3706","0.416641716861888","0.406316607006633","0.426966826717142","1"
"Big worries","2015","indirect migration background","Male","326","0.410301709270332","0.375121799593138","0.445481618947526","1"
"No worries","2015","direct migration background","Male","226","0.106198329200451","0.092474514749212","0.119922143651691","3"
"No worries","2015","no migration background","Female","698","0.0612598881461078","0.0566341091423181","0.0658856671498975","3"
"No worries","2015","no migration background","Male","941","0.106040294773558","0.099592071666117","0.112488517880998","3"
"No worries","2015","direct migration background","Female","187","0.0786627284336712","0.0678036262302001","0.0895218306371423","3"
"No worries","2015","indirect migration background","Male","99","0.139348991158978","0.114580840652266","0.16411714166569","3"
"No worries","2015","indirect migration background","Female","63","0.0665684118393835","0.0500329505868063","0.0831038730919607","3"
"Some worries","2015","direct migration background","Female","976","0.404729186173034","0.384930350360948","0.424528021985121","2"
"Some worries","2015","direct migration background","Male","806","0.400470444528972","0.378643851625628","0.422297037432317","2"
"Some worries","2015","indirect migration background","Female","352","0.423337405133465","0.390562217863525","0.456112592403406","2"
"Some worries","2015","indirect migration background","Male","326","0.450349299570689","0.414765996371019","0.48593260277036","2"
"Some worries","2015","no migration background","Female","4322","0.410152699919662","0.400664874641965","0.41964052519736","2"
"Some worries","2015","no migration background","Male","4111","0.477317988364555","0.466857106481886","0.487778870247224","2"
"Big worries","2016","direct migration background","Male","1065","0.514319533659721","0.493232562757035","0.535406504562407","1"
"Big worries","2016","no migration background","Male","4073","0.487938559443329","0.477128183774658","0.498748935112001","1"
"Big worries","2016","direct migration background","Female","1490","0.586451065248975","0.567604670271184","0.605297460226767","1"
"Big worries","2016","indirect migration background","Female","490","0.51839945000736","0.484508744754387","0.552290155260332","1"
"Big worries","2016","no migration background","Female","6014","0.631044796591175","0.62143001288092","0.640659580301431","1"
"Big worries","2016","indirect migration background","Male","334","0.416965604681763","0.380595634550036","0.45333557481349","1"
"No worries","2016","direct migration background","Male","222","0.101828288336441","0.0890687112805433","0.114587865392339","3"
"No worries","2016","no migration background","Female","376","0.0394614258054916","0.0355820094196721","0.0433408421913111","3"
"No worries","2016","no migration background","Male","662","0.0827242269760183","0.0767667345354743","0.0886817194165623","3"
"No worries","2016","direct migration background","Female","187","0.062490366578","0.0532275438755908","0.0717531892804093","3"
"No worries","2016","indirect migration background","Male","73","0.137191814495836","0.111813254927","0.162570374064672","3"
"No worries","2016","indirect migration background","Female","46","0.0566893808348652","0.0410044332467717","0.0723743284229587","3"
"Some worries","2016","direct migration background","Female","946","0.351058568173025","0.332792650930386","0.369324485415663","2"
"Some worries","2016","direct migration background","Male","871","0.383852178003838","0.363333620097407","0.404370735910268","2"
"Some worries","2016","indirect migration background","Female","299","0.424911169157775","0.391382107976437","0.458440230339114","2"
"Some worries","2016","indirect migration background","Male","299","0.445842580822401","0.409177462696088","0.482507698948714","2"
"Some worries","2016","no migration background","Female","3285","0.329493777603333","0.320127918520423","0.338859636686243","2"
"Some worries","2016","no migration background","Male","3478","0.429337213580652","0.418632224648736","0.440042202512569","2"
"Big worries","2017","direct migration background","Male","1058","0.529258074770548","0.507734811480898","0.550781338060199","1"
"Big worries","2017","no migration background","Male","4683","0.498265122172532","0.488171390316455","0.508358854028608","1"
"Big worries","2017","direct migration background","Female","1505","0.586453486674878","0.567402646884544","0.605504326465211","1"
"Big worries","2017","indirect migration background","Female","576","0.589331576966446","0.557594074210654","0.621069079722237","1"
"Big worries","2017","no migration background","Female","6966","0.648031906230543","0.639033943938487","0.657029868522599","1"
"Big worries","2017","indirect migration background","Male","392","0.500695878945109","0.465696555975041","0.535695201915177","1"
"No worries","2017","direct migration background","Male","212","0.100471186615718","0.0875080159802994","0.113434357251137","3"
"No worries","2017","no migration background","Female","430","0.0417501888324241","0.0379817374263675","0.0455186402384807","3"
"No worries","2017","no migration background","Male","789","0.0792955024433838","0.073840828653131","0.0847501762336365","3"
"No worries","2017","indirect migration background","Male","87","0.112890366807815","0.0907386623049837","0.135042071310646","3"
"No worries","2017","direct migration background","Female","189","0.0820816839968824","0.0714632541157975","0.0927001138779673","3"
"No worries","2017","indirect migration background","Female","49","0.0519259228933969","0.0376119401750982","0.0662399056116956","3"
"Some worries","2017","direct migration background","Female","873","0.33146482932824","0.313254574912105","0.349675083744375","2"
"Some worries","2017","direct migration background","Male","796","0.370270738613733","0.349448876526529","0.391092600700938","2"
"Some worries","2017","indirect migration background","Female","298","0.358742500140157","0.327800036841993","0.389684963438321","2"
"Some worries","2017","indirect migration background","Male","305","0.386413754247076","0.352329471772654","0.420498036721498","2"
"Some worries","2017","no migration background","Female","3426","0.310217904937033","0.301502577365888","0.318933232508178","2"
"Some worries","2017","no migration background","Male","3954","0.422439375384085","0.412467763697502","0.432410987070667","2"
"Big worries","2018","direct migration background","Male","817","0.410489901267017","0.388833158945691","0.432146643588343","1"
"Big worries","2018","indirect migration background","Female","474","0.499846603897632","0.467849059102718","0.531844148692547","1"
"Big worries","2018","no migration background","Female","5417","0.526749918054564","0.517194963284521","0.536304872824608","1"
"Big worries","2018","no migration background","Male","3669","0.408602482957307","0.398495347735479","0.418709618179136","1"
"Big worries","2018","direct migration background","Female","1098","0.436659439730591","0.416963968037526","0.456354911423655","1"
"Big worries","2018","indirect migration background","Male","302","0.395430260671873","0.360939911256726","0.429920610087021","1"
"No worries","2018","direct migration background","Male","267","0.126064981410986","0.111452193906216","0.140677768915755","3"
"No worries","2018","no migration background","Female","646","0.0584767798597607","0.0539863461387359","0.0629672135807855","3"
"No worries","2018","no migration background","Male","1036","0.111310309635212","0.104843641208669","0.117776978061754","3"
"No worries","2018","direct migration background","Female","265","0.0992710648664878","0.0873964961114046","0.111145633621571","3"
"No worries","2018","indirect migration background","Female","75","0.0799347066693969","0.062579743797113","0.0972896695416807","3"
"No worries","2018","indirect migration background","Male","121","0.157952288243348","0.132226377897637","0.183678198589058","3"
"Some worries","2018","direct migration background","Female","1073","0.464069495402922","0.444265391387105","0.483873599418739","2"
"Some worries","2018","direct migration background","Male","898","0.463445117321998","0.441491681603998","0.485398553039997","2"
"Some worries","2018","indirect migration background","Female","389","0.420218689432971","0.388631101811849","0.451806277054092","2"
"Some worries","2018","indirect migration background","Male","349","0.446617451084779","0.411548722981063","0.481686179188494","2"
"Some worries","2018","no migration background","Female","4426","0.414773302085675","0.405344673884278","0.424201930287072","2"
"Some worries","2018","no migration background","Male","4382","0.480087207407481","0.469815014998052","0.49035939981691","2"
"Big worries","2019","direct migration background","Male","799","0.455580659710596","0.43211274768486","0.479048571736333","1"
"Big worries","2019","indirect migration background","Female","499","0.512779278195534","0.480142009698954","0.545416546692114","1"
"Big worries","2019","no migration background","Female","5863","0.560538524876212","0.55102755890806","0.570049490844364","1"
"Big worries","2019","no migration background","Male","4281","0.431236769422783","0.421413962325919","0.441059576519646","1"
"Big worries","2019","direct migration background","Female","1085","0.539689310104072","0.518351497820769","0.561027122387376","1"
"Big worries","2019","indirect migration background","Male","328","0.379565635507707","0.345917107783574","0.413214163231839","1"
"No worries","2019","direct migration background","Male","207","0.117490385482515","0.102316879977702","0.132663890987327","3"
"No worries","2019","no migration background","Female","492","0.0508405977610516","0.0466310407938579","0.0550501547282454","3"
"No worries","2019","direct migration background","Female","165","0.064738873960395","0.054204676273881","0.075273071646909","3"
"No worries","2019","no migration background","Male","909","0.0964816598972742","0.0906256360479878","0.102337683746561","3"
"No worries","2019","indirect migration background","Female","55","0.0715459145138042","0.0547169137177135","0.0883749153098949","3"
"No worries","2019","indirect migration background","Male","116","0.158030475181872","0.13273788480116","0.183323065562583","3"
"Some worries","2019","direct migration background","Female","846","0.395571815935532","0.374638526616789","0.416505105254276","2"
"Some worries","2019","direct migration background","Male","724","0.426928954806889","0.40362084381423","0.450237065799548","2"
"Some worries","2019","indirect migration background","Female","347","0.415674807290662","0.38349452473382","0.447855089847504","2"
"Some worries","2019","indirect migration background","Male","355","0.462403889310422","0.427832765333156","0.496975013287688","2"
"Some worries","2019","no migration background","Female","4106","0.388620877362737","0.379280168065694","0.397961586659779","2"
"Some worries","2019","no migration background","Male","4575","0.472281570679943","0.462379783283894","0.482183358075993","2"
