"plb0218","year","pgisced97","sex","n","percent","lower_confidence","upper_confidence","value"
"No, never","2005","in school","Male","10","","","","1"
"No, never","2005","in school","Female","6","","","","1"
"No, never","2005","inadequately","Male","21","","","","1"
"No, never","2005","inadequately","Female","21","","","","1"
"No, never","2005","general elemantary","Male","186","0.404204142058711","0.356875702609476","0.451532581507946","1"
"No, never","2005","general elemantary","Female","246","0.467725985446617","0.424034922595361","0.511417048297872","1"
"No, never","2005","middle vocational","Male","858","0.2950717508062","0.278498316752177","0.311645184860224","1"
"No, never","2005","middle vocational","Female","1214","0.441119558932174","0.422150632101209","0.460088485763139","1"
"No, never","2005","vocational + Abi","Male","108","0.324431480030265","0.27517316526368","0.37368979479685","1"
"No, never","2005","vocational + Abi","Female","228","0.54198035607435","0.494778396144463","0.589182316004238","1"
"No, never","2005","higher vocational","Male","150","0.248891637247418","0.214608233217574","0.283175041277262","1"
"No, never","2005","higher vocational","Female","158","0.35345307918354","0.307124141115242","0.399782017251838","1"
"No, never","2005","higher education","Male","462","0.259734658826715","0.238615501486604","0.280853816166826","1"
"No, never","2005","higher education","Female","550","0.437961401513755","0.410760477726939","0.465162325300571","1"
"Rarely","2005","middle vocational","Male","899","0.306720363181375","0.289963151439799","0.323477574922952","5"
"Rarely","2005","in school","Male","4","","","","5"
"Rarely","2005","higher education","Male","576","0.355182284850476","0.332132755956867","0.378231813744085","5"
"Rarely","2005","higher education","Female","359","0.275949861736721","0.251443317449238","0.300456406024203","5"
"Rarely","2005","in school","Female","5","","","","5"
"Rarely","2005","inadequately","Male","8","","","","5"
"Rarely","2005","inadequately","Female","3","","","","5"
"Rarely","2005","general elemantary","Male","77","0.180894984515761","0.143770868544667","0.218019100486855","5"
"Rarely","2005","general elemantary","Female","62","0.131123843190788","0.101567615549033","0.160680070832544","5"
"Rarely","2005","middle vocational","Female","408","0.143068400916589","0.129691666984935","0.156445134848244","5"
"Rarely","2005","vocational + Abi","Male","103","0.332511803699053","0.282942972108368","0.382080635289738","5"
"Rarely","2005","vocational + Abi","Female","87","0.177194036980667","0.141019792192909","0.213368281768426","5"
"Rarely","2005","higher vocational","Male","213","0.347346901096197","0.309593993730938","0.385099808461457","5"
"Rarely","2005","higher vocational","Female","84","0.198217701985845","0.159582259792563","0.236853144179126","5"
"Yes, every 2 weeks","2005","middle vocational","Male","400","0.13597533480401","0.123519599542583","0.148431070065437","3"
"Yes, every 2 weeks","2005","middle vocational","Female","444","0.171738807839382","0.157330166631964","0.1861474490468","3"
"Yes, every 2 weeks","2005","vocational + Abi","Female","50","0.107476639354711","0.0781344144475732","0.136818864261848","3"
"Yes, every 2 weeks","2005","higher education","Male","171","0.110281455718613","0.0951947127565024","0.125368198680724","3"
"Yes, every 2 weeks","2005","higher education","Female","136","0.123753505632861","0.105699458746553","0.141807552519168","3"
"Yes, every 2 weeks","2005","vocational + Abi","Male","60","0.169085668643409","0.12964766906222","0.208523668224598","3"
"Yes, every 2 weeks","2005","in school","Male","","","","","3"
"Yes, every 2 weeks","2005","in school","Female","7","","","","3"
"Yes, every 2 weeks","2005","inadequately","Male","3","","","","3"
"Yes, every 2 weeks","2005","inadequately","Female","4","","","","3"
"Yes, every 2 weeks","2005","general elemantary","Male","54","0.133327136591073","0.100543287611536","0.16611098557061","3"
"Yes, every 2 weeks","2005","general elemantary","Female","85","0.182845873569043","0.148998591628","0.216693155510085","3"
"Yes, every 2 weeks","2005","higher vocational","Male","81","0.147151716823324","0.119062085290181","0.175241348356468","3"
"Yes, every 2 weeks","2005","higher vocational","Female","79","0.217207711891914","0.177245701668551","0.257169722115277","3"
"Yes, every 3-4 weeks","2005","higher education","Male","179","0.111794548500852","0.0966175827122884","0.126971514289416","4"
"Yes, every 3-4 weeks","2005","higher education","Female","81","0.0448608777488708","0.0335120797874896","0.0562096757102521","4"
"Yes, every 3-4 weeks","2005","in school","Male","1","","","","4"
"Yes, every 3-4 weeks","2005","middle vocational","Male","329","0.116673466203953","0.105007440777423","0.128339491630484","4"
"Yes, every 3-4 weeks","2005","middle vocational","Female","201","0.0862609403083065","0.0755352973057578","0.0969865833108551","4"
"Yes, every 3-4 weeks","2005","vocational + Abi","Male","36","0.0701062045511097","0.0432417358189776","0.0969706732832418","4"
"Yes, every 3-4 weeks","2005","vocational + Abi","Female","33","0.0862685786263894","0.0596697930991871","0.112867364153592","4"
"Yes, every 3-4 weeks","2005","higher vocational","Male","61","0.0862718745783112","0.0640095454116187","0.108534203745004","4"
"Yes, every 3-4 weeks","2005","higher vocational","Female","43","0.108981680009138","0.0787817106004782","0.139181649417798","4"
"Yes, every 3-4 weeks","2005","in school","Female","2","","","","4"
"Yes, every 3-4 weeks","2005","inadequately","Female","","","","","4"
"Yes, every 3-4 weeks","2005","inadequately","Male","5","","","","4"
"Yes, every 3-4 weeks","2005","general elemantary","Male","36","0.084927323600694","0.0580414236591006","0.111813223542287","4"
"Yes, every 3-4 weeks","2005","general elemantary","Female","34","0.0577159547815179","0.0372953740242156","0.0781365355388201","4"
"Yes, every week","2005","in school","Male","7","","","","2"
"Yes, every week","2005","in school","Female","7","","","","2"
"Yes, every week","2005","inadequately","Male","6","","","","2"
"Yes, every week","2005","inadequately","Female","2","","","","2"
"Yes, every week","2005","general elemantary","Male","60","0.196646413233761","0.158313709866422","0.234979116601099","2"
"Yes, every week","2005","middle vocational","Male","423","0.145559085004461","0.132743545105479","0.158374624903444","2"
"Yes, every week","2005","middle vocational","Female","365","0.157812292003549","0.143884572508684","0.171740011498413","2"
"Yes, every week","2005","vocational + Abi","Male","40","0.103864843076163","0.0717648901029431","0.135964796049383","2"
"Yes, every week","2005","vocational + Abi","Female","30","0.0870803889638823","0.0603686196826905","0.113792158245074","2"
"Yes, every week","2005","higher vocational","Male","106","0.170337870254749","0.140529809284909","0.200145931224589","2"
"Yes, every week","2005","higher education","Male","268","0.163007052103344","0.145216803337917","0.18079730086877","2"
"Yes, every week","2005","higher education","Female","152","0.117474353367792","0.0998213801138268","0.135127326621758","2"
"Yes, every week","2005","higher vocational","Female","45","0.122139826929563","0.0904056118898945","0.153874041969232","2"
"Yes, every week","2005","general elemantary","Female","74","0.160588343012034","0.128438879169764","0.192737806854305","2"
"No, never","2006","in school","Male","","","","","1"
"No, never","2006","in school","Female","","","","","1"
"No, never","2006","inadequately","Male","","","","","1"
"No, never","2006","inadequately","Female","","","","","1"
"No, never","2006","general elemantary","Male","","","","","1"
"No, never","2006","general elemantary","Female","","","","","1"
"No, never","2006","middle vocational","Male","","","","","1"
"No, never","2006","middle vocational","Female","","","","","1"
"No, never","2006","vocational + Abi","Male","","","","","1"
"No, never","2006","vocational + Abi","Female","","","","","1"
"No, never","2006","higher vocational","Male","","","","","1"
"No, never","2006","higher vocational","Female","","","","","1"
"No, never","2006","higher education","Male","","","","","1"
"No, never","2006","higher education","Female","","","","","1"
"Rarely","2006","middle vocational","Male","","","","","5"
"Rarely","2006","in school","Male","","","","","5"
"Rarely","2006","general elemantary","Male","","","","","5"
"Rarely","2006","general elemantary","Female","","","","","5"
"Rarely","2006","middle vocational","Female","","","","","5"
"Rarely","2006","vocational + Abi","Male","","","","","5"
"Rarely","2006","vocational + Abi","Female","","","","","5"
"Rarely","2006","higher vocational","Male","","","","","5"
"Rarely","2006","higher education","Male","","","","","5"
"Rarely","2006","higher education","Female","","","","","5"
"Rarely","2006","higher vocational","Female","","","","","5"
"Rarely","2006","in school","Female","","","","","5"
"Rarely","2006","inadequately","Male","","","","","5"
"Rarely","2006","inadequately","Female","","","","","5"
"Yes, every 2 weeks","2006","middle vocational","Female","","","","","3"
"Yes, every 2 weeks","2006","middle vocational","Male","","","","","3"
"Yes, every 2 weeks","2006","vocational + Abi","Male","","","","","3"
"Yes, every 2 weeks","2006","vocational + Abi","Female","","","","","3"
"Yes, every 2 weeks","2006","in school","Male","","","","","3"
"Yes, every 2 weeks","2006","in school","Female","","","","","3"
"Yes, every 2 weeks","2006","general elemantary","Male","","","","","3"
"Yes, every 2 weeks","2006","general elemantary","Female","","","","","3"
"Yes, every 2 weeks","2006","higher vocational","Female","","","","","3"
"Yes, every 2 weeks","2006","higher education","Male","","","","","3"
"Yes, every 2 weeks","2006","higher education","Female","","","","","3"
"Yes, every 2 weeks","2006","inadequately","Male","","","","","3"
"Yes, every 2 weeks","2006","inadequately","Female","","","","","3"
"Yes, every 2 weeks","2006","higher vocational","Male","","","","","3"
"Yes, every 3-4 weeks","2006","higher vocational","Female","","","","","4"
"Yes, every 3-4 weeks","2006","higher education","Male","","","","","4"
"Yes, every 3-4 weeks","2006","in school","Female","","","","","4"
"Yes, every 3-4 weeks","2006","in school","Male","","","","","4"
"Yes, every 3-4 weeks","2006","middle vocational","Male","","","","","4"
"Yes, every 3-4 weeks","2006","vocational + Abi","Female","","","","","4"
"Yes, every 3-4 weeks","2006","higher vocational","Male","","","","","4"
"Yes, every 3-4 weeks","2006","higher education","Female","","","","","4"
"Yes, every 3-4 weeks","2006","middle vocational","Female","","","","","4"
"Yes, every 3-4 weeks","2006","vocational + Abi","Male","","","","","4"
"Yes, every 3-4 weeks","2006","inadequately","Male","","","","","4"
"Yes, every 3-4 weeks","2006","inadequately","Female","","","","","4"
"Yes, every 3-4 weeks","2006","general elemantary","Male","","","","","4"
"Yes, every 3-4 weeks","2006","general elemantary","Female","","","","","4"
"Yes, every week","2006","inadequately","Male","","","","","2"
"Yes, every week","2006","middle vocational","Male","","","","","2"
"Yes, every week","2006","general elemantary","Male","","","","","2"
"Yes, every week","2006","in school","Male","","","","","2"
"Yes, every week","2006","in school","Female","","","","","2"
"Yes, every week","2006","middle vocational","Female","","","","","2"
"Yes, every week","2006","vocational + Abi","Male","","","","","2"
"Yes, every week","2006","inadequately","Female","","","","","2"
"Yes, every week","2006","vocational + Abi","Female","","","","","2"
"Yes, every week","2006","higher vocational","Male","","","","","2"
"Yes, every week","2006","higher vocational","Female","","","","","2"
"Yes, every week","2006","higher education","Male","","","","","2"
"Yes, every week","2006","general elemantary","Female","","","","","2"
"Yes, every week","2006","higher education","Female","","","","","2"
"No, never","2007","in school","Male","3","","","","1"
"No, never","2007","in school","Female","4","","","","1"
"No, never","2007","inadequately","Male","13","","","","1"
"No, never","2007","inadequately","Female","20","","","","1"
"No, never","2007","general elemantary","Male","160","0.41414264173154","0.364617330675451","0.463667952787629","1"
"No, never","2007","general elemantary","Female","180","0.44363662627723","0.394766236754056","0.492507015800404","1"
"No, never","2007","middle vocational","Male","887","0.307203352900072","0.290561342896535","0.32384536290361","1"
"No, never","2007","middle vocational","Female","1186","0.425220219961336","0.406582929960435","0.443857509962237","1"
"No, never","2007","vocational + Abi","Male","108","0.291368622485954","0.24369622898773","0.339041015984178","1"
"No, never","2007","vocational + Abi","Female","216","0.462652810659064","0.417285378968741","0.508020242349387","1"
"No, never","2007","higher vocational","Male","131","0.207491623365658","0.174375532602131","0.240607714129184","1"
"No, never","2007","higher vocational","Female","175","0.395908533647904","0.348042803668991","0.443774263626817","1"
"No, never","2007","higher education","Male","441","0.251507787715497","0.23069840406773","0.272317171363265","1"
"No, never","2007","higher education","Female","548","0.384026487902568","0.358149139321983","0.409903836483153","1"
"Rarely","2007","vocational + Abi","Female","97","0.221532370520987","0.183746626576143","0.25931811446583","5"
"Rarely","2007","in school","Male","2","","","","5"
"Rarely","2007","middle vocational","Female","439","0.160793133783259","0.146944933622527","0.17464133394399","5"
"Rarely","2007","vocational + Abi","Male","103","0.313618064159867","0.264941621146076","0.362294507173657","5"
"Rarely","2007","middle vocational","Male","826","0.268215284347591","0.252233570772033","0.28419699792315","5"
"Rarely","2007","higher vocational","Female","70","0.172085988414606","0.135142212923925","0.209029763905288","5"
"Rarely","2007","higher education","Male","571","0.329739759309222","0.307192319158611","0.352287199459833","5"
"Rarely","2007","higher education","Female","378","0.29404999063347","0.269808700677041","0.318291280589898","5"
"Rarely","2007","higher vocational","Male","189","0.362635731464652","0.32337431149533","0.401897151433974","5"
"Rarely","2007","in school","Female","3","","","","5"
"Rarely","2007","inadequately","Male","4","","","","5"
"Rarely","2007","inadequately","Female","4","","","","5"
"Rarely","2007","general elemantary","Male","64","0.134417210592796","0.100121639559169","0.168712781626422","5"
"Rarely","2007","general elemantary","Female","60","0.137825819629856","0.103916768592885","0.171734870666826","5"
"Yes, every 2 weeks","2007","middle vocational","Male","469","0.158672189683021","0.14549196103397","0.171852418332071","3"
"Yes, every 2 weeks","2007","general elemantary","Male","58","0.171674468080347","0.133759589287669","0.209589346873026","3"
"Yes, every 2 weeks","2007","in school","Male","2","","","","3"
"Yes, every 2 weeks","2007","in school","Female","4","","","","3"
"Yes, every 2 weeks","2007","higher education","Male","194","0.141104842260913","0.124408132749873","0.157801551771953","3"
"Yes, every 2 weeks","2007","general elemantary","Female","60","0.160963403498728","0.124813523260354","0.197113283737103","3"
"Yes, every 2 weeks","2007","vocational + Abi","Male","48","0.150526861625784","0.11301080296746","0.188042920284109","3"
"Yes, every 2 weeks","2007","middle vocational","Female","477","0.173629240383631","0.159349379660472","0.18790910110679","3"
"Yes, every 2 weeks","2007","higher vocational","Female","77","0.228448380723002","0.187356838592326","0.269539922853678","3"
"Yes, every 2 weeks","2007","inadequately","Male","3","","","","3"
"Yes, every 2 weeks","2007","inadequately","Female","4","","","","3"
"Yes, every 2 weeks","2007","vocational + Abi","Female","69","0.144831789731732","0.112809909890279","0.176853669573185","3"
"Yes, every 2 weeks","2007","higher vocational","Male","83","0.175846663970955","0.144757579951047","0.206935747990864","3"
"Yes, every 2 weeks","2007","higher education","Female","130","0.0996724641649214","0.0837340161125521","0.115610912217291","3"
"Yes, every 3-4 weeks","2007","in school","Male","","","","","4"
"Yes, every 3-4 weeks","2007","in school","Female","1","","","","4"
"Yes, every 3-4 weeks","2007","middle vocational","Male","352","0.126817514186245","0.114813346856738","0.138821681515753","4"
"Yes, every 3-4 weeks","2007","inadequately","Male","7","","","","4"
"Yes, every 3-4 weeks","2007","inadequately","Female","1","","","","4"
"Yes, every 3-4 weeks","2007","general elemantary","Male","37","0.101334270205949","0.0709930141932273","0.131675526218671","4"
"Yes, every 3-4 weeks","2007","middle vocational","Female","201","0.0808876124137953","0.0706086237736108","0.0911666010539797","4"
"Yes, every 3-4 weeks","2007","vocational + Abi","Male","38","0.106843061178041","0.0744335540042935","0.139252568351789","4"
"Yes, every 3-4 weeks","2007","vocational + Abi","Female","42","0.0809067529854937","0.0560947814448033","0.105718724526184","4"
"Yes, every 3-4 weeks","2007","higher vocational","Male","62","0.0787996760184333","0.0567969694854299","0.100802382551437","4"
"Yes, every 3-4 weeks","2007","higher vocational","Female","36","0.0780634753294063","0.0518061578014846","0.104320792857328","4"
"Yes, every 3-4 weeks","2007","higher education","Male","179","0.109858587452623","0.0948604833418194","0.124856691563427","4"
"Yes, every 3-4 weeks","2007","higher education","Female","120","0.0944708110910124","0.078909068898076","0.110032553283949","4"
"Yes, every 3-4 weeks","2007","general elemantary","Female","29","","","","4"
"Yes, every week","2007","higher vocational","Male","111","0.175226305180302","0.144180430386642","0.206272179973962","2"
"Yes, every week","2007","in school","Male","4","","","","2"
"Yes, every week","2007","vocational + Abi","Female","40","0.0900762761027235","0.0640269311633573","0.11612562104209","2"
"Yes, every week","2007","in school","Female","6","","","","2"
"Yes, every week","2007","inadequately","Male","5","","","","2"
"Yes, every week","2007","inadequately","Female","2","","","","2"
"Yes, every week","2007","middle vocational","Male","418","0.13909165888307","0.126608660460257","0.151574657305884","2"
"Yes, every week","2007","middle vocational","Female","400","0.159469793457979","0.14566782766229","0.173271759253667","2"
"Yes, every week","2007","vocational + Abi","Male","52","0.137643390550354","0.10149770162308","0.173789079477628","2"
"Yes, every week","2007","general elemantary","Male","61","0.178431409389368","0.139935564182131","0.216927254596605","2"
"Yes, every week","2007","general elemantary","Female","68","0.179467920222296","0.141719912506411","0.217215927938182","2"
"Yes, every week","2007","higher vocational","Female","43","0.125493621885082","0.0930695000801934","0.15791774368997","2"
"Yes, every week","2007","higher education","Male","285","0.167789023261744","0.149866945873313","0.185711100650175","2"
"Yes, every week","2007","higher education","Female","181","0.127780246208029","0.110017791374726","0.145542701041331","2"
"No, never","2008","in school","Male","","","","","1"
"No, never","2008","in school","Female","","","","","1"
"No, never","2008","inadequately","Male","","","","","1"
"No, never","2008","inadequately","Female","","","","","1"
"No, never","2008","general elemantary","Male","","","","","1"
"No, never","2008","general elemantary","Female","","","","","1"
"No, never","2008","middle vocational","Male","","","","","1"
"No, never","2008","middle vocational","Female","","","","","1"
"No, never","2008","vocational + Abi","Male","","","","","1"
"No, never","2008","vocational + Abi","Female","","","","","1"
"No, never","2008","higher vocational","Male","","","","","1"
"No, never","2008","higher vocational","Female","","","","","1"
"No, never","2008","higher education","Male","","","","","1"
"No, never","2008","higher education","Female","","","","","1"
"Rarely","2008","in school","Male","","","","","5"
"Rarely","2008","middle vocational","Male","","","","","5"
"Rarely","2008","middle vocational","Female","","","","","5"
"Rarely","2008","vocational + Abi","Male","","","","","5"
"Rarely","2008","vocational + Abi","Female","","","","","5"
"Rarely","2008","higher vocational","Male","","","","","5"
"Rarely","2008","higher vocational","Female","","","","","5"
"Rarely","2008","higher education","Male","","","","","5"
"Rarely","2008","higher education","Female","","","","","5"
"Rarely","2008","in school","Female","","","","","5"
"Rarely","2008","inadequately","Male","","","","","5"
"Rarely","2008","inadequately","Female","","","","","5"
"Rarely","2008","general elemantary","Male","","","","","5"
"Rarely","2008","general elemantary","Female","","","","","5"
"Yes, every 2 weeks","2008","middle vocational","Female","","","","","3"
"Yes, every 2 weeks","2008","vocational + Abi","Female","","","","","3"
"Yes, every 2 weeks","2008","middle vocational","Male","","","","","3"
"Yes, every 2 weeks","2008","vocational + Abi","Male","","","","","3"
"Yes, every 2 weeks","2008","in school","Male","","","","","3"
"Yes, every 2 weeks","2008","in school","Female","","","","","3"
"Yes, every 2 weeks","2008","inadequately","Male","","","","","3"
"Yes, every 2 weeks","2008","inadequately","Female","","","","","3"
"Yes, every 2 weeks","2008","general elemantary","Male","","","","","3"
"Yes, every 2 weeks","2008","general elemantary","Female","","","","","3"
"Yes, every 2 weeks","2008","higher vocational","Male","","","","","3"
"Yes, every 2 weeks","2008","higher vocational","Female","","","","","3"
"Yes, every 2 weeks","2008","higher education","Male","","","","","3"
"Yes, every 2 weeks","2008","higher education","Female","","","","","3"
"Yes, every 3-4 weeks","2008","in school","Female","","","","","4"
"Yes, every 3-4 weeks","2008","in school","Male","","","","","4"
"Yes, every 3-4 weeks","2008","middle vocational","Female","","","","","4"
"Yes, every 3-4 weeks","2008","vocational + Abi","Male","","","","","4"
"Yes, every 3-4 weeks","2008","middle vocational","Male","","","","","4"
"Yes, every 3-4 weeks","2008","inadequately","Male","","","","","4"
"Yes, every 3-4 weeks","2008","inadequately","Female","","","","","4"
"Yes, every 3-4 weeks","2008","general elemantary","Male","","","","","4"
"Yes, every 3-4 weeks","2008","general elemantary","Female","","","","","4"
"Yes, every 3-4 weeks","2008","vocational + Abi","Female","","","","","4"
"Yes, every 3-4 weeks","2008","higher vocational","Male","","","","","4"
"Yes, every 3-4 weeks","2008","higher vocational","Female","","","","","4"
"Yes, every 3-4 weeks","2008","higher education","Male","","","","","4"
"Yes, every 3-4 weeks","2008","higher education","Female","","","","","4"
"Yes, every week","2008","in school","Male","","","","","2"
"Yes, every week","2008","general elemantary","Male","","","","","2"
"Yes, every week","2008","middle vocational","Male","","","","","2"
"Yes, every week","2008","middle vocational","Female","","","","","2"
"Yes, every week","2008","vocational + Abi","Female","","","","","2"
"Yes, every week","2008","higher vocational","Male","","","","","2"
"Yes, every week","2008","in school","Female","","","","","2"
"Yes, every week","2008","inadequately","Male","","","","","2"
"Yes, every week","2008","inadequately","Female","","","","","2"
"Yes, every week","2008","vocational + Abi","Male","","","","","2"
"Yes, every week","2008","general elemantary","Female","","","","","2"
"Yes, every week","2008","higher vocational","Female","","","","","2"
"Yes, every week","2008","higher education","Male","","","","","2"
"Yes, every week","2008","higher education","Female","","","","","2"
"No, never","2009","in school","Male","6","","","","1"
"No, never","2009","in school","Female","3","","","","1"
"No, never","2009","inadequately","Male","15","","","","1"
"No, never","2009","inadequately","Female","10","","","","1"
"No, never","2009","general elemantary","Male","135","0.380558201136613","0.326335202745161","0.434781199528065","1"
"No, never","2009","general elemantary","Female","165","0.447693258855394","0.395820280075765","0.499566237635023","1"
"No, never","2009","middle vocational","Male","769","0.297545373859699","0.279818245945582","0.315272501773815","1"
"No, never","2009","middle vocational","Female","1065","0.435654630844446","0.41601261601793","0.455296645670962","1"
"No, never","2009","vocational + Abi","Male","98","0.338461384107013","0.28491629731532","0.392006470898707","1"
"No, never","2009","vocational + Abi","Female","195","0.476293757710834","0.427831981298734","0.524755534122935","1"
"No, never","2009","higher vocational","Male","119","0.240754327662189","0.203241825624248","0.27826682970013","1"
"No, never","2009","higher vocational","Female","145","0.405806448705479","0.354214502843279","0.457398394567679","1"
"No, never","2009","higher education","Male","382","0.257301140572574","0.234831655396149","0.279770625748999","1"
"No, never","2009","higher education","Female","504","0.395479846007934","0.368766616962088","0.422193075053779","1"
"Rarely","2009","higher vocational","Female","66","0.176835005267512","0.136749622427407","0.216920388107618","5"
"Rarely","2009","in school","Male","3","","","","5"
"Rarely","2009","middle vocational","Male","764","0.287032414960258","0.269491469272245","0.304573360648272","5"
"Rarely","2009","middle vocational","Female","414","0.169503462241747","0.154640663940879","0.184366260542615","5"
"Rarely","2009","vocational + Abi","Male","92","0.286812377640936","0.235633788760081","0.33799096652179","5"
"Rarely","2009","vocational + Abi","Female","90","0.212744449380639","0.173033982411466","0.252454916349812","5"
"Rarely","2009","higher vocational","Male","170","0.378474131792467","0.33591962872766","0.421028634857274","5"
"Rarely","2009","higher education","Male","497","0.352017673040636","0.327468905005904","0.376566441075368","5"
"Rarely","2009","higher education","Female","340","0.267005965939202","0.242836362759906","0.291175569118499","5"
"Rarely","2009","in school","Female","5","","","","5"
"Rarely","2009","inadequately","Male","5","","","","5"
"Rarely","2009","inadequately","Female","2","","","","5"
"Rarely","2009","general elemantary","Male","67","0.229079630781199","0.182147450488683","0.276011811073715","5"
"Rarely","2009","general elemantary","Female","46","0.101686653911312","0.0701579119131618","0.133215395909462","5"
"Yes, every 2 weeks","2009","inadequately","Female","5","","","","3"
"Yes, every 2 weeks","2009","middle vocational","Male","374","0.155810110060561","0.141747351216165","0.169872868904957","3"
"Yes, every 2 weeks","2009","middle vocational","Female","454","0.182879520536161","0.167566249506262","0.19819279156606","3"
"Yes, every 2 weeks","2009","in school","Male","1","","","","3"
"Yes, every 2 weeks","2009","in school","Female","3","","","","3"
"Yes, every 2 weeks","2009","inadequately","Male","3","","","","3"
"Yes, every 2 weeks","2009","vocational + Abi","Male","42","0.148460558007649","0.108226355984933","0.188694760030365","3"
"Yes, every 2 weeks","2009","vocational + Abi","Female","51","0.134302140190879","0.101216263399393","0.167388016982365","3"
"Yes, every 2 weeks","2009","general elemantary","Male","34","0.119175188536282","0.0829917007949111","0.155358676277652","3"
"Yes, every 2 weeks","2009","general elemantary","Female","60","0.202239103479118","0.160337593228956","0.244140613729279","3"
"Yes, every 2 weeks","2009","higher vocational","Male","65","0.122888280798887","0.0940824431059959","0.151694118491778","3"
"Yes, every 2 weeks","2009","higher vocational","Female","67","0.190771984650982","0.149490888310643","0.23205308099132","3"
"Yes, every 2 weeks","2009","higher education","Male","146","0.106523934120832","0.0906665718483767","0.122381296393288","3"
"Yes, every 2 weeks","2009","higher education","Female","127","0.108220060293444","0.0912477269555733","0.125192393631316","3"
"Yes, every 3-4 weeks","2009","middle vocational","Male","278","0.111893892233692","0.0996705982334077","0.124117186233976","4"
"Yes, every 3-4 weeks","2009","middle vocational","Female","171","0.0685517714023949","0.058541840360757","0.0785617024440329","4"
"Yes, every 3-4 weeks","2009","vocational + Abi","Male","30","0.0966868043330463","0.0632449582230511","0.130128650443041","4"
"Yes, every 3-4 weeks","2009","in school","Male","1","","","","4"
"Yes, every 3-4 weeks","2009","in school","Female","1","","","","4"
"Yes, every 3-4 weeks","2009","inadequately","Male","2","","","","4"
"Yes, every 3-4 weeks","2009","inadequately","Female","","","","","4"
"Yes, every 3-4 weeks","2009","general elemantary","Male","29","","","","4"
"Yes, every 3-4 weeks","2009","general elemantary","Female","22","","","","4"
"Yes, every 3-4 weeks","2009","vocational + Abi","Female","30","0.0697947642794344","0.0450707593385646","0.0945187692203043","4"
"Yes, every 3-4 weeks","2009","higher vocational","Male","47","0.0709160777933615","0.0483945605788732","0.0934375950078497","4"
"Yes, every 3-4 weeks","2009","higher vocational","Female","26","","","","4"
"Yes, every 3-4 weeks","2009","higher education","Male","156","0.103347577184302","0.0877006846127842","0.118994469755819","4"
"Yes, every 3-4 weeks","2009","higher education","Female","111","0.0794394741222804","0.0646653014017829","0.0942136468427778","4"
"Yes, every week","2009","in school","Male","7","","","","2"
"Yes, every week","2009","inadequately","Male","7","","","","2"
"Yes, every week","2009","middle vocational","Female","344","0.143410614975251","0.129526462402247","0.157294767548256","2"
"Yes, every week","2009","general elemantary","Male","43","0.162274412402374","0.121097986647094","0.203450838157653","2"
"Yes, every week","2009","vocational + Abi","Female","42","0.106864888438213","0.0768874783319052","0.136842298544521","2"
"Yes, every week","2009","higher vocational","Male","98","0.186967181953096","0.152758641300763","0.221175722605428","2"
"Yes, every week","2009","in school","Female","8","","","","2"
"Yes, every week","2009","inadequately","Female","6","","","","2"
"Yes, every week","2009","middle vocational","Male","370","0.147718208885791","0.133960020230867","0.161476397540715","2"
"Yes, every week","2009","vocational + Abi","Male","38","0.129578875911356","0.0915757536479666","0.167581998174745","2"
"Yes, every week","2009","general elemantary","Female","60","0.202676368615178","0.160741082202065","0.244611655028292","2"
"Yes, every week","2009","higher vocational","Female","44","0.152821693126169","0.115017638172332","0.190625748080006","2"
"Yes, every week","2009","higher education","Male","273","0.180809675081656","0.161027723805569","0.200591626357743","2"
"Yes, every week","2009","higher education","Female","205","0.149854653637139","0.13035438808323","0.169354919191049","2"
"No, never","2010","in school","Male","4","","","","1"
"No, never","2010","in school","Female","6","","","","1"
"No, never","2010","inadequately","Male","15","","","","1"
"No, never","2010","inadequately","Female","9","","","","1"
"No, never","2010","general elemantary","Male","77","0.390564016147045","0.324890492100126","0.456237540193965","1"
"No, never","2010","general elemantary","Female","70","0.395424415799968","0.320593129601304","0.470255701998631","1"
"No, never","2010","middle vocational","Male","282","0.26745648482421","0.241840582278831","0.293072387369588","1"
"No, never","2010","middle vocational","Female","420","0.411350625443939","0.381240758589188","0.441460492298691","1"
"No, never","2010","vocational + Abi","Male","62","0.323179669704041","0.258362239703791","0.387997099704291","1"
"No, never","2010","vocational + Abi","Female","141","0.489580167046453","0.430817517198242","0.548342816894663","1"
"No, never","2010","higher vocational","Male","35","0.157499273983249","0.107512233214308","0.20748631475219","1"
"No, never","2010","higher vocational","Female","38","0.437351700076063","0.327964007761407","0.546739392390718","1"
"No, never","2010","higher education","Male","186","0.316445403512604","0.280663639880865","0.352227167144342","1"
"No, never","2010","higher education","Female","184","0.401185043946002","0.356778819364089","0.445591268527915","1"
"Rarely","2010","in school","Male","1","","","","5"
"Rarely","2010","middle vocational","Male","373","0.314143316075942","0.28728078186179","0.341005850290095","5"
"Rarely","2010","middle vocational","Female","158","0.152009391925243","0.130040652248449","0.173978131602038","5"
"Rarely","2010","vocational + Abi","Male","64","0.351835176840927","0.285652328948236","0.418018024733618","5"
"Rarely","2010","vocational + Abi","Female","52","0.215416137575662","0.167089731817603","0.263742543333722","5"
"Rarely","2010","higher vocational","Male","74","0.335891814266239","0.271080305139826","0.400703323392652","5"
"Rarely","2010","higher vocational","Female","18","","","","5"
"Rarely","2010","higher education","Male","229","0.340284347479803","0.303832031756952","0.376736663202655","5"
"Rarely","2010","higher education","Female","114","0.237085975036353","0.198554476837896","0.27561747323481","5"
"Rarely","2010","in school","Female","","","","","5"
"Rarely","2010","inadequately","Male","6","","","","5"
"Rarely","2010","inadequately","Female","6","","","","5"
"Rarely","2010","general elemantary","Male","48","0.232968848429739","0.176065792788988","0.28987190407049","5"
"Rarely","2010","general elemantary","Female","19","","","","5"
"Yes, every 2 weeks","2010","in school","Male","2","","","","3"
"Yes, every 2 weeks","2010","in school","Female","","","","","3"
"Yes, every 2 weeks","2010","inadequately","Male","8","","","","3"
"Yes, every 2 weeks","2010","inadequately","Female","1","","","","3"
"Yes, every 2 weeks","2010","middle vocational","Male","198","0.168224835549848","0.146577003359405","0.189872667740291","3"
"Yes, every 2 weeks","2010","middle vocational","Female","204","0.195680961994111","0.171405758889334","0.219956165098888","3"
"Yes, every 2 weeks","2010","vocational + Abi","Male","34","0.135922164093101","0.08842642325796","0.183417904928243","3"
"Yes, every 2 weeks","2010","vocational + Abi","Female","44","0.157074110227034","0.114300816536605","0.199847403917463","3"
"Yes, every 2 weeks","2010","higher vocational","Female","9","","","","3"
"Yes, every 2 weeks","2010","general elemantary","Female","41","0.263346022416583","0.195936489537867","0.3307555552953","3"
"Yes, every 2 weeks","2010","higher vocational","Male","32","0.181728527908015","0.12881176528302","0.23464529053301","3"
"Yes, every 2 weeks","2010","higher education","Male","87","0.149095100508071","0.121692111226623","0.17649808978952","3"
"Yes, every 2 weeks","2010","higher education","Female","65","0.155670797379228","0.122824634310759","0.188516960447698","3"
"Yes, every 2 weeks","2010","general elemantary","Male","32","0.126535078074817","0.0817834990650684","0.171286657084566","3"
"Yes, every 3-4 weeks","2010","middle vocational","Male","145","0.126542525889284","0.107302506103831","0.145782545674737","4"
"Yes, every 3-4 weeks","2010","middle vocational","Female","78","0.0780696467601082","0.0616537514170733","0.0944855421031432","4"
"Yes, every 3-4 weeks","2010","vocational + Abi","Male","18","","","","4"
"Yes, every 3-4 weeks","2010","in school","Male","2","","","","4"
"Yes, every 3-4 weeks","2010","in school","Female","1","","","","4"
"Yes, every 3-4 weeks","2010","inadequately","Male","6","","","","4"
"Yes, every 3-4 weeks","2010","inadequately","Female","2","","","","4"
"Yes, every 3-4 weeks","2010","general elemantary","Male","27","","","","4"
"Yes, every 3-4 weeks","2010","general elemantary","Female","6","","","","4"
"Yes, every 3-4 weeks","2010","vocational + Abi","Female","16","","","","4"
"Yes, every 3-4 weeks","2010","higher vocational","Male","25","","","","4"
"Yes, every 3-4 weeks","2010","higher vocational","Female","4","","","","4"
"Yes, every 3-4 weeks","2010","higher education","Male","58","0.0829112291392954","0.0616964699072415","0.104125988371349","4"
"Yes, every 3-4 weeks","2010","higher education","Female","44","0.100014499656538","0.0728329380279706","0.127196061285106","4"
"Yes, every week","2010","in school","Male","2","","","","2"
"Yes, every week","2010","in school","Female","1","","","","2"
"Yes, every week","2010","inadequately","Male","9","","","","2"
"Yes, every week","2010","inadequately","Female","3","","","","2"
"Yes, every week","2010","general elemantary","Male","28","","","","2"
"Yes, every week","2010","middle vocational","Male","149","0.123632837660716","0.104583654886074","0.142682020435358","2"
"Yes, every week","2010","middle vocational","Female","166","0.162889373876598","0.140294380674329","0.185484367078867","2"
"Yes, every week","2010","vocational + Abi","Male","22","","","","2"
"Yes, every week","2010","vocational + Abi","Female","25","","","","2"
"Yes, every week","2010","higher vocational","Male","38","0.200330458457628","0.145406506695285","0.25525441021997","2"
"Yes, every week","2010","higher vocational","Female","10","","","","2"
"Yes, every week","2010","higher education","Male","89","0.111263919360226","0.087070941629118","0.135456897091335","2"
"Yes, every week","2010","higher education","Female","61","0.106043683981879","0.0781487256864919","0.133938642277265","2"
"Yes, every week","2010","general elemantary","Female","28","","","","2"
"No, never","2011","in school","Male","12","","","","1"
"No, never","2011","in school","Female","10","","","","1"
"No, never","2011","inadequately","Male","29","","","","1"
"No, never","2011","inadequately","Female","25","","","","1"
"No, never","2011","general elemantary","Male","206","0.396012672742722","0.354648018038612","0.437377327446833","1"
"No, never","2011","general elemantary","Female","279","0.404303311091027","0.366400501876861","0.442206120305194","1"
"No, never","2011","middle vocational","Male","1183","0.310840116802822","0.29634202872155","0.325338204884094","1"
"No, never","2011","middle vocational","Female","1838","0.458303112071131","0.44299932974779","0.473606894394473","1"
"No, never","2011","vocational + Abi","Male","173","0.313419703300025","0.273510484420243","0.353328922179806","1"
"No, never","2011","vocational + Abi","Female","464","0.493267737130164","0.460586470621995","0.525949003638333","1"
"No, never","2011","higher vocational","Male","229","0.269169609990341","0.238358108056335","0.299981111924347","1"
"No, never","2011","higher vocational","Female","187","0.38415293314238","0.339558719883497","0.428747146401263","1"
"No, never","2011","higher education","Male","694","0.29739000064464","0.278700683967732","0.316079317321549","1"
"No, never","2011","higher education","Female","870","0.41370029427847","0.392580891931264","0.434819696625675","1"
"Rarely","2011","in school","Male","3","","","","5"
"Rarely","2011","higher vocational","Female","106","0.220536118302145","0.182523494109782","0.258548742494507","5"
"Rarely","2011","middle vocational","Male","1090","0.271756385015154","0.257821274125466","0.285691495904843","5"
"Rarely","2011","middle vocational","Female","557","0.133772629270427","0.123317153761691","0.144228104779163","5"
"Rarely","2011","vocational + Abi","Male","161","0.339455766833172","0.298717086152074","0.38019444751427","5"
"Rarely","2011","vocational + Abi","Female","143","0.169654716288917","0.145120026264187","0.194189406313646","5"
"Rarely","2011","higher vocational","Male","244","0.348940545432302","0.315829141148204","0.3820519497164","5"
"Rarely","2011","higher education","Male","749","0.337396148492827","0.318064445365673","0.356727851619982","5"
"Rarely","2011","higher education","Female","494","0.251306627003198","0.232705775051422","0.269907478954974","5"
"Rarely","2011","in school","Female","4","","","","5"
"Rarely","2011","inadequately","Male","21","","","","5"
"Rarely","2011","inadequately","Female","4","","","","5"
"Rarely","2011","general elemantary","Male","114","0.219538435093605","0.184528444793068","0.254548425394141","5"
"Rarely","2011","general elemantary","Female","69","0.107256735172496","0.0833576798193275","0.131155790525665","5"
"Yes, every 2 weeks","2011","in school","Male","4","","","","3"
"Yes, every 2 weeks","2011","in school","Female","6","","","","3"
"Yes, every 2 weeks","2011","inadequately","Male","11","","","","3"
"Yes, every 2 weeks","2011","inadequately","Female","10","","","","3"
"Yes, every 2 weeks","2011","middle vocational","Male","638","0.163187707365646","0.151612202176824","0.174763212554468","3"
"Yes, every 2 weeks","2011","middle vocational","Female","811","0.189895945133702","0.177849124198724","0.201942766068679","3"
"Yes, every 2 weeks","2011","vocational + Abi","Male","61","0.113933238936806","0.0865980011190802","0.141268476754531","3"
"Yes, every 2 weeks","2011","vocational + Abi","Female","143","0.152444605538137","0.128947827097884","0.175941383978389","3"
"Yes, every 2 weeks","2011","higher vocational","Male","117","0.139249319146932","0.115198670998949","0.163299967294916","3"
"Yes, every 2 weeks","2011","higher vocational","Female","75","0.150780287650706","0.117972850310574","0.183587724990837","3"
"Yes, every 2 weeks","2011","general elemantary","Male","79","0.148927884051827","0.118816401506014","0.179039366597639","3"
"Yes, every 2 weeks","2011","general elemantary","Female","132","0.241166331293518","0.208126578314374","0.274206084272663","3"
"Yes, every 2 weeks","2011","higher education","Male","248","0.103145446603149","0.090710064973775","0.115580828232523","3"
"Yes, every 2 weeks","2011","higher education","Female","224","0.10173341596307","0.0887701835714926","0.114696648354647","3"
"Yes, every 3-4 weeks","2011","middle vocational","Male","452","0.11475094756394","0.104767211681459","0.124734683446421","4"
"Yes, every 3-4 weeks","2011","middle vocational","Female","298","0.0734616807743158","0.0654484743723782","0.0814748871762535","4"
"Yes, every 3-4 weeks","2011","vocational + Abi","Male","53","0.103112539856513","0.0769494441245933","0.129275635588433","4"
"Yes, every 3-4 weeks","2011","in school","Male","2","","","","4"
"Yes, every 3-4 weeks","2011","in school","Female","1","","","","4"
"Yes, every 3-4 weeks","2011","inadequately","Male","9","","","","4"
"Yes, every 3-4 weeks","2011","inadequately","Female","3","","","","4"
"Yes, every 3-4 weeks","2011","general elemantary","Male","53","0.0698138714679098","0.0482604243338046","0.0913673186020149","4"
"Yes, every 3-4 weeks","2011","general elemantary","Female","51","0.0909174126813846","0.0687134565276513","0.113121368835118","4"
"Yes, every 3-4 weeks","2011","higher vocational","Female","44","0.0862063006915169","0.060473706267542","0.111938895115492","4"
"Yes, every 3-4 weeks","2011","higher education","Male","231","0.0980926746874837","0.0859315896794145","0.110253759695553","4"
"Yes, every 3-4 weeks","2011","higher education","Female","184","0.0804813000905859","0.0688157117836637","0.0921468883975082","4"
"Yes, every 3-4 weeks","2011","vocational + Abi","Female","70","0.0678741234868133","0.0514320098846872","0.0843162370889393","4"
"Yes, every 3-4 weeks","2011","higher vocational","Male","74","0.095044204298269","0.0746705909599384","0.1154178176366","4"
"Yes, every week","2011","in school","Male","5","","","","2"
"Yes, every week","2011","in school","Female","9","","","","2"
"Yes, every week","2011","inadequately","Male","17","","","","2"
"Yes, every week","2011","inadequately","Female","15","","","","2"
"Yes, every week","2011","general elemantary","Male","85","0.165707136643936","0.134259296809387","0.197154976478486","2"
"Yes, every week","2011","middle vocational","Male","552","0.139464843252437","0.128613115534029","0.150316570970846","2"
"Yes, every week","2011","middle vocational","Female","568","0.144566632750424","0.133765449547993","0.155367815952856","2"
"Yes, every week","2011","vocational + Abi","Male","71","0.130078751073484","0.101138149061446","0.159019353085523","2"
"Yes, every week","2011","vocational + Abi","Female","79","0.116758817555969","0.0957668694314042","0.137750765680535","2"
"Yes, every week","2011","higher vocational","Male","132","0.147596321132156","0.122955681273701","0.172236960990612","2"
"Yes, every week","2011","higher vocational","Female","45","0.158324360213253","0.124855860809109","0.191792859617396","2"
"Yes, every week","2011","higher education","Male","376","0.163975729571899","0.14883759688502","0.179113862258779","2"
"Yes, every week","2011","higher education","Female","317","0.152778362664677","0.137350409347282","0.168206315982072","2"
"Yes, every week","2011","general elemantary","Female","113","0.156356209761573","0.128305601605261","0.184406817917886","2"
"No, never","2012","vocational + Abi","Male","80","0.381212991156854","0.314069409823298","0.44835657249041","1"
"No, never","2012","vocational + Abi","Female","202","0.530417402509938","0.480238498448043","0.580596306571833","1"
"No, never","2012","higher vocational","Male","56","0.216241671707558","0.160824936044144","0.271658407370973","1"
"No, never","2012","higher vocational","Female","55","0.501576639898851","0.407711855435287","0.595441424362416","1"
"No, never","2012","higher education","Male","218","0.356599640661968","0.319776357050968","0.393422924272969","1"
"No, never","2012","in school","Male","5","","","","1"
"No, never","2012","in school","Female","1","","","","1"
"No, never","2012","inadequately","Male","14","","","","1"
"No, never","2012","inadequately","Female","7","","","","1"
"No, never","2012","general elemantary","Male","84","0.401858430035635","0.336171382920184","0.467545477151085","1"
"No, never","2012","general elemantary","Female","97","0.466588221189941","0.396923458148886","0.536252984230997","1"
"No, never","2012","middle vocational","Male","341","0.316431035971999","0.288871612082202","0.343990459861796","1"
"No, never","2012","middle vocational","Female","596","0.453875847209869","0.427038067009297","0.480713627410442","1"
"No, never","2012","higher education","Female","265","0.452173478544328","0.412965284734578","0.491381672354078","1"
"Rarely","2012","in school","Male","2","","","","5"
"Rarely","2012","middle vocational","Male","273","0.238550053164246","0.213294907996067","0.263805198332425","5"
"Rarely","2012","middle vocational","Female","175","0.135445659219437","0.116999283214702","0.153892035224172","5"
"Rarely","2012","vocational + Abi","Male","49","0.24031868406264","0.181249692911276","0.299387675214005","5"
"Rarely","2012","vocational + Abi","Female","53","0.133283937263179","0.0991108966956853","0.167456977830674","5"
"Rarely","2012","higher vocational","Male","61","0.298439091059604","0.236844765255504","0.360033416863705","5"
"Rarely","2012","higher vocational","Female","20","","","","5"
"Rarely","2012","higher education","Male","189","0.276753072458569","0.24235921105169","0.311146933865448","5"
"Rarely","2012","higher education","Female","138","0.212975861321123","0.180723465244521","0.245228257397726","5"
"Rarely","2012","in school","Female","","","","","5"
"Rarely","2012","inadequately","Male","5","","","","5"
"Rarely","2012","inadequately","Female","3","","","","5"
"Rarely","2012","general elemantary","Male","41","0.201186367883384","0.147475370967303","0.254897364799466","5"
"Rarely","2012","general elemantary","Female","16","","","","5"
"Yes, every 2 weeks","2012","vocational + Abi","Male","32","0.174798839680099","0.122294010483307","0.22730366887689","3"
"Yes, every 2 weeks","2012","vocational + Abi","Female","59","0.168555170665138","0.130915652873145","0.20619468845713","3"
"Yes, every 2 weeks","2012","in school","Male","2","","","","3"
"Yes, every 2 weeks","2012","in school","Female","","","","","3"
"Yes, every 2 weeks","2012","inadequately","Male","10","","","","3"
"Yes, every 2 weeks","2012","inadequately","Female","7","","","","3"
"Yes, every 2 weeks","2012","middle vocational","Male","200","0.185975165526966","0.162919071515635","0.209031259538297","3"
"Yes, every 2 weeks","2012","middle vocational","Female","260","0.198484399871274","0.176983752200943","0.219985047541606","3"
"Yes, every 2 weeks","2012","higher vocational","Male","30","0.14991169872818","0.101857654580513","0.197965742875848","3"
"Yes, every 2 weeks","2012","higher vocational","Female","11","","","","3"
"Yes, every 2 weeks","2012","higher education","Male","84","0.130789011978955","0.104868734518472","0.156709289439438","3"
"Yes, every 2 weeks","2012","higher education","Female","70","0.107645052978646","0.0832293843385982","0.132060721618693","3"
"Yes, every 2 weeks","2012","general elemantary","Male","43","0.226904759172854","0.170789689466987","0.283019828878721","3"
"Yes, every 2 weeks","2012","general elemantary","Female","40","0.208424255108081","0.151704369525785","0.265144140690378","3"
"Yes, every 3-4 weeks","2012","middle vocational","Male","138","0.123066852516908","0.10360011289576","0.142533592138055","4"
"Yes, every 3-4 weeks","2012","vocational + Abi","Male","17","","","","4"
"Yes, every 3-4 weeks","2012","higher vocational","Female","8","","","","4"
"Yes, every 3-4 weeks","2012","higher education","Male","63","0.102523777847344","0.0792044950768936","0.125843060617795","4"
"Yes, every 3-4 weeks","2012","higher education","Female","54","0.097335262932823","0.0739844982017812","0.120686027663865","4"
"Yes, every 3-4 weeks","2012","middle vocational","Female","106","0.0766281438546203","0.0622892769671479","0.0909670107420926","4"
"Yes, every 3-4 weeks","2012","vocational + Abi","Female","23","","","","4"
"Yes, every 3-4 weeks","2012","higher vocational","Male","18","","","","4"
"Yes, every 3-4 weeks","2012","inadequately","Female","","","","","4"
"Yes, every 3-4 weeks","2012","in school","Male","3","","","","4"
"Yes, every 3-4 weeks","2012","in school","Female","3","","","","4"
"Yes, every 3-4 weeks","2012","inadequately","Male","5","","","","4"
"Yes, every 3-4 weeks","2012","general elemantary","Male","21","","","","4"
"Yes, every 3-4 weeks","2012","general elemantary","Female","10","","","","4"
"Yes, every week","2012","vocational + Abi","Male","23","","","","2"
"Yes, every week","2012","vocational + Abi","Female","43","0.114102749543058","0.0821361806224103","0.146069318463705","2"
"Yes, every week","2012","higher vocational","Female","15","","","","2"
"Yes, every week","2012","higher education","Male","96","0.133334497053163","0.107201547428838","0.159467446677489","2"
"Yes, every week","2012","higher education","Female","92","0.12987034422308","0.103388407250556","0.156352281195604","2"
"Yes, every week","2012","higher vocational","Male","47","0.239356504481614","0.181919291912266","0.296793717050963","2"
"Yes, every week","2012","inadequately","Female","9","","","","2"
"Yes, every week","2012","general elemantary","Male","25","","","","2"
"Yes, every week","2012","middle vocational","Male","142","0.135976892819882","0.115665735726796","0.156288049912967","2"
"Yes, every week","2012","in school","Male","4","","","","2"
"Yes, every week","2012","in school","Female","5","","","","2"
"Yes, every week","2012","inadequately","Male","9","","","","2"
"Yes, every week","2012","general elemantary","Female","34","0.188254688319169","0.133666614169401","0.242842762468936","2"
"Yes, every week","2012","middle vocational","Female","185","0.135565949844799","0.117112668345516","0.154019231344082","2"
"No, never","2013","vocational + Abi","Male","171","0.271727715494563","0.232299463687171","0.311155967301955","1"
"No, never","2013","vocational + Abi","Female","440","0.496205464025648","0.462632801012721","0.529778127038575","1"
"No, never","2013","higher vocational","Male","213","0.264581437934332","0.232293858097611","0.296869017771053","1"
"No, never","2013","higher vocational","Female","190","0.415051344788685","0.368206326579617","0.461896362997753","1"
"No, never","2013","higher education","Male","683","0.324112061855797","0.304050902881643","0.344173220829952","1"
"No, never","2013","in school","Male","8","","","","1"
"No, never","2013","in school","Female","9","","","","1"
"No, never","2013","inadequately","Female","26","","","","1"
"No, never","2013","general elemantary","Male","216","0.442912536563936","0.400094820424982","0.48573025270289","1"
"No, never","2013","general elemantary","Female","259","0.381766281504805","0.342730333039192","0.420802229970419","1"
"No, never","2013","middle vocational","Male","1037","0.30736201702985","0.292023391045381","0.32270064301432","1"
"No, never","2013","middle vocational","Female","1754","0.44502567157659","0.42941251717672","0.46063882597646","1"
"No, never","2013","inadequately","Male","21","","","","1"
"No, never","2013","higher education","Female","853","0.380936484677734","0.359827210958336","0.402045758397133","1"
"Rarely","2013","in school","Male","4","","","","5"
"Rarely","2013","in school","Female","6","","","","5"
"Rarely","2013","inadequately","Male","11","","","","5"
"Rarely","2013","inadequately","Female","2","","","","5"
"Rarely","2013","general elemantary","Male","109","0.216951383680564","0.181422759107711","0.252480008253418","5"
"Rarely","2013","general elemantary","Female","70","0.127178761287496","0.100408071827414","0.153949450747579","5"
"Rarely","2013","middle vocational","Male","1048","0.296600696680055","0.281416379834203","0.311785013525907","5"
"Rarely","2013","middle vocational","Female","554","0.14123272257781","0.130291468970709","0.15217397618491","5"
"Rarely","2013","vocational + Abi","Male","135","0.3107067993543","0.269689124573572","0.351724474135027","5"
"Rarely","2013","vocational + Abi","Female","160","0.191955327193109","0.165510175411341","0.218400478974876","5"
"Rarely","2013","higher vocational","Male","241","0.402800288948969","0.36690039262604","0.438700185271899","5"
"Rarely","2013","higher vocational","Female","97","0.245167896292651","0.204269092338198","0.286066700247103","5"
"Rarely","2013","higher education","Male","671","0.326134523849638","0.306041001910605","0.346228045788671","5"
"Rarely","2013","higher education","Female","523","0.28322381790874","0.26363825442176","0.302809381395721","5"
"Yes, every 2 weeks","2013","in school","Male","4","","","","3"
"Yes, every 2 weeks","2013","in school","Female","9","","","","3"
"Yes, every 2 weeks","2013","vocational + Abi","Male","76","0.192037978364951","0.157125337761536","0.226950618968366","3"
"Yes, every 2 weeks","2013","vocational + Abi","Female","127","0.137766185257926","0.114623585975467","0.160908784540384","3"
"Yes, every 2 weeks","2013","inadequately","Male","14","","","","3"
"Yes, every 2 weeks","2013","inadequately","Female","11","","","","3"
"Yes, every 2 weeks","2013","general elemantary","Male","70","0.0934936509458643","0.0683991071849596","0.118588194706769","3"
"Yes, every 2 weeks","2013","general elemantary","Female","122","0.226567843238032","0.192932190836491","0.260203495639573","3"
"Yes, every 2 weeks","2013","middle vocational","Male","571","0.174182988477029","0.161574791406919","0.186791185547138","3"
"Yes, every 2 weeks","2013","middle vocational","Female","792","0.200795771169082","0.188210347415379","0.213381194922785","3"
"Yes, every 2 weeks","2013","higher vocational","Male","85","0.0988617633473833","0.0770144318541007","0.120709094840666","3"
"Yes, every 2 weeks","2013","higher vocational","Female","67","0.144267324177712","0.110862693681255","0.177671954674168","3"
"Yes, every 2 weeks","2013","higher education","Male","221","0.0963281360329223","0.0836821402319576","0.108974131833887","3"
"Yes, every 2 weeks","2013","higher education","Female","208","0.112688883455869","0.0989434670523673","0.12643429985937","3"
"Yes, every 3-4 weeks","2013","vocational + Abi","Male","49","0.0990484598165789","0.0725714924076958","0.125525427225462","4"
"Yes, every 3-4 weeks","2013","in school","Male","3","","","","4"
"Yes, every 3-4 weeks","2013","in school","Female","3","","","","4"
"Yes, every 3-4 weeks","2013","inadequately","Male","8","","","","4"
"Yes, every 3-4 weeks","2013","inadequately","Female","5","","","","4"
"Yes, every 3-4 weeks","2013","general elemantary","Male","42","0.0691609855933469","0.0472898821267937","0.0910320890599002","4"
"Yes, every 3-4 weeks","2013","general elemantary","Female","43","0.0826644824030783","0.0605379586634546","0.104791006142702","4"
"Yes, every 3-4 weeks","2013","middle vocational","Male","373","0.104013548760601","0.0938650013399094","0.114162096181292","4"
"Yes, every 3-4 weeks","2013","middle vocational","Female","276","0.0727069472956185","0.0645494275530489","0.0808644670381881","4"
"Yes, every 3-4 weeks","2013","vocational + Abi","Female","56","0.0847632370553764","0.066060774722659","0.103465699388094","4"
"Yes, every 3-4 weeks","2013","higher vocational","Male","73","0.107250096651661","0.0846009280225395","0.129899265280782","4"
"Yes, every 3-4 weeks","2013","higher vocational","Female","37","0.0774059043416304","0.0519993361790271","0.102812472504234","4"
"Yes, every 3-4 weeks","2013","higher education","Male","202","0.10744158899147","0.0941683898773377","0.120714788105601","4"
"Yes, every 3-4 weeks","2013","higher education","Female","174","0.0917758697146306","0.0792259723450296","0.104325767084232","4"
"Yes, every week","2013","inadequately","Female","12","","","","2"
"Yes, every week","2013","general elemantary","Male","80","0.177481443216288","0.144546861833975","0.210416024598602","2"
"Yes, every week","2013","in school","Male","11","","","","2"
"Yes, every week","2013","in school","Female","16","","","","2"
"Yes, every week","2013","inadequately","Male","17","","","","2"
"Yes, every week","2013","vocational + Abi","Male","58","0.126479046969607","0.0970185806331677","0.155939513306047","2"
"Yes, every week","2013","vocational + Abi","Female","69","0.0893097864679411","0.0701600344703125","0.10845953846557","2"
"Yes, every week","2013","higher vocational","Male","105","0.126506413117655","0.102174590335361","0.150838235899949","2"
"Yes, every week","2013","higher vocational","Female","34","0.118107530399322","0.0874243596131107","0.148790701185534","2"
"Yes, every week","2013","higher education","Male","314","0.145983689270173","0.130849598839214","0.161117779701132","2"
"Yes, every week","2013","higher education","Female","275","0.131374944243026","0.116690691518999","0.146059196967053","2"
"Yes, every week","2013","general elemantary","Female","101","0.181822631566588","0.150831508909995","0.212813754223182","2"
"Yes, every week","2013","middle vocational","Male","447","0.117840749052466","0.10712236163188","0.128559136473051","2"
"Yes, every week","2013","middle vocational","Female","516","0.1402388873809","0.129329890868071","0.151147883893729","2"
"No, never","2014","vocational + Abi","Male","","","","","1"
"No, never","2014","vocational + Abi","Female","","","","","1"
"No, never","2014","higher vocational","Male","","","","","1"
"No, never","2014","higher vocational","Female","","","","","1"
"No, never","2014","higher education","Male","","","","","1"
"No, never","2014","in school","Male","","","","","1"
"No, never","2014","in school","Female","","","","","1"
"No, never","2014","inadequately","Male","","","","","1"
"No, never","2014","inadequately","Female","","","","","1"
"No, never","2014","general elemantary","Male","","","","","1"
"No, never","2014","general elemantary","Female","","","","","1"
"No, never","2014","middle vocational","Male","","","","","1"
"No, never","2014","middle vocational","Female","","","","","1"
"No, never","2014","higher education","Female","","","","","1"
"Rarely","2014","in school","Male","","","","","5"
"Rarely","2014","in school","Female","","","","","5"
"Rarely","2014","inadequately","Male","","","","","5"
"Rarely","2014","inadequately","Female","","","","","5"
"Rarely","2014","general elemantary","Male","","","","","5"
"Rarely","2014","general elemantary","Female","","","","","5"
"Rarely","2014","middle vocational","Male","","","","","5"
"Rarely","2014","middle vocational","Female","","","","","5"
"Rarely","2014","vocational + Abi","Male","","","","","5"
"Rarely","2014","vocational + Abi","Female","","","","","5"
"Rarely","2014","higher vocational","Male","","","","","5"
"Rarely","2014","higher vocational","Female","","","","","5"
"Rarely","2014","higher education","Male","","","","","5"
"Rarely","2014","higher education","Female","","","","","5"
"Yes, every 2 weeks","2014","vocational + Abi","Female","","","","","3"
"Yes, every 2 weeks","2014","in school","Male","","","","","3"
"Yes, every 2 weeks","2014","in school","Female","","","","","3"
"Yes, every 2 weeks","2014","inadequately","Female","","","","","3"
"Yes, every 2 weeks","2014","vocational + Abi","Male","","","","","3"
"Yes, every 2 weeks","2014","inadequately","Male","","","","","3"
"Yes, every 2 weeks","2014","general elemantary","Male","","","","","3"
"Yes, every 2 weeks","2014","general elemantary","Female","","","","","3"
"Yes, every 2 weeks","2014","middle vocational","Male","","","","","3"
"Yes, every 2 weeks","2014","middle vocational","Female","","","","","3"
"Yes, every 2 weeks","2014","higher vocational","Male","","","","","3"
"Yes, every 2 weeks","2014","higher vocational","Female","","","","","3"
"Yes, every 2 weeks","2014","higher education","Male","","","","","3"
"Yes, every 2 weeks","2014","higher education","Female","","","","","3"
"Yes, every 3-4 weeks","2014","vocational + Abi","Male","","","","","4"
"Yes, every 3-4 weeks","2014","in school","Male","","","","","4"
"Yes, every 3-4 weeks","2014","in school","Female","","","","","4"
"Yes, every 3-4 weeks","2014","inadequately","Male","","","","","4"
"Yes, every 3-4 weeks","2014","inadequately","Female","","","","","4"
"Yes, every 3-4 weeks","2014","general elemantary","Male","","","","","4"
"Yes, every 3-4 weeks","2014","general elemantary","Female","","","","","4"
"Yes, every 3-4 weeks","2014","middle vocational","Male","","","","","4"
"Yes, every 3-4 weeks","2014","middle vocational","Female","","","","","4"
"Yes, every 3-4 weeks","2014","vocational + Abi","Female","","","","","4"
"Yes, every 3-4 weeks","2014","higher vocational","Male","","","","","4"
"Yes, every 3-4 weeks","2014","higher vocational","Female","","","","","4"
"Yes, every 3-4 weeks","2014","higher education","Male","","","","","4"
"Yes, every 3-4 weeks","2014","higher education","Female","","","","","4"
"Yes, every week","2014","in school","Male","","","","","2"
"Yes, every week","2014","in school","Female","","","","","2"
"Yes, every week","2014","inadequately","Male","","","","","2"
"Yes, every week","2014","inadequately","Female","","","","","2"
"Yes, every week","2014","general elemantary","Male","","","","","2"
"Yes, every week","2014","vocational + Abi","Male","","","","","2"
"Yes, every week","2014","vocational + Abi","Female","","","","","2"
"Yes, every week","2014","higher vocational","Male","","","","","2"
"Yes, every week","2014","higher vocational","Female","","","","","2"
"Yes, every week","2014","higher education","Male","","","","","2"
"Yes, every week","2014","higher education","Female","","","","","2"
"Yes, every week","2014","general elemantary","Female","","","","","2"
"Yes, every week","2014","middle vocational","Male","","","","","2"
"Yes, every week","2014","middle vocational","Female","","","","","2"
"No, never","2015","vocational + Abi","Male","197","0.297144752019812","0.259758741573195","0.334530762466429","1"
"No, never","2015","vocational + Abi","Female","453","0.478843516797551","0.446404343277394","0.511282690317708","1"
"No, never","2015","higher vocational","Male","184","0.260371102976809","0.2265829917803","0.294159214173317","1"
"No, never","2015","higher vocational","Female","177","0.418468189135265","0.369256032037111","0.467680346233418","1"
"No, never","2015","higher education","Male","699","0.337843552232396","0.317309052601222","0.358378051863569","1"
"No, never","2015","in school","Male","8","","","","1"
"No, never","2015","in school","Female","6","","","","1"
"No, never","2015","inadequately","Female","33","0.406595900430852","0.290696733435071","0.522495067426634","1"
"No, never","2015","general elemantary","Male","260","0.428028436043068","0.389634619814125","0.466422252272012","1"
"No, never","2015","general elemantary","Female","267","0.388643963392988","0.349608643255994","0.427679283529982","1"
"No, never","2015","middle vocational","Male","1064","0.329780052081394","0.313759178017223","0.345800926145566","1"
"No, never","2015","middle vocational","Female","1629","0.455332566982406","0.439080631822152","0.47158450214266","1"
"No, never","2015","higher education","Female","885","0.38759933278418","0.366565499220341","0.408633166348019","1"
"No, never","2015","inadequately","Male","33","0.482349057739951","0.370007480599137","0.594690634880764","1"
"Rarely","2015","in school","Male","3","","","","5"
"Rarely","2015","in school","Female","5","","","","5"
"Rarely","2015","inadequately","Male","9","","","","5"
"Rarely","2015","inadequately","Female","7","","","","5"
"Rarely","2015","general elemantary","Male","114","0.157837920579161","0.129547378563127","0.186128462595194","5"
"Rarely","2015","general elemantary","Female","57","0.113276972128493","0.0878965121138227","0.138657432143163","5"
"Rarely","2015","middle vocational","Male","944","0.291029097596951","0.275549924652049","0.306508270541853","5"
"Rarely","2015","middle vocational","Female","525","0.148964611947141","0.137345033177619","0.160584190716663","5"
"Rarely","2015","vocational + Abi","Male","167","0.294517453133286","0.257227589087949","0.331807317178623","5"
"Rarely","2015","vocational + Abi","Female","166","0.212339273264713","0.185782600525096","0.23889594600433","5"
"Rarely","2015","higher vocational","Male","239","0.391504675290757","0.353924596413968","0.429084754167547","5"
"Rarely","2015","higher vocational","Female","94","0.247248273753282","0.204210781969386","0.290285765537179","5"
"Rarely","2015","higher education","Male","613","0.290410430200735","0.270701832805845","0.310119027595624","5"
"Rarely","2015","higher education","Female","514","0.246120235548216","0.227523624866476","0.264716846229956","5"
"Yes, every 2 weeks","2015","in school","Male","8","","","","3"
"Yes, every 2 weeks","2015","in school","Female","8","","","","3"
"Yes, every 2 weeks","2015","inadequately","Male","19","","","","3"
"Yes, every 2 weeks","2015","inadequately","Female","11","","","","3"
"Yes, every 2 weeks","2015","vocational + Abi","Male","82","0.175464874022367","0.14434829673156","0.206581451313175","3"
"Yes, every 2 weeks","2015","vocational + Abi","Female","144","0.15225921763036","0.128929351990584","0.175589083270136","3"
"Yes, every 2 weeks","2015","general elemantary","Male","107","0.158922310439034","0.130553035039072","0.187291585838996","3"
"Yes, every 2 weeks","2015","general elemantary","Female","124","0.227183811222153","0.193628484191564","0.260739138252742","3"
"Yes, every 2 weeks","2015","higher vocational","Female","54","0.151829150626246","0.116029920177402","0.187628381075089","3"
"Yes, every 2 weeks","2015","higher education","Male","237","0.119918238956236","0.105813984562427","0.134022493350045","3"
"Yes, every 2 weeks","2015","higher education","Female","222","0.133037252695867","0.118375160455849","0.147699344935885","3"
"Yes, every 2 weeks","2015","middle vocational","Male","515","0.159299600165895","0.146828828991907","0.171770371339882","3"
"Yes, every 2 weeks","2015","middle vocational","Female","718","0.197023429681367","0.184043109836488","0.210003749526247","3"
"Yes, every 2 weeks","2015","higher vocational","Male","65","0.0852432496379036","0.0637430051569285","0.106743494118879","3"
"Yes, every 3-4 weeks","2015","in school","Male","","","","","4"
"Yes, every 3-4 weeks","2015","in school","Female","5","","","","4"
"Yes, every 3-4 weeks","2015","inadequately","Male","4","","","","4"
"Yes, every 3-4 weeks","2015","vocational + Abi","Male","63","0.118194194160122","0.091783689873455","0.144604698446788","4"
"Yes, every 3-4 weeks","2015","general elemantary","Female","43","0.0978325649577355","0.0740411663638283","0.121623963551643","4"
"Yes, every 3-4 weeks","2015","middle vocational","Female","247","0.0610505291541073","0.0532371149646239","0.0688639433435908","4"
"Yes, every 3-4 weeks","2015","higher vocational","Male","67","0.116937474220807","0.0921955672165961","0.141679381225018","4"
"Yes, every 3-4 weeks","2015","higher education","Male","209","0.103202589102897","0.0899945462144279","0.116410631991366","4"
"Yes, every 3-4 weeks","2015","inadequately","Female","5","","","","4"
"Yes, every 3-4 weeks","2015","general elemantary","Male","47","0.0515884476549211","0.0344246889976403","0.0687522063122019","4"
"Yes, every 3-4 weeks","2015","vocational + Abi","Female","71","0.0745275338630117","0.0574734250730434","0.09158164265298","4"
"Yes, every 3-4 weeks","2015","middle vocational","Male","332","0.0989397523279869","0.0887649105360407","0.109114594119933","4"
"Yes, every 3-4 weeks","2015","higher vocational","Female","29","","","","4"
"Yes, every 3-4 weeks","2015","higher education","Female","165","0.0911926044496606","0.0787639294691344","0.103621279430187","4"
"Yes, every week","2015","in school","Male","5","","","","2"
"Yes, every week","2015","in school","Female","8","","","","2"
"Yes, every week","2015","inadequately","Male","11","","","","2"
"Yes, every week","2015","inadequately","Female","13","","","","2"
"Yes, every week","2015","general elemantary","Male","110","0.203622885283816","0.172375733945364","0.234870036622268","2"
"Yes, every week","2015","vocational + Abi","Male","65","0.114678726664413","0.0886121483764238","0.140745304952402","2"
"Yes, every week","2015","vocational + Abi","Female","77","0.0820304584443646","0.0642111597544071","0.0998497571343222","2"
"Yes, every week","2015","higher vocational","Male","93","0.145943497873723","0.118760567967864","0.173126427779582","2"
"Yes, every week","2015","higher vocational","Female","32","0.112103264692063","0.0806297822823683","0.143576747101759","2"
"Yes, every week","2015","higher education","Male","280","0.148625189507736","0.133181444932815","0.164068934082657","2"
"Yes, every week","2015","higher education","Female","275","0.142050574522076","0.126978902447522","0.157122246596631","2"
"Yes, every week","2015","general elemantary","Female","108","0.173062688298631","0.142767566939132","0.20335780965813","2"
"Yes, every week","2015","middle vocational","Male","453","0.120951497827773","0.109839877715893","0.132063117939654","2"
"Yes, every week","2015","middle vocational","Female","488","0.137628862234978","0.126386000075499","0.148871724394457","2"
"No, never","2016","vocational + Abi","Male","","","","","1"
"No, never","2016","vocational + Abi","Female","","","","","1"
"No, never","2016","higher vocational","Male","","","","","1"
"No, never","2016","higher vocational","Female","","","","","1"
"No, never","2016","higher education","Male","","","","","1"
"No, never","2016","in school","Male","","","","","1"
"No, never","2016","in school","Female","","","","","1"
"No, never","2016","inadequately","Male","","","","","1"
"No, never","2016","inadequately","Female","","","","","1"
"No, never","2016","general elemantary","Male","","","","","1"
"No, never","2016","general elemantary","Female","","","","","1"
"No, never","2016","middle vocational","Male","","","","","1"
"No, never","2016","middle vocational","Female","","","","","1"
"No, never","2016","higher education","Female","","","","","1"
"Rarely","2016","in school","Male","","","","","5"
"Rarely","2016","in school","Female","","","","","5"
"Rarely","2016","inadequately","Male","","","","","5"
"Rarely","2016","inadequately","Female","","","","","5"
"Rarely","2016","general elemantary","Male","","","","","5"
"Rarely","2016","general elemantary","Female","","","","","5"
"Rarely","2016","middle vocational","Male","","","","","5"
"Rarely","2016","middle vocational","Female","","","","","5"
"Rarely","2016","vocational + Abi","Male","","","","","5"
"Rarely","2016","vocational + Abi","Female","","","","","5"
"Rarely","2016","higher vocational","Male","","","","","5"
"Rarely","2016","higher vocational","Female","","","","","5"
"Rarely","2016","higher education","Male","","","","","5"
"Rarely","2016","higher education","Female","","","","","5"
"Yes, every 2 weeks","2016","in school","Male","","","","","3"
"Yes, every 2 weeks","2016","in school","Female","","","","","3"
"Yes, every 2 weeks","2016","inadequately","Male","","","","","3"
"Yes, every 2 weeks","2016","inadequately","Female","","","","","3"
"Yes, every 2 weeks","2016","vocational + Abi","Male","","","","","3"
"Yes, every 2 weeks","2016","vocational + Abi","Female","","","","","3"
"Yes, every 2 weeks","2016","higher vocational","Male","","","","","3"
"Yes, every 2 weeks","2016","higher vocational","Female","","","","","3"
"Yes, every 2 weeks","2016","higher education","Male","","","","","3"
"Yes, every 2 weeks","2016","higher education","Female","","","","","3"
"Yes, every 2 weeks","2016","general elemantary","Female","","","","","3"
"Yes, every 2 weeks","2016","middle vocational","Female","","","","","3"
"Yes, every 2 weeks","2016","general elemantary","Male","","","","","3"
"Yes, every 2 weeks","2016","middle vocational","Male","","","","","3"
"Yes, every 3-4 weeks","2016","in school","Male","","","","","4"
"Yes, every 3-4 weeks","2016","in school","Female","","","","","4"
"Yes, every 3-4 weeks","2016","inadequately","Male","","","","","4"
"Yes, every 3-4 weeks","2016","vocational + Abi","Male","","","","","4"
"Yes, every 3-4 weeks","2016","general elemantary","Female","","","","","4"
"Yes, every 3-4 weeks","2016","higher vocational","Male","","","","","4"
"Yes, every 3-4 weeks","2016","higher vocational","Female","","","","","4"
"Yes, every 3-4 weeks","2016","higher education","Male","","","","","4"
"Yes, every 3-4 weeks","2016","inadequately","Female","","","","","4"
"Yes, every 3-4 weeks","2016","general elemantary","Male","","","","","4"
"Yes, every 3-4 weeks","2016","middle vocational","Male","","","","","4"
"Yes, every 3-4 weeks","2016","middle vocational","Female","","","","","4"
"Yes, every 3-4 weeks","2016","vocational + Abi","Female","","","","","4"
"Yes, every 3-4 weeks","2016","higher education","Female","","","","","4"
"Yes, every week","2016","in school","Male","","","","","2"
"Yes, every week","2016","in school","Female","","","","","2"
"Yes, every week","2016","inadequately","Male","","","","","2"
"Yes, every week","2016","inadequately","Female","","","","","2"
"Yes, every week","2016","general elemantary","Male","","","","","2"
"Yes, every week","2016","vocational + Abi","Male","","","","","2"
"Yes, every week","2016","vocational + Abi","Female","","","","","2"
"Yes, every week","2016","higher vocational","Male","","","","","2"
"Yes, every week","2016","higher vocational","Female","","","","","2"
"Yes, every week","2016","middle vocational","Female","","","","","2"
"Yes, every week","2016","general elemantary","Female","","","","","2"
"Yes, every week","2016","middle vocational","Male","","","","","2"
"Yes, every week","2016","higher education","Female","","","","","2"
"Yes, every week","2016","higher education","Male","","","","","2"
"No, never","2017","vocational + Abi","Male","244","0.381883268155793","0.344956794718265","0.418809741593322","1"
"No, never","2017","vocational + Abi","Female","534","0.52435746925498","0.494207848366711","0.55450709014325","1"
"No, never","2017","higher vocational","Male","220","0.31510197216353","0.279579439297478","0.350624505029581","1"
"No, never","2017","higher vocational","Female","189","0.446654124847696","0.398176490183937","0.495131759511455","1"
"No, never","2017","higher education","Male","900","0.371420855758324","0.351784704779549","0.391057006737098","1"
"No, never","2017","inadequately","Female","39","0.448061315271912","0.338401202734844","0.55772142780898","1"
"No, never","2017","in school","Male","6","","","","1"
"No, never","2017","in school","Female","9","","","","1"
"No, never","2017","inadequately","Male","46","0.42666071555351","0.332058649724004","0.521262781383016","1"
"No, never","2017","middle vocational","Female","1852","0.471370486071579","0.455679802672409","0.487061169470748","1"
"No, never","2017","general elemantary","Female","329","0.461371227698332","0.424202380175696","0.498540075220969","1"
"No, never","2017","middle vocational","Male","1247","0.357730387322007","0.341995815548887","0.373464959095127","1"
"No, never","2017","higher education","Female","1119","0.474657366101053","0.454390096061015","0.494924636141091","1"
"No, never","2017","general elemantary","Male","268","0.458027684992823","0.419636601730098","0.496418768255549","1"
"Rarely","2017","in school","Male","2","","","","5"
"Rarely","2017","in school","Female","","","","","5"
"Rarely","2017","inadequately","Male","17","","","","5"
"Rarely","2017","inadequately","Female","5","","","","5"
"Rarely","2017","general elemantary","Male","120","0.166396332252375","0.137698596407715","0.195094068097036","5"
"Rarely","2017","general elemantary","Female","72","0.129252015947745","0.104238544484776","0.154265487410714","5"
"Rarely","2017","middle vocational","Male","872","0.253137831003755","0.238864771314792","0.267410890692718","5"
"Rarely","2017","middle vocational","Female","463","0.130219180630385","0.119640601106432","0.140797760154339","5"
"Rarely","2017","vocational + Abi","Male","158","0.212082413626336","0.181013219114475","0.243151608138196","5"
"Rarely","2017","vocational + Abi","Female","147","0.146885068150748","0.125514287742744","0.168255848558753","5"
"Rarely","2017","higher vocational","Male","200","0.338365404320948","0.302185494048273","0.374545314593624","5"
"Rarely","2017","higher vocational","Female","80","0.194685643288315","0.156074995105105","0.233296291471524","5"
"Rarely","2017","higher education","Male","618","0.283518555394281","0.265202310005637","0.301834800782924","5"
"Rarely","2017","higher education","Female","468","0.210925123702338","0.194367154053995","0.227483093350682","5"
"Yes, every 2 weeks","2017","in school","Male","5","","","","3"
"Yes, every 2 weeks","2017","inadequately","Female","16","","","","3"
"Yes, every 2 weeks","2017","general elemantary","Male","94","0.121234135292607","0.0960837293296273","0.146384541255586","3"
"Yes, every 2 weeks","2017","higher vocational","Male","81","0.105941527847101","0.082408300866708","0.129474754827494","3"
"Yes, every 2 weeks","2017","higher vocational","Female","73","0.222634521722853","0.182068138681427","0.263200904764278","3"
"Yes, every 2 weeks","2017","inadequately","Male","20","","","","3"
"Yes, every 2 weeks","2017","middle vocational","Male","567","0.149231154336028","0.137534709897311","0.160927598774745","3"
"Yes, every 2 weeks","2017","general elemantary","Female","126","0.192539030816491","0.16314025629413","0.221937805338851","3"
"Yes, every 2 weeks","2017","vocational + Abi","Male","88","0.151856384888736","0.124579894154317","0.179132875623155","3"
"Yes, every 2 weeks","2017","in school","Female","10","","","","3"
"Yes, every 2 weeks","2017","higher education","Male","244","0.11082123732764","0.09806421622604","0.12357825842924","3"
"Yes, every 2 weeks","2017","higher education","Female","246","0.108843109355265","0.0962026931880858","0.121483525522445","3"
"Yes, every 2 weeks","2017","vocational + Abi","Female","177","0.165670417254665","0.143225444120331","0.188115390388998","3"
"Yes, every 2 weeks","2017","middle vocational","Female","710","0.181593517139844","0.169475832009852","0.193711202269836","3"
"Yes, every 3-4 weeks","2017","in school","Male","4","","","","4"
"Yes, every 3-4 weeks","2017","in school","Female","6","","","","4"
"Yes, every 3-4 weeks","2017","inadequately","Male","8","","","","4"
"Yes, every 3-4 weeks","2017","vocational + Abi","Male","89","0.108477185479952","0.0848412550289217","0.132113115930982","4"
"Yes, every 3-4 weeks","2017","vocational + Abi","Female","102","0.0797807173336578","0.0634230105633006","0.0961384241040151","4"
"Yes, every 3-4 weeks","2017","general elemantary","Female","46","0.0684296926217894","0.0496045107486709","0.0872548744949079","4"
"Yes, every 3-4 weeks","2017","middle vocational","Male","371","0.0979291760596888","0.0881726616024082","0.107685690516969","4"
"Yes, every 3-4 weeks","2017","middle vocational","Female","321","0.0705843200179054","0.0625334265849889","0.0786352134508219","4"
"Yes, every 3-4 weeks","2017","higher vocational","Male","64","0.09824995561149","0.0754898289899369","0.121010082233043","4"
"Yes, every 3-4 weeks","2017","higher vocational","Female","31","0.0634631853932789","0.0396903617403892","0.0872360090461687","4"
"Yes, every 3-4 weeks","2017","higher education","Male","274","0.11519609202891","0.102221741564736","0.128170442493084","4"
"Yes, every 3-4 weeks","2017","general elemantary","Male","61","0.109889367977933","0.0857905477059567","0.133988188249909","4"
"Yes, every 3-4 weeks","2017","higher education","Female","206","0.0833952446780964","0.07217388418424","0.0946166051719528","4"
"Yes, every 3-4 weeks","2017","inadequately","Female","7","","","","4"
"Yes, every week","2017","vocational + Abi","Male","86","0.145700747849183","0.118886033683428","0.172515462014938","2"
"Yes, every week","2017","in school","Male","13","","","","2"
"Yes, every week","2017","in school","Female","17","","","","2"
"Yes, every week","2017","inadequately","Male","14","","","","2"
"Yes, every week","2017","inadequately","Female","12","","","","2"
"Yes, every week","2017","general elemantary","Male","104","0.144452479484261","0.117364256264449","0.171540702704074","2"
"Yes, every week","2017","general elemantary","Female","118","0.148408032915643","0.121901461881955","0.174914603949331","2"
"Yes, every week","2017","middle vocational","Male","508","0.141971451278521","0.130514483177266","0.153428419379775","2"
"Yes, every week","2017","vocational + Abi","Female","94","0.0833063280059488","0.0666231455972783","0.0999895104146193","2"
"Yes, every week","2017","higher vocational","Male","92","0.142341140056931","0.115624126219079","0.169058153894783","2"
"Yes, every week","2017","higher vocational","Female","31","0.0725625247478581","0.0472662877563846","0.0978587617393316","2"
"Yes, every week","2017","middle vocational","Female","542","0.146232496140287","0.13512600895438","0.157338983326194","2"
"Yes, every week","2017","higher education","Male","290","0.119043259490846","0.105882743049365","0.132203775932326","2"
"Yes, every week","2017","higher education","Female","293","0.122179156163247","0.108887309482725","0.135471002843769","2"
"No, never","2018","higher vocational","Male","","","","","1"
"No, never","2018","higher vocational","Female","","","","","1"
"No, never","2018","higher education","Male","","","","","1"
"No, never","2018","inadequately","Male","","","","","1"
"No, never","2018","in school","Male","","","","","1"
"No, never","2018","in school","Female","","","","","1"
"No, never","2018","inadequately","Female","","","","","1"
"No, never","2018","general elemantary","Male","","","","","1"
"No, never","2018","general elemantary","Female","","","","","1"
"No, never","2018","middle vocational","Male","","","","","1"
"No, never","2018","vocational + Abi","Male","","","","","1"
"No, never","2018","vocational + Abi","Female","","","","","1"
"No, never","2018","higher education","Female","","","","","1"
"No, never","2018","middle vocational","Female","","","","","1"
"Rarely","2018","in school","Male","","","","","5"
"Rarely","2018","in school","Female","","","","","5"
"Rarely","2018","inadequately","Male","","","","","5"
"Rarely","2018","inadequately","Female","","","","","5"
"Rarely","2018","general elemantary","Male","","","","","5"
"Rarely","2018","general elemantary","Female","","","","","5"
"Rarely","2018","middle vocational","Male","","","","","5"
"Rarely","2018","middle vocational","Female","","","","","5"
"Rarely","2018","vocational + Abi","Male","","","","","5"
"Rarely","2018","vocational + Abi","Female","","","","","5"
"Rarely","2018","higher vocational","Male","","","","","5"
"Rarely","2018","higher vocational","Female","","","","","5"
"Rarely","2018","higher education","Male","","","","","5"
"Rarely","2018","higher education","Female","","","","","5"
"Yes, every 2 weeks","2018","inadequately","Female","","","","","3"
"Yes, every 2 weeks","2018","higher vocational","Male","","","","","3"
"Yes, every 2 weeks","2018","higher vocational","Female","","","","","3"
"Yes, every 2 weeks","2018","in school","Male","","","","","3"
"Yes, every 2 weeks","2018","in school","Female","","","","","3"
"Yes, every 2 weeks","2018","inadequately","Male","","","","","3"
"Yes, every 2 weeks","2018","vocational + Abi","Male","","","","","3"
"Yes, every 2 weeks","2018","vocational + Abi","Female","","","","","3"
"Yes, every 2 weeks","2018","higher education","Male","","","","","3"
"Yes, every 2 weeks","2018","higher education","Female","","","","","3"
"Yes, every 2 weeks","2018","general elemantary","Male","","","","","3"
"Yes, every 2 weeks","2018","general elemantary","Female","","","","","3"
"Yes, every 2 weeks","2018","middle vocational","Female","","","","","3"
"Yes, every 2 weeks","2018","middle vocational","Male","","","","","3"
"Yes, every 3-4 weeks","2018","in school","Male","","","","","4"
"Yes, every 3-4 weeks","2018","vocational + Abi","Male","","","","","4"
"Yes, every 3-4 weeks","2018","in school","Female","","","","","4"
"Yes, every 3-4 weeks","2018","inadequately","Male","","","","","4"
"Yes, every 3-4 weeks","2018","inadequately","Female","","","","","4"
"Yes, every 3-4 weeks","2018","general elemantary","Male","","","","","4"
"Yes, every 3-4 weeks","2018","higher vocational","Male","","","","","4"
"Yes, every 3-4 weeks","2018","general elemantary","Female","","","","","4"
"Yes, every 3-4 weeks","2018","middle vocational","Male","","","","","4"
"Yes, every 3-4 weeks","2018","higher education","Male","","","","","4"
"Yes, every 3-4 weeks","2018","higher education","Female","","","","","4"
"Yes, every 3-4 weeks","2018","vocational + Abi","Female","","","","","4"
"Yes, every 3-4 weeks","2018","middle vocational","Female","","","","","4"
"Yes, every 3-4 weeks","2018","higher vocational","Female","","","","","4"
"Yes, every week","2018","vocational + Abi","Male","","","","","2"
"Yes, every week","2018","vocational + Abi","Female","","","","","2"
"Yes, every week","2018","higher vocational","Male","","","","","2"
"Yes, every week","2018","higher vocational","Female","","","","","2"
"Yes, every week","2018","general elemantary","Female","","","","","2"
"Yes, every week","2018","middle vocational","Male","","","","","2"
"Yes, every week","2018","in school","Male","","","","","2"
"Yes, every week","2018","inadequately","Female","","","","","2"
"Yes, every week","2018","general elemantary","Male","","","","","2"
"Yes, every week","2018","middle vocational","Female","","","","","2"
"Yes, every week","2018","higher education","Female","","","","","2"
"Yes, every week","2018","higher education","Male","","","","","2"
"Yes, every week","2018","in school","Female","","","","","2"
"Yes, every week","2018","inadequately","Male","","","","","2"
"No, never","2019","inadequately","Male","43","0.423741164949265","0.323310637555667","0.524171692342864","1"
"No, never","2019","inadequately","Female","38","0.531653704752773","0.419467550214673","0.643839859290872","1"
"No, never","2019","general elemantary","Male","259","0.429276560853923","0.390220633746838","0.468332487961008","1"
"No, never","2019","general elemantary","Female","286","0.413994856361519","0.374681726440323","0.453307986282714","1"
"No, never","2019","middle vocational","Male","1156","0.359616152894223","0.343240572064902","0.375991733723544","1"
"No, never","2019","vocational + Abi","Male","250","0.408488511172709","0.372177923588912","0.444799098756505","1"
"No, never","2019","vocational + Abi","Female","531","0.527518987453988","0.496926027203414","0.558111947704561","1"
"No, never","2019","higher vocational","Male","231","0.366852358461518","0.333497503130081","0.400207213792955","1"
"No, never","2019","higher vocational","Female","201","0.492863687283962","0.444411632204124","0.541315742363799","1"
"No, never","2019","higher education","Male","905","0.374887053962621","0.356677779488551","0.393096328436692","1"
"No, never","2019","in school","Male","12","","","","1"
"No, never","2019","in school","Female","9","","","","1"
"No, never","2019","higher education","Female","1100","0.474111073381648","0.454314749399703","0.493907397363593","1"
"No, never","2019","middle vocational","Female","1789","0.488637119625864","0.472371437556488","0.504902801695239","1"
"Rarely","2019","in school","Male","5","","","","5"
"Rarely","2019","in school","Female","2","","","","5"
"Rarely","2019","inadequately","Male","18","","","","5"
"Rarely","2019","inadequately","Female","8","","","","5"
"Rarely","2019","general elemantary","Male","119","0.21534217729651","0.182907452800542","0.247776901792479","5"
"Rarely","2019","general elemantary","Female","65","0.128784476666858","0.102049242258993","0.155519711074723","5"
"Rarely","2019","middle vocational","Male","794","0.253651856150842","0.238804583490394","0.26849912881129","5"
"Rarely","2019","middle vocational","Female","476","0.124290984304073","0.113555684536748","0.135026284071398","5"
"Rarely","2019","vocational + Abi","Male","173","0.19830836805856","0.16885493269173","0.22776180342539","5"
"Rarely","2019","vocational + Abi","Female","151","0.173685346222063","0.150470565235244","0.196900127208882","5"
"Rarely","2019","higher vocational","Male","241","0.318321792585432","0.286082626625223","0.350560958545641","5"
"Rarely","2019","higher vocational","Female","75","0.159161451478925","0.123707741357898","0.194615161599953","5"
"Rarely","2019","higher education","Male","748","0.297650246111582","0.280451649342274","0.314848842880889","5"
"Rarely","2019","higher education","Female","543","0.228860050323671","0.212204879700199","0.245515220947143","5"
"Yes, every 2 weeks","2019","inadequately","Male","11","","","","3"
"Yes, every 2 weeks","2019","inadequately","Female","19","","","","3"
"Yes, every 2 weeks","2019","vocational + Abi","Male","106","0.154092982196177","0.127423504798097","0.180762459594256","3"
"Yes, every 2 weeks","2019","vocational + Abi","Female","159","0.15461157207639","0.132457201211276","0.176765942941504","3"
"Yes, every 2 weeks","2019","higher vocational","Male","103","0.0937417308758134","0.0735695254529082","0.113913936298719","3"
"Yes, every 2 weeks","2019","higher vocational","Female","59","0.169055163396617","0.132731741615969","0.205378585177264","3"
"Yes, every 2 weeks","2019","higher education","Male","319","0.108246449308036","0.0965597350000012","0.119933163616072","3"
"Yes, every 2 weeks","2019","higher education","Female","270","0.111211997373378","0.0987475679623969","0.123676426784359","3"
"Yes, every 2 weeks","2019","general elemantary","Female","131","0.236316522552114","0.20240922511987","0.270223819984359","3"
"Yes, every 2 weeks","2019","in school","Male","4","","","","3"
"Yes, every 2 weeks","2019","in school","Female","8","","","","3"
"Yes, every 2 weeks","2019","general elemantary","Male","105","0.155067190945563","0.126505984001959","0.183628397889167","3"
"Yes, every 2 weeks","2019","middle vocational","Male","504","0.147724062804982","0.135616055664305","0.159832069945659","3"
"Yes, every 2 weeks","2019","middle vocational","Female","622","0.171081568217857","0.158827735100788","0.183335401334925","3"
"Yes, every 3-4 weeks","2019","vocational + Abi","Male","73","0.109849103313149","0.0867501747168244","0.132948031909474","4"
"Yes, every 3-4 weeks","2019","inadequately","Male","4","","","","4"
"Yes, every 3-4 weeks","2019","in school","Male","2","","","","4"
"Yes, every 3-4 weeks","2019","in school","Female","3","","","","4"
"Yes, every 3-4 weeks","2019","inadequately","Female","2","","","","4"
"Yes, every 3-4 weeks","2019","general elemantary","Male","44","0.0634322719531105","0.0442000157041777","0.0826645282020433","4"
"Yes, every 3-4 weeks","2019","general elemantary","Female","24","","","","4"
"Yes, every 3-4 weeks","2019","middle vocational","Male","343","0.11038932538831","0.0996958108153596","0.121082839961261","4"
"Yes, every 3-4 weeks","2019","middle vocational","Female","273","0.078033461694233","0.0693055073042579","0.0867614160842082","4"
"Yes, every 3-4 weeks","2019","vocational + Abi","Female","99","0.0738579901789249","0.0578311535833042","0.0898848267745456","4"
"Yes, every 3-4 weeks","2019","higher vocational","Male","80","0.0850132679205567","0.0657108523918516","0.104315683449262","4"
"Yes, every 3-4 weeks","2019","higher vocational","Female","29","","","","4"
"Yes, every 3-4 weeks","2019","higher education","Male","278","0.089922238711517","0.0791616512844529","0.100682826138581","4"
"Yes, every 3-4 weeks","2019","higher education","Female","225","0.0793868588928092","0.068668942018871","0.0901047757667473","4"
"Yes, every week","2019","vocational + Abi","Male","102","0.129261035259405","0.104478851897415","0.154043218621396","2"
"Yes, every week","2019","vocational + Abi","Female","83","0.0703261040686348","0.0546573713609112","0.0859948367763583","2"
"Yes, every week","2019","higher vocational","Female","45","0.100236453183418","0.0711317295639141","0.129341176802922","2"
"Yes, every week","2019","higher vocational","Male","147","0.136070850156679","0.112341681677131","0.159800018636227","2"
"Yes, every week","2019","higher education","Male","465","0.129294011906244","0.116673175265251","0.141914848547236","2"
"Yes, every week","2019","inadequately","Male","17","","","","2"
"Yes, every week","2019","inadequately","Female","9","","","","2"
"Yes, every week","2019","general elemantary","Male","90","0.136881798950893","0.109760311857269","0.164003286044517","2"
"Yes, every week","2019","general elemantary","Female","97","0.177928721936509","0.147402911566935","0.208454532306082","2"
"Yes, every week","2019","middle vocational","Male","502","0.128618602761642","0.117194740214834","0.14004246530845","2"
"Yes, every week","2019","middle vocational","Female","468","0.137956866157973","0.126735373994259","0.149178358321687","2"
"Yes, every week","2019","higher education","Female","306","0.106430020028493","0.0942037538342753","0.118656286222712","2"
"Yes, every week","2019","in school","Male","11","","","","2"
"Yes, every week","2019","in school","Female","14","","","","2"
