"plb0218","year","e11102","migback","n","percent","lower_confidence","upper_confidence"
"No, never","2005","Not Employed","no migration background","74","0.616419341229582","0.532508183193847","0.700330499265318"
"No, never","2005","Not Employed","direct migration background","13","","",""
"No, never","2005","Not Employed","indirect migration background","13","","",""
"No, never","2005","Employed","no migration background","3498","0.354851172037812","0.345304323859169","0.364398020216456"
"No, never","2005","Employed","direct migration background","500","0.384515182645128","0.356781676914894","0.412248688375363"
"No, never","2005","Employed","indirect migration background","188","0.403408480742705","0.358132186901645","0.448684774583765"
"Yes, every week","2005","Not Employed","no migration background","16","","",""
"Yes, every week","2005","Not Employed","direct migration background","2","","",""
"Yes, every week","2005","Not Employed","indirect migration background","1","","",""
"Yes, every week","2005","Employed","no migration background","1369","0.153214575252109","0.146027641102171","0.160401509402047"
"Yes, every week","2005","Employed","direct migration background","149","0.132772189857861","0.113427600723305","0.152116778992417"
"Yes, every week","2005","Employed","indirect migration background","70","0.14102825946365","0.108906277704665","0.173150241222636"
"Yes, every 2 weeks","2005","Not Employed","no migration background","11","","",""
"Yes, every 2 weeks","2005","Not Employed","direct migration background","5","","",""
"Yes, every 2 weeks","2005","Not Employed","indirect migration background","2","","",""
"Yes, every 2 weeks","2005","Employed","no migration background","1351","0.146289333361591","0.139238042619124","0.153340624104058"
"Yes, every 2 weeks","2005","Employed","direct migration background","164","0.151239836701697","0.130814701194195","0.1716649722092"
"Yes, every 2 weeks","2005","Employed","indirect migration background","65","0.146047005313634","0.113454095784936","0.178639914842333"
"Yes, every 3-4 weeks","2005","Not Employed","no migration background","6","","",""
"Yes, every 3-4 weeks","2005","Not Employed","direct migration background","2","","",""
"Yes, every 3-4 weeks","2005","Not Employed","indirect migration background","1","","",""
"Yes, every 3-4 weeks","2005","Employed","no migration background","882","0.0924844536342419","0.0867039145465449","0.0982649927219389"
"Yes, every 3-4 weeks","2005","Employed","direct migration background","115","0.0921638599774637","0.0756737552337967","0.108653964721131"
"Yes, every 3-4 weeks","2005","Employed","indirect migration background","41","0.104477904622691","0.076247948708599","0.132707860536783"
"Rarely","2005","Not Employed","no migration background","22","","",""
"Rarely","2005","Not Employed","direct migration background","2","","",""
"Rarely","2005","Not Employed","indirect migration background","1","","",""
"Rarely","2005","Employed","no migration background","2549","0.253160465714245","0.244484485947715","0.261836445480775"
"Rarely","2005","Employed","direct migration background","254","0.239308930817849","0.214985604587229","0.26363225704847"
"Rarely","2005","Employed","indirect migration background","87","0.20503834985732","0.167777697156593","0.242299002558047"
"No, never","2006","Not Employed","no migration background","","","",""
"No, never","2006","Not Employed","direct migration background","","","",""
"No, never","2006","Not Employed","indirect migration background","","","",""
"No, never","2006","Employed","no migration background","","","",""
"No, never","2006","Employed","direct migration background","","","",""
"No, never","2006","Employed","indirect migration background","","","",""
"Yes, every week","2006","Not Employed","no migration background","","","",""
"Yes, every week","2006","Not Employed","direct migration background","","","",""
"Yes, every week","2006","Not Employed","indirect migration background","","","",""
"Yes, every week","2006","Employed","no migration background","","","",""
"Yes, every week","2006","Employed","direct migration background","","","",""
"Yes, every week","2006","Employed","indirect migration background","","","",""
"Yes, every 2 weeks","2006","Not Employed","no migration background","","","",""
"Yes, every 2 weeks","2006","Not Employed","direct migration background","","","",""
"Yes, every 2 weeks","2006","Not Employed","indirect migration background","","","",""
"Yes, every 2 weeks","2006","Employed","no migration background","","","",""
"Yes, every 2 weeks","2006","Employed","direct migration background","","","",""
"Yes, every 2 weeks","2006","Employed","indirect migration background","","","",""
"Yes, every 3-4 weeks","2006","Not Employed","no migration background","","","",""
"Yes, every 3-4 weeks","2006","Not Employed","direct migration background","","","",""
"Yes, every 3-4 weeks","2006","Not Employed","indirect migration background","","","",""
"Yes, every 3-4 weeks","2006","Employed","no migration background","","","",""
"Yes, every 3-4 weeks","2006","Employed","direct migration background","","","",""
"Yes, every 3-4 weeks","2006","Employed","indirect migration background","","","",""
"Rarely","2006","Not Employed","no migration background","","","",""
"Rarely","2006","Not Employed","direct migration background","","","",""
"Rarely","2006","Not Employed","indirect migration background","","","",""
"Rarely","2006","Employed","no migration background","","","",""
"Rarely","2006","Employed","direct migration background","","","",""
"Rarely","2006","Employed","indirect migration background","","","",""
"No, never","2007","Not Employed","no migration background","89","0.461052192469033","0.388027459746355","0.53407692519171"
"No, never","2007","Not Employed","direct migration background","11","","",""
"No, never","2007","Not Employed","indirect migration background","10","","",""
"No, never","2007","Employed","no migration background","3415","0.339465902047742","0.330062830772891","0.348868973322593"
"No, never","2007","Employed","direct migration background","422","0.403090912113347","0.373713809884149","0.432468014342544"
"No, never","2007","Employed","indirect migration background","211","0.423464792649856","0.37921595108952","0.467713634210192"
"Yes, every week","2007","Not Employed","no migration background","26","","",""
"Yes, every week","2007","Not Employed","direct migration background","4","","",""
"Yes, every week","2007","Not Employed","indirect migration background","3","","",""
"Yes, every week","2007","Employed","no migration background","1451","0.150040798239411","0.142949467335677","0.157132129143145"
"Yes, every week","2007","Employed","direct migration background","134","0.128874938108443","0.108808150932698","0.148941725284187"
"Yes, every week","2007","Employed","indirect migration background","75","0.183608421884073","0.148936661611615","0.218280182156531"
"Yes, every 2 weeks","2007","Not Employed","no migration background","28","","",""
"Yes, every 2 weeks","2007","Not Employed","direct migration background","","","",""
"Yes, every 2 weeks","2007","Not Employed","indirect migration background","1","","",""
"Yes, every 2 weeks","2007","Employed","no migration background","1426","0.155405106892972","0.148210933562222","0.162599280223721"
"Yes, every 2 weeks","2007","Employed","direct migration background","189","0.181382364535703","0.158304722458224","0.204460006613181"
"Yes, every 2 weeks","2007","Employed","indirect migration background","57","0.124082052596114","0.0945586416692224","0.153605463523005"
"Yes, every 3-4 weeks","2007","Not Employed","no migration background","12","","",""
"Yes, every 3-4 weeks","2007","Not Employed","direct migration background","","","",""
"Yes, every 3-4 weeks","2007","Not Employed","indirect migration background","2","","",""
"Yes, every 3-4 weeks","2007","Employed","no migration background","949","0.101872541008964","0.0958660395745126","0.107879042443415"
"Yes, every 3-4 weeks","2007","Employed","direct migration background","101","0.0789108480827186","0.0627645656557079","0.0950571305097294"
"Yes, every 3-4 weeks","2007","Employed","indirect migration background","51","0.135232288977468","0.104607700144006","0.165856877810931"
"Rarely","2007","Not Employed","no migration background","24","","",""
"Rarely","2007","Not Employed","direct migration background","1","","",""
"Rarely","2007","Not Employed","indirect migration background","2","","",""
"Rarely","2007","Employed","no migration background","2501","0.253215651810911","0.244580561076375","0.261850742545447"
"Rarely","2007","Employed","direct migration background","225","0.207740937159789","0.183444197133391","0.232037677186188"
"Rarely","2007","Employed","indirect migration background","85","0.133612443892489","0.103143325304148","0.16408156248083"
"No, never","2008","Not Employed","no migration background","","","",""
"No, never","2008","Not Employed","direct migration background","","","",""
"No, never","2008","Not Employed","indirect migration background","","","",""
"No, never","2008","Employed","no migration background","","","",""
"No, never","2008","Employed","direct migration background","","","",""
"No, never","2008","Employed","indirect migration background","","","",""
"Yes, every week","2008","Not Employed","no migration background","","","",""
"Yes, every week","2008","Not Employed","direct migration background","","","",""
"Yes, every week","2008","Not Employed","indirect migration background","","","",""
"Yes, every week","2008","Employed","no migration background","","","",""
"Yes, every week","2008","Employed","direct migration background","","","",""
"Yes, every week","2008","Employed","indirect migration background","","","",""
"Yes, every 2 weeks","2008","Not Employed","no migration background","","","",""
"Yes, every 2 weeks","2008","Not Employed","direct migration background","","","",""
"Yes, every 2 weeks","2008","Not Employed","indirect migration background","","","",""
"Yes, every 2 weeks","2008","Employed","no migration background","","","",""
"Yes, every 2 weeks","2008","Employed","direct migration background","","","",""
"Yes, every 2 weeks","2008","Employed","indirect migration background","","","",""
"Yes, every 3-4 weeks","2008","Not Employed","no migration background","","","",""
"Yes, every 3-4 weeks","2008","Not Employed","direct migration background","","","",""
"Yes, every 3-4 weeks","2008","Not Employed","indirect migration background","","","",""
"Yes, every 3-4 weeks","2008","Employed","no migration background","","","",""
"Yes, every 3-4 weeks","2008","Employed","direct migration background","","","",""
"Yes, every 3-4 weeks","2008","Employed","indirect migration background","","","",""
"Rarely","2008","Not Employed","no migration background","","","",""
"Rarely","2008","Not Employed","direct migration background","","","",""
"Rarely","2008","Not Employed","indirect migration background","","","",""
"Rarely","2008","Employed","no migration background","","","",""
"Rarely","2008","Employed","direct migration background","","","",""
"Rarely","2008","Employed","indirect migration background","","","",""
"No, never","2009","Not Employed","no migration background","53","0.477348284908706","0.385658798822514","0.569037770994897"
"No, never","2009","Not Employed","direct migration background","8","","",""
"No, never","2009","Not Employed","indirect migration background","3","","",""
"No, never","2009","Employed","no migration background","3068","0.341404851796143","0.331475626644971","0.351334076947314"
"No, never","2009","Employed","direct migration background","354","0.416349307695622","0.383441429281431","0.449257186109813"
"No, never","2009","Employed","indirect migration background","195","0.417743815877096","0.372176452114014","0.463311179640178"
"Yes, every week","2009","Not Employed","no migration background","21","","",""
"Yes, every week","2009","Not Employed","direct migration background","1","","",""
"Yes, every week","2009","Not Employed","indirect migration background","4","","",""
"Yes, every week","2009","Employed","no migration background","1318","0.149134043221074","0.141674878102726","0.156593208339423"
"Yes, every week","2009","Employed","direct migration background","145","0.184532990765362","0.158636872710496","0.210429108820228"
"Yes, every week","2009","Employed","indirect migration background","78","0.195898657117693","0.159228484248802","0.232568829986584"
"Yes, every 2 weeks","2009","Not Employed","no migration background","19","","",""
"Yes, every 2 weeks","2009","Not Employed","direct migration background","3","","",""
"Yes, every 2 weeks","2009","Not Employed","indirect migration background","1","","",""
"Yes, every 2 weeks","2009","Employed","no migration background","1244","0.151490076633059","0.143982637732273","0.158997515533845"
"Yes, every 2 weeks","2009","Employed","direct migration background","127","0.1366416312901","0.113712820593038","0.159570441987162"
"Yes, every 2 weeks","2009","Employed","indirect migration background","67","0.151679055518736","0.118536595825418","0.184821515212053"
"Yes, every 3-4 weeks","2009","Not Employed","no migration background","10","","",""
"Yes, every 3-4 weeks","2009","Not Employed","direct migration background","1","","",""
"Yes, every 3-4 weeks","2009","Not Employed","indirect migration background","1","","",""
"Yes, every 3-4 weeks","2009","Employed","no migration background","815","0.0906786980364026","0.0846658175559736","0.0966915785168316"
"Yes, every 3-4 weeks","2009","Employed","direct migration background","60","0.0750633199933219","0.0574733805682602","0.0926532594183837"
"Yes, every 3-4 weeks","2009","Employed","indirect migration background","27","","",""
"Rarely","2009","Not Employed","no migration background","11","","",""
"Rarely","2009","Not Employed","direct migration background","2","","",""
"Rarely","2009","Not Employed","indirect migration background","","","",""
"Rarely","2009","Employed","no migration background","2316","0.267292330313321","0.258025528642736","0.276559131983906"
"Rarely","2009","Employed","direct migration background","176","0.187412750255594","0.161361472647673","0.213464027863515"
"Rarely","2009","Employed","indirect migration background","83","0.182726397018918","0.147021629013395","0.21843116502444"
"No, never","2010","Not Employed","no migration background","78","0.466755340344035","0.391538922943332","0.541971757744738"
"No, never","2010","Not Employed","direct migration background","15","","",""
"No, never","2010","Not Employed","indirect migration background","8","","",""
"No, never","2010","Employed","no migration background","1151","0.356374628134913","0.340224043987956","0.37252521228187"
"No, never","2010","Employed","direct migration background","197","0.293963997239705","0.259797674811366","0.328130319668045"
"No, never","2010","Employed","indirect migration background","85","0.333673080996374","0.274387481022522","0.392958680970225"
"Yes, every week","2010","Not Employed","no migration background","16","","",""
"Yes, every week","2010","Not Employed","direct migration background","6","","",""
"Yes, every week","2010","Not Employed","indirect migration background","1","","",""
"Yes, every week","2010","Employed","no migration background","470","0.13261157251104","0.121174475821098","0.144048669200981"
"Yes, every week","2010","Employed","direct migration background","102","0.140275217082483","0.11423120207189","0.166319232093076"
"Yes, every week","2010","Employed","indirect migration background","38","0.156119237219128","0.1104825923871","0.201755882051156"
"Yes, every 2 weeks","2010","Not Employed","no migration background","29","","",""
"Yes, every 2 weeks","2010","Not Employed","direct migration background","3","","",""
"Yes, every 2 weeks","2010","Not Employed","indirect migration background","2","","",""
"Yes, every 2 weeks","2010","Employed","no migration background","540","0.159213173969224","0.146875004882868","0.171551343055581"
"Yes, every 2 weeks","2010","Employed","direct migration background","141","0.19934644524001","0.169384893296899","0.22930799718312"
"Yes, every 2 weeks","2010","Employed","indirect migration background","44","0.177428643496611","0.129395212228378","0.225462074764845"
"Yes, every 3-4 weeks","2010","Not Employed","no migration background","12","","",""
"Yes, every 3-4 weeks","2010","Not Employed","direct migration background","5","","",""
"Yes, every 3-4 weeks","2010","Not Employed","indirect migration background","1","","",""
"Yes, every 3-4 weeks","2010","Employed","no migration background","315","0.0895853683406068","0.0799547000508348","0.0992160366303789"
"Yes, every 3-4 weeks","2010","Employed","direct migration background","78","0.120420152689113","0.0960125592191988","0.144827746159026"
"Yes, every 3-4 weeks","2010","Employed","indirect migration background","22","","",""
"Rarely","2010","Not Employed","no migration background","34","0.177685955232427","0.120055753031798","0.235316157433057"
"Rarely","2010","Not Employed","direct migration background","5","","",""
"Rarely","2010","Not Employed","indirect migration background","3","","",""
"Rarely","2010","Employed","no migration background","902","0.262215257044216","0.247382834736181","0.277047679352252"
"Rarely","2010","Employed","direct migration background","165","0.245994187748689","0.213695304327476","0.278293071169903"
"Rarely","2010","Employed","indirect migration background","54","0.228636456647484","0.175834836408525","0.281438076886442"
"No, never","2011","Not Employed","no migration background","179","0.558785006092684","0.504719149345946","0.612850862839422"
"No, never","2011","Not Employed","direct migration background","40","0.679792276631679","0.571268991695731","0.788315561567628"
"No, never","2011","Not Employed","indirect migration background","15","","",""
"No, never","2011","Employed","no migration background","5138","0.36530402560445","0.357283335959808","0.373324715249092"
"No, never","2011","Employed","direct migration background","649","0.383041997392699","0.359906109847141","0.406177884938258"
"No, never","2011","Employed","indirect migration background","298","0.374537281059829","0.340850482599509","0.408224079520148"
"Yes, every week","2011","Not Employed","no migration background","42","0.10840884324893","0.0745563377536581","0.142261348744203"
"Yes, every week","2011","Not Employed","direct migration background","11","","",""
"Yes, every week","2011","Not Employed","indirect migration background","5","","",""
"Yes, every week","2011","Employed","no migration background","1996","0.146148569258504","0.140264333698059","0.15203280481895"
"Yes, every week","2011","Employed","direct migration background","255","0.150850823316729","0.133817436624213","0.167884210009245"
"Yes, every week","2011","Employed","indirect migration background","131","0.193972753960607","0.166452228329568","0.221493279591645"
"Yes, every 2 weeks","2011","Not Employed","no migration background","44","0.137287922151763","0.0998143847723716","0.174761459531154"
"Yes, every 2 weeks","2011","Not Employed","direct migration background","11","","",""
"Yes, every 2 weeks","2011","Not Employed","indirect migration background","4","","",""
"Yes, every 2 weeks","2011","Employed","no migration background","2145","0.151181185961042","0.145214159228728","0.157148212693356"
"Yes, every 2 weeks","2011","Employed","direct migration background","293","0.178250003304031","0.160035396700441","0.196464609907621"
"Yes, every 2 weeks","2011","Employed","indirect migration background","125","0.172544061684655","0.146245382060486","0.198842741308824"
"Yes, every 3-4 weeks","2011","Not Employed","no migration background","20","","",""
"Yes, every 3-4 weeks","2011","Not Employed","direct migration background","3","","",""
"Yes, every 3-4 weeks","2011","Not Employed","indirect migration background","5","","",""
"Yes, every 3-4 weeks","2011","Employed","no migration background","1285","0.0907789364599511","0.0859934190527297","0.0955644538671726"
"Yes, every 3-4 weeks","2011","Employed","direct migration background","163","0.099830129744102","0.0855632756070128","0.114096983881191"
"Yes, every 3-4 weeks","2011","Employed","indirect migration background","77","0.0837762173524315","0.0644933039296604","0.103059130775203"
"Rarely","2011","Not Employed","no migration background","39","0.144972835726181","0.106636653640043","0.18330901781232"
"Rarely","2011","Not Employed","direct migration background","6","","",""
"Rarely","2011","Not Employed","indirect migration background","1","","",""
"Rarely","2011","Employed","no migration background","3281","0.246587282716053","0.239407630263329","0.253766935168776"
"Rarely","2011","Employed","direct migration background","336","0.188027046242439","0.169431192977593","0.206622899507284"
"Rarely","2011","Employed","indirect migration background","162","0.175169685942478","0.148713740891234","0.201625630993722"
"No, never","2012","Not Employed","no migration background","90","0.509508131707794","0.435229322530519","0.583786940885069"
"No, never","2012","Not Employed","direct migration background","18","","",""
"No, never","2012","Not Employed","indirect migration background","7","","",""
"No, never","2012","Employed","no migration background","1569","0.398530402843983","0.383269953294108","0.413790852393858"
"No, never","2012","Employed","direct migration background","255","0.374529667935274","0.338231541483541","0.410827794387006"
"No, never","2012","Employed","indirect migration background","110","0.384709663638418","0.328905929598943","0.440513397677893"
"Yes, every week","2012","Not Employed","no migration background","26","","",""
"Yes, every week","2012","Not Employed","direct migration background","4","","",""
"Yes, every week","2012","Not Employed","indirect migration background","4","","",""
"Yes, every week","2012","Employed","no migration background","572","0.140459166536638","0.1296289270886","0.151289405984676"
"Yes, every week","2012","Employed","direct migration background","102","0.140596780835832","0.114527808226627","0.166665753445036"
"Yes, every week","2012","Employed","indirect migration background","37","0.133333837317831","0.0943438786558304","0.172323795979831"
"Yes, every 2 weeks","2012","Not Employed","no migration background","26","","",""
"Yes, every 2 weeks","2012","Not Employed","direct migration background","4","","",""
"Yes, every 2 weeks","2012","Not Employed","indirect migration background","4","","",""
"Yes, every 2 weeks","2012","Employed","no migration background","626","0.153769885796565","0.142526175618619","0.165013595974511"
"Yes, every 2 weeks","2012","Employed","direct migration background","137","0.234938948772656","0.203143621747126","0.266734275798185"
"Yes, every 2 weeks","2012","Employed","indirect migration background","63","0.221527604675765","0.173896330474652","0.269158878876879"
"Yes, every 3-4 weeks","2012","Not Employed","no migration background","12","","",""
"Yes, every 3-4 weeks","2012","Not Employed","direct migration background","4","","",""
"Yes, every 3-4 weeks","2012","Not Employed","indirect migration background","1","","",""
"Yes, every 3-4 weeks","2012","Employed","no migration background","354","0.0900911113574427","0.0811669033472808","0.0990153193676045"
"Yes, every 3-4 weeks","2012","Employed","direct migration background","75","0.102880401790601","0.0800964403403296","0.125664363240873"
"Yes, every 3-4 weeks","2012","Employed","indirect migration background","25","","",""
"Rarely","2012","Not Employed","no migration background","20","","",""
"Rarely","2012","Not Employed","direct migration background","5","","",""
"Rarely","2012","Not Employed","indirect migration background","2","","",""
"Rarely","2012","Employed","no migration background","833","0.217149433465371","0.204298089608112","0.230000777322629"
"Rarely","2012","Employed","direct migration background","114","0.147054200665637","0.120493643936042","0.173614757395233"
"Rarely","2012","Employed","indirect migration background","57","0.163507950677283","0.121089284171996","0.205926617182571"
"No, never","2013","Not Employed","no migration background","146","0.421439047981264","0.366735201092367","0.476142894870161"
"No, never","2013","Not Employed","direct migration background","26","","",""
"No, never","2013","Not Employed","indirect migration background","8","","",""
"No, never","2013","Employed","no migration background","4922","0.364824400751433","0.356502590958859","0.373146210544006"
"No, never","2013","Employed","direct migration background","581","0.37572283373743","0.351455341724008","0.399990325750851"
"No, never","2013","Employed","indirect migration background","319","0.408805959925378","0.374261220151993","0.443350699698762"
"Yes, every week","2013","Not Employed","no migration background","38","0.10799621232525","0.0736116473978977","0.142380777252603"
"Yes, every week","2013","Not Employed","direct migration background","8","","",""
"Yes, every week","2013","Not Employed","indirect migration background","5","","",""
"Yes, every week","2013","Employed","no migration background","1688","0.131741424016119","0.125894672178868","0.137588175853369"
"Yes, every week","2013","Employed","direct migration background","244","0.156846330055816","0.138624460907153","0.17506819920448"
"Yes, every week","2013","Employed","indirect migration background","116","0.185696063881041","0.158371520784038","0.213020606978044"
"Yes, every 2 weeks","2013","Not Employed","no migration background","45","0.131082293055827","0.0936938602882049","0.168470725823449"
"Yes, every 2 weeks","2013","Not Employed","direct migration background","4","","",""
"Yes, every 2 weeks","2013","Not Employed","indirect migration background","6","","",""
"Yes, every 2 weeks","2013","Employed","no migration background","1945","0.155726250475088","0.149457925559642","0.161994575390533"
"Yes, every 2 weeks","2013","Employed","direct migration background","283","0.16721748663698","0.148518889705375","0.185916083568585"
"Yes, every 2 weeks","2013","Employed","indirect migration background","134","0.150456160397611","0.125334046672257","0.175578274122964"
"Yes, every 3-4 weeks","2013","Not Employed","no migration background","23","","",""
"Yes, every 3-4 weeks","2013","Not Employed","direct migration background","3","","",""
"Yes, every 3-4 weeks","2013","Not Employed","indirect migration background","2","","",""
"Yes, every 3-4 weeks","2013","Employed","no migration background","1140","0.0911086504710462","0.0861339752194408","0.0960833257226516"
"Yes, every 3-4 weeks","2013","Employed","direct migration background","129","0.0977533012254795","0.0828723482980741","0.112634254152885"
"Yes, every 3-4 weeks","2013","Employed","indirect migration background","63","0.0774860569092341","0.0586990955304197","0.0962730182880484"
"Rarely","2013","Not Employed","no migration background","61","0.234051838039724","0.187145488078937","0.280958188000511"
"Rarely","2013","Not Employed","direct migration background","7","","",""
"Rarely","2013","Not Employed","indirect migration background","1","","",""
"Rarely","2013","Employed","no migration background","3159","0.256599274286315","0.24904890583248","0.26414964274015"
"Rarely","2013","Employed","direct migration background","293","0.202460048344294","0.182325204418493","0.222594892270096"
"Rarely","2013","Employed","indirect migration background","146","0.177555758886737","0.150703618693594","0.204407899079879"
"No, never","2014","Not Employed","no migration background","","","",""
"No, never","2014","Not Employed","direct migration background","","","",""
"No, never","2014","Not Employed","indirect migration background","","","",""
"No, never","2014","Employed","no migration background","","","",""
"No, never","2014","Employed","direct migration background","","","",""
"No, never","2014","Employed","indirect migration background","","","",""
"Yes, every week","2014","Not Employed","no migration background","","","",""
"Yes, every week","2014","Not Employed","direct migration background","","","",""
"Yes, every week","2014","Not Employed","indirect migration background","","","",""
"Yes, every week","2014","Employed","no migration background","","","",""
"Yes, every week","2014","Employed","direct migration background","","","",""
"Yes, every week","2014","Employed","indirect migration background","","","",""
"Yes, every 2 weeks","2014","Not Employed","no migration background","","","",""
"Yes, every 2 weeks","2014","Not Employed","direct migration background","","","",""
"Yes, every 2 weeks","2014","Not Employed","indirect migration background","","","",""
"Yes, every 2 weeks","2014","Employed","no migration background","","","",""
"Yes, every 2 weeks","2014","Employed","direct migration background","","","",""
"Yes, every 2 weeks","2014","Employed","indirect migration background","","","",""
"Yes, every 3-4 weeks","2014","Not Employed","no migration background","","","",""
"Yes, every 3-4 weeks","2014","Not Employed","direct migration background","","","",""
"Yes, every 3-4 weeks","2014","Not Employed","indirect migration background","","","",""
"Yes, every 3-4 weeks","2014","Employed","no migration background","","","",""
"Yes, every 3-4 weeks","2014","Employed","direct migration background","","","",""
"Yes, every 3-4 weeks","2014","Employed","indirect migration background","","","",""
"Rarely","2014","Not Employed","no migration background","","","",""
"Rarely","2014","Not Employed","direct migration background","","","",""
"Rarely","2014","Not Employed","indirect migration background","","","",""
"Rarely","2014","Employed","no migration background","","","",""
"Rarely","2014","Employed","direct migration background","","","",""
"Rarely","2014","Employed","indirect migration background","","","",""
"No, never","2015","Not Employed","no migration background","110","0.530044948482247","0.464685467791898","0.595404429172597"
"No, never","2015","Not Employed","direct migration background","37","0.371069648430539","0.272354643700691","0.469784653160388"
"No, never","2015","Not Employed","indirect migration background","23","","",""
"No, never","2015","Employed","no migration background","4350","0.375553663063703","0.366618944612823","0.384488381514584"
"No, never","2015","Employed","direct migration background","1116","0.396318917308675","0.377642912975274","0.414994921642075"
"No, never","2015","Employed","indirect migration background","420","0.386444007716974","0.356750033987625","0.416137981446322"
"Yes, every week","2015","Not Employed","no migration background","29","","",""
"Yes, every week","2015","Not Employed","direct migration background","22","","",""
"Yes, every week","2015","Not Employed","indirect migration background","7","","",""
"Yes, every week","2015","Employed","no migration background","1444","0.129999607288793","0.123794803482364","0.136204411095223"
"Yes, every week","2015","Employed","direct migration background","408","0.160332777130114","0.146323280244788","0.17434227401544"
"Yes, every week","2015","Employed","indirect migration background","164","0.158211663089542","0.135957122659013","0.180466203520072"
"Yes, every 2 weeks","2015","Not Employed","no migration background","40","0.146336098903557","0.100050778239615","0.192621419567498"
"Yes, every 2 weeks","2015","Not Employed","direct migration background","12","","",""
"Yes, every 2 weeks","2015","Not Employed","indirect migration background","9","","",""
"Yes, every 2 weeks","2015","Employed","no migration background","1681","0.155231479185191","0.148550254634719","0.161912703735663"
"Yes, every 2 weeks","2015","Employed","direct migration background","455","0.177246070787125","0.16266528021918","0.191826861355071"
"Yes, every 2 weeks","2015","Employed","indirect migration background","168","0.187441151776022","0.163642200805491","0.211240102746552"
"Yes, every 3-4 weeks","2015","Not Employed","no migration background","14","","",""
"Yes, every 3-4 weeks","2015","Not Employed","direct migration background","9","","",""
"Yes, every 3-4 weeks","2015","Not Employed","indirect migration background","2","","",""
"Yes, every 3-4 weeks","2015","Employed","no migration background","972","0.0858230424014966","0.0806551388769434","0.0909909459260499"
"Yes, every 3-4 weeks","2015","Employed","direct migration background","219","0.0972361184752736","0.0859236162958244","0.108548620654723"
"Yes, every 3-4 weeks","2015","Employed","indirect migration background","93","0.0813374725110117","0.064668022631013","0.0980069223910105"
"Rarely","2015","Not Employed","no migration background","31","0.149649465508151","0.102934002092915","0.196364928923388"
"Rarely","2015","Not Employed","direct migration background","12","","",""
"Rarely","2015","Not Employed","indirect migration background","9","","",""
"Rarely","2015","Employed","no migration background","2838","0.253392208060816","0.245367297582256","0.261417118539376"
"Rarely","2015","Employed","direct migration background","437","0.168866116298813","0.154561884708165","0.18317034788946"
"Rarely","2015","Employed","indirect migration background","188","0.186565704906451","0.162809608651156","0.210321801161746"
"No, never","2016","Not Employed","no migration background","","","",""
"No, never","2016","Not Employed","direct migration background","","","",""
"No, never","2016","Not Employed","indirect migration background","","","",""
"No, never","2016","Employed","no migration background","","","",""
"No, never","2016","Employed","direct migration background","","","",""
"No, never","2016","Employed","indirect migration background","","","",""
"Yes, every week","2016","Not Employed","no migration background","","","",""
"Yes, every week","2016","Not Employed","direct migration background","","","",""
"Yes, every week","2016","Not Employed","indirect migration background","","","",""
"Yes, every week","2016","Employed","no migration background","","","",""
"Yes, every week","2016","Employed","direct migration background","","","",""
"Yes, every week","2016","Employed","indirect migration background","","","",""
"Yes, every 2 weeks","2016","Not Employed","no migration background","","","",""
"Yes, every 2 weeks","2016","Not Employed","direct migration background","","","",""
"Yes, every 2 weeks","2016","Not Employed","indirect migration background","","","",""
"Yes, every 2 weeks","2016","Employed","no migration background","","","",""
"Yes, every 2 weeks","2016","Employed","direct migration background","","","",""
"Yes, every 2 weeks","2016","Employed","indirect migration background","","","",""
"Yes, every 3-4 weeks","2016","Not Employed","no migration background","","","",""
"Yes, every 3-4 weeks","2016","Not Employed","direct migration background","","","",""
"Yes, every 3-4 weeks","2016","Not Employed","indirect migration background","","","",""
"Yes, every 3-4 weeks","2016","Employed","no migration background","","","",""
"Yes, every 3-4 weeks","2016","Employed","direct migration background","","","",""
"Yes, every 3-4 weeks","2016","Employed","indirect migration background","","","",""
"Rarely","2016","Not Employed","no migration background","","","",""
"Rarely","2016","Not Employed","direct migration background","","","",""
"Rarely","2016","Not Employed","indirect migration background","","","",""
"Rarely","2016","Employed","no migration background","","","",""
"Rarely","2016","Employed","direct migration background","","","",""
"Rarely","2016","Employed","indirect migration background","","","",""
"No, never","2017","Not Employed","no migration background","150","0.625561676537352","0.566390971668481","0.684732381406223"
"No, never","2017","Not Employed","direct migration background","65","0.672462297679577","0.580014810117955","0.764909785241199"
"No, never","2017","Not Employed","indirect migration background","18","","",""
"No, never","2017","Employed","no migration background","5220","0.413471800071916","0.404814899011856","0.422128701131976"
"No, never","2017","Employed","direct migration background","1222","0.418229514691837","0.4001736859917","0.436285343391974"
"No, never","2017","Employed","indirect migration background","484","0.430788985970333","0.401788316556192","0.459789655384474"
"Yes, every week","2017","Not Employed","no migration background","34","0.0993679353557032","0.0627934381206475","0.135942432590759"
"Yes, every week","2017","Not Employed","direct migration background","5","","",""
"Yes, every week","2017","Not Employed","indirect migration background","11","","",""
"Yes, every week","2017","Employed","no migration background","1640","0.129430812775346","0.123529949624617","0.135331675926075"
"Yes, every week","2017","Employed","direct migration background","391","0.145377738543415","0.132475344549849","0.158280132536982"
"Yes, every week","2017","Employed","indirect migration background","182","0.162092204049434","0.140508883586062","0.183675524512805"
"Yes, every 2 weeks","2017","Not Employed","no migration background","30","0.129194638920603","0.0881870417515938","0.170202236089613"
"Yes, every 2 weeks","2017","Not Employed","direct migration background","9","","",""
"Yes, every 2 weeks","2017","Not Employed","indirect migration background","4","","",""
"Yes, every 2 weeks","2017","Employed","no migration background","1767","0.1425987463045","0.136452004532538","0.148745488076462"
"Yes, every 2 weeks","2017","Employed","direct migration background","528","0.182420167575386","0.168283867525135","0.196556467625637"
"Yes, every 2 weeks","2017","Employed","indirect migration background","175","0.149098645380596","0.12823858620587","0.169958704555321"
"Yes, every 3-4 weeks","2017","Not Employed","no migration background","23","","",""
"Yes, every 3-4 weeks","2017","Not Employed","direct migration background","11","","",""
"Yes, every 3-4 weeks","2017","Not Employed","indirect migration background","2","","",""
"Yes, every 3-4 weeks","2017","Employed","no migration background","1233","0.0902475211705118","0.0852104936629622","0.0952845486780614"
"Yes, every 3-4 weeks","2017","Employed","direct migration background","242","0.0932262772266065","0.082583551289052","0.103869003164161"
"Yes, every 3-4 weeks","2017","Employed","indirect migration background","104","0.0935706223569403","0.0765146758575587","0.110626568856322"
"Rarely","2017","Not Employed","no migration background","20","","",""
"Rarely","2017","Not Employed","direct migration background","9","","",""
"Rarely","2017","Not Employed","indirect migration background","5","","",""
"Rarely","2017","Employed","no migration background","2571","0.224251119677727","0.216919111400535","0.231583127954919"
"Rarely","2017","Employed","direct migration background","484","0.160746301962755","0.147301594048721","0.174191009876789"
"Rarely","2017","Employed","indirect migration background","175","0.164449542242697","0.142740445455704","0.186158639029691"
"No, never","2018","Not Employed","no migration background","","","",""
"No, never","2018","Not Employed","direct migration background","","","",""
"No, never","2018","Not Employed","indirect migration background","","","",""
"No, never","2018","Employed","no migration background","","","",""
"No, never","2018","Employed","direct migration background","","","",""
"No, never","2018","Employed","indirect migration background","","","",""
"Yes, every week","2018","Not Employed","no migration background","","","",""
"Yes, every week","2018","Not Employed","direct migration background","","","",""
"Yes, every week","2018","Not Employed","indirect migration background","","","",""
"Yes, every week","2018","Employed","no migration background","","","",""
"Yes, every week","2018","Employed","direct migration background","","","",""
"Yes, every week","2018","Employed","indirect migration background","","","",""
"Yes, every 2 weeks","2018","Not Employed","no migration background","","","",""
"Yes, every 2 weeks","2018","Not Employed","direct migration background","","","",""
"Yes, every 2 weeks","2018","Not Employed","indirect migration background","","","",""
"Yes, every 2 weeks","2018","Employed","no migration background","","","",""
"Yes, every 2 weeks","2018","Employed","direct migration background","","","",""
"Yes, every 2 weeks","2018","Employed","indirect migration background","","","",""
"Yes, every 3-4 weeks","2018","Not Employed","no migration background","","","",""
"Yes, every 3-4 weeks","2018","Not Employed","direct migration background","","","",""
"Yes, every 3-4 weeks","2018","Not Employed","indirect migration background","","","",""
"Yes, every 3-4 weeks","2018","Employed","no migration background","","","",""
"Yes, every 3-4 weeks","2018","Employed","direct migration background","","","",""
"Yes, every 3-4 weeks","2018","Employed","indirect migration background","","","",""
"Rarely","2018","Not Employed","no migration background","","","",""
"Rarely","2018","Not Employed","direct migration background","","","",""
"Rarely","2018","Not Employed","indirect migration background","","","",""
"Rarely","2018","Employed","no migration background","","","",""
"Rarely","2018","Employed","direct migration background","","","",""
"Rarely","2018","Employed","indirect migration background","","","",""
"No, never","2019","Not Employed","no migration background","210","0.371676264309875","0.330611775433849","0.412740753185902"
"No, never","2019","Not Employed","direct migration background","43","0.416003131693523","0.322171619065297","0.509834644321748"
"No, never","2019","Not Employed","indirect migration background","32","0.505561544447002","0.384941562317501","0.626181526576503"
"No, never","2019","Employed","no migration background","5127","0.425328468477882","0.416693260513094","0.43396367644267"
"No, never","2019","Employed","direct migration background","1080","0.426110070343279","0.40650079437291","0.445719346313649"
"No, never","2019","Employed","indirect migration background","492","0.46272006570363","0.43417416424068","0.49126596716658"
"Yes, every week","2019","Not Employed","no migration background","87","0.152828529125202","0.122252565530574","0.183404492719829"
"Yes, every week","2019","Not Employed","direct migration background","24","","",""
"Yes, every week","2019","Not Employed","indirect migration background","12","","",""
"Yes, every week","2019","Employed","no migration background","1772","0.118278383924349","0.112637863599323","0.123918904249375"
"Yes, every week","2019","Employed","direct migration background","349","0.15673177086996","0.142315672173639","0.17114786956628"
"Yes, every week","2019","Employed","indirect migration background","189","0.141435686139105","0.121485350682358","0.161386021595853"
"Yes, every 2 weeks","2019","Not Employed","no migration background","68","0.134847607946981","0.105823411504963","0.163871804388999"
"Yes, every 2 weeks","2019","Not Employed","direct migration background","14","","",""
"Yes, every 2 weeks","2019","Not Employed","indirect migration background","12","","",""
"Yes, every 2 weeks","2019","Employed","no migration background","1783","0.137105077370155","0.13109740196923","0.143112752771079"
"Yes, every 2 weeks","2019","Employed","direct migration background","433","0.186124530975857","0.170690934359391","0.201558127592322"
"Yes, every 2 weeks","2019","Employed","indirect migration background","180","0.151642333754705","0.131107839582457","0.172176827926954"
"Yes, every 3-4 weeks","2019","Not Employed","no migration background","67","0.12825388962255","0.0998405320677797","0.15666724717732"
"Yes, every 3-4 weeks","2019","Not Employed","direct migration background","10","","",""
"Yes, every 3-4 weeks","2019","Not Employed","indirect migration background","4","","",""
"Yes, every 3-4 weeks","2019","Employed","no migration background","1196","0.0910712491860506","0.0860460150544231","0.096096483317678"
"Yes, every 3-4 weeks","2019","Employed","direct migration background","160","0.0658497804173081","0.0560148366030272","0.075684724231589"
"Yes, every 3-4 weeks","2019","Employed","indirect migration background","84","0.0796078723003372","0.0641108327586733","0.0951049118420011"
"Rarely","2019","Not Employed","no migration background","100","0.212393708995392","0.177638677406719","0.247148740584065"
"Rarely","2019","Not Employed","direct migration background","15","","",""
"Rarely","2019","Not Employed","indirect migration background","6","","",""
"Rarely","2019","Employed","no migration background","2714","0.228216821041563","0.220886513196798","0.235547128886328"
"Rarely","2019","Employed","direct migration background","421","0.165183847393596","0.150458499366518","0.179909195420674"
"Rarely","2019","Employed","indirect migration background","227","0.164594042102222","0.143364524555848","0.185823559648596"
