"plh0215","year","age_gr","sampreg","n","percent","lower_confidence","upper_confidence"
"1 Strongly disagree","2005","16-34 y.","West Germany","51","0.0116805394878851","0.00833749324744717","0.0150235857283229"
"1 Strongly disagree","2005","16-34 y.","East Germany","16","","",""
"1 Strongly disagree","2005","35-65 y.","West Germany","212","0.0264888803239274","0.0231438110373291","0.0298339496105257"
"1 Strongly disagree","2005","35-65 y.","East Germany","49","0.0247526127212331","0.0189115578502012","0.030593667592265"
"1 Strongly disagree","2005","66 and older","West Germany","202","0.0743311234337358","0.0645592411323487","0.0841030057351228"
"1 Strongly disagree","2005","66 and older","East Germany","74","0.0874347550865278","0.0695570076051613","0.105312502567894"
"2 on scale 1-7 ","2005","16-34 y.","West Germany","168","0.0392659964601795","0.0332227243191016","0.0453092686012574"
"2 on scale 1-7 ","2005","16-34 y.","East Germany","51","0.0343379441154","0.0246279236629372","0.0440479645678627"
"2 on scale 1-7 ","2005","35-65 y.","West Germany","399","0.0459934921874751","0.0416300751757627","0.0503569091991876"
"2 on scale 1-7 ","2005","35-65 y.","East Germany","105","0.04428449729988","0.0365503303992794","0.0520186642004805"
"2 on scale 1-7 ","2005","66 and older","West Germany","277","0.110453668208101","0.0987764497133065","0.122130886702895"
"2 on scale 1-7 ","2005","66 and older","East Germany","86","0.0882457505812986","0.0702932650169303","0.106198236145667"
"3 on scale 1-7 ","2005","16-34 y.","West Germany","406","0.103667244294802","0.0941826737699742","0.11315181481963"
"3 on scale 1-7 ","2005","16-34 y.","East Germany","143","0.106353484315672","0.0899143417794406","0.122792626851903"
"3 on scale 1-7 ","2005","35-65 y.","West Germany","1051","0.126414300683473","0.119491948032165","0.13333665333478"
"3 on scale 1-7 ","2005","35-65 y.","East Germany","321","0.126090389138072","0.113610876789546","0.138569901486598"
"3 on scale 1-7 ","2005","66 and older","West Germany","476","0.173202946706547","0.159105445306281","0.187300448106813"
"3 on scale 1-7 ","2005","66 and older","East Germany","151","0.154368513691969","0.131501538461305","0.177235488922633"
"4 on scale 1-7","2005","16-34 y.","West Germany","962","0.258671433984043","0.245046266096997","0.27229660187109"
"4 on scale 1-7","2005","16-34 y.","East Germany","354","0.241155794116096","0.218344728267043","0.263966859965149"
"4 on scale 1-7","2005","35-65 y.","West Germany","2363","0.272055676519785","0.262785652983763","0.281325700055808"
"4 on scale 1-7","2005","35-65 y.","East Germany","810","0.308675728794418","0.29130910053302","0.326042357055815"
"4 on scale 1-7","2005","66 and older","West Germany","743","0.268316735660772","0.251810406939797","0.284823064381748"
"4 on scale 1-7","2005","66 and older","East Germany","272","0.281473366129561","0.253010483867665","0.309936248391458"
"5 on scale 1-7","2005","16-34 y.","West Germany","1136","0.29081751630934","0.276687211183997","0.304947821434684"
"5 on scale 1-7","2005","16-34 y.","East Germany","388","0.30293943562318","0.278435627713236","0.327443243533124"
"5 on scale 1-7","2005","35-65 y.","West Germany","2327","0.250651527257213","0.241623768405354","0.259679286109072"
"5 on scale 1-7","2005","35-65 y.","East Germany","675","0.231088946157695","0.215241802203936","0.246936090111455"
"5 on scale 1-7","2005","66 and older","West Germany","521","0.18548208827215","0.17100216181514","0.199962014729161"
"5 on scale 1-7","2005","66 and older","East Germany","209","0.231523573375735","0.204827236696285","0.258219910055184"
"6 on scale 1-7","2005","16-34 y.","West Germany","856","0.201908495229667","0.189418395694199","0.214398594765134"
"6 on scale 1-7","2005","16-34 y.","East Germany","275","0.198116659245517","0.176862863134193","0.21937045535684"
"6 on scale 1-7","2005","35-65 y.","West Germany","1634","0.174457842735103","0.166552554019038","0.182363131451169"
"6 on scale 1-7","2005","35-65 y.","East Germany","535","0.187319975434455","0.172651830131948","0.201988120736963"
"6 on scale 1-7","2005","66 and older","West Germany","323","0.109146520449821","0.0975300782455312","0.120762962654112"
"6 on scale 1-7","2005","66 and older","East Germany","124","0.11389279874268","0.0937865962055635","0.133999001279796"
"7 Strongly agree","2005","16-34 y.","West Germany","389","0.093988774234083","0.0849091674323367","0.103068381035829"
"7 Strongly agree","2005","16-34 y.","East Germany","124","0.0970102200299294","0.0812279096967567","0.112792530363102"
"7 Strongly agree","2005","35-65 y.","West Germany","867","0.103938280293023","0.0975811723673586","0.110295388218688"
"7 Strongly agree","2005","35-65 y.","East Germany","223","0.0777878504542467","0.0677186573467383","0.0878570435617551"
"7 Strongly agree","2005","66 and older","West Germany","226","0.0790669172688726","0.0690143615590383","0.089119472978707"
"7 Strongly agree","2005","66 and older","East Germany","43","0.0430612423922287","0.0302135793538882","0.0559089054305693"
"1 Strongly disagree","2006","16-34 y.","West Germany","","","",""
"1 Strongly disagree","2006","16-34 y.","East Germany","","","",""
"1 Strongly disagree","2006","35-65 y.","West Germany","","","",""
"1 Strongly disagree","2006","35-65 y.","East Germany","","","",""
"1 Strongly disagree","2006","66 and older","West Germany","","","",""
"1 Strongly disagree","2006","66 and older","East Germany","","","",""
"2 on scale 1-7 ","2006","16-34 y.","West Germany","","","",""
"2 on scale 1-7 ","2006","16-34 y.","East Germany","","","",""
"2 on scale 1-7 ","2006","35-65 y.","West Germany","","","",""
"2 on scale 1-7 ","2006","35-65 y.","East Germany","","","",""
"2 on scale 1-7 ","2006","66 and older","West Germany","","","",""
"2 on scale 1-7 ","2006","66 and older","East Germany","","","",""
"3 on scale 1-7 ","2006","16-34 y.","West Germany","","","",""
"3 on scale 1-7 ","2006","16-34 y.","East Germany","","","",""
"3 on scale 1-7 ","2006","35-65 y.","West Germany","","","",""
"3 on scale 1-7 ","2006","35-65 y.","East Germany","","","",""
"3 on scale 1-7 ","2006","66 and older","West Germany","","","",""
"3 on scale 1-7 ","2006","66 and older","East Germany","","","",""
"4 on scale 1-7","2006","16-34 y.","West Germany","","","",""
"4 on scale 1-7","2006","16-34 y.","East Germany","","","",""
"4 on scale 1-7","2006","35-65 y.","West Germany","","","",""
"4 on scale 1-7","2006","35-65 y.","East Germany","","","",""
"4 on scale 1-7","2006","66 and older","West Germany","","","",""
"4 on scale 1-7","2006","66 and older","East Germany","","","",""
"5 on scale 1-7","2006","16-34 y.","West Germany","","","",""
"5 on scale 1-7","2006","16-34 y.","East Germany","","","",""
"5 on scale 1-7","2006","35-65 y.","West Germany","","","",""
"5 on scale 1-7","2006","35-65 y.","East Germany","","","",""
"5 on scale 1-7","2006","66 and older","West Germany","","","",""
"5 on scale 1-7","2006","66 and older","East Germany","","","",""
"6 on scale 1-7","2006","16-34 y.","West Germany","","","",""
"6 on scale 1-7","2006","16-34 y.","East Germany","","","",""
"6 on scale 1-7","2006","35-65 y.","West Germany","","","",""
"6 on scale 1-7","2006","35-65 y.","East Germany","","","",""
"6 on scale 1-7","2006","66 and older","West Germany","","","",""
"6 on scale 1-7","2006","66 and older","East Germany","","","",""
"7 Strongly agree","2006","16-34 y.","West Germany","","","",""
"7 Strongly agree","2006","16-34 y.","East Germany","","","",""
"7 Strongly agree","2006","35-65 y.","West Germany","","","",""
"7 Strongly agree","2006","35-65 y.","East Germany","","","",""
"7 Strongly agree","2006","66 and older","West Germany","","","",""
"7 Strongly agree","2006","66 and older","East Germany","","","",""
"1 Strongly disagree","2007","16-34 y.","West Germany","","","",""
"1 Strongly disagree","2007","16-34 y.","East Germany","","","",""
"1 Strongly disagree","2007","35-65 y.","West Germany","","","",""
"1 Strongly disagree","2007","35-65 y.","East Germany","","","",""
"1 Strongly disagree","2007","66 and older","West Germany","","","",""
"1 Strongly disagree","2007","66 and older","East Germany","","","",""
"2 on scale 1-7 ","2007","16-34 y.","West Germany","","","",""
"2 on scale 1-7 ","2007","16-34 y.","East Germany","","","",""
"2 on scale 1-7 ","2007","35-65 y.","West Germany","","","",""
"2 on scale 1-7 ","2007","35-65 y.","East Germany","","","",""
"2 on scale 1-7 ","2007","66 and older","West Germany","","","",""
"2 on scale 1-7 ","2007","66 and older","East Germany","","","",""
"3 on scale 1-7 ","2007","16-34 y.","West Germany","","","",""
"3 on scale 1-7 ","2007","16-34 y.","East Germany","","","",""
"3 on scale 1-7 ","2007","35-65 y.","West Germany","","","",""
"3 on scale 1-7 ","2007","35-65 y.","East Germany","","","",""
"3 on scale 1-7 ","2007","66 and older","West Germany","","","",""
"3 on scale 1-7 ","2007","66 and older","East Germany","","","",""
"4 on scale 1-7","2007","16-34 y.","West Germany","","","",""
"4 on scale 1-7","2007","16-34 y.","East Germany","","","",""
"4 on scale 1-7","2007","35-65 y.","West Germany","","","",""
"4 on scale 1-7","2007","35-65 y.","East Germany","","","",""
"4 on scale 1-7","2007","66 and older","West Germany","","","",""
"4 on scale 1-7","2007","66 and older","East Germany","","","",""
"5 on scale 1-7","2007","16-34 y.","West Germany","","","",""
"5 on scale 1-7","2007","16-34 y.","East Germany","","","",""
"5 on scale 1-7","2007","35-65 y.","West Germany","","","",""
"5 on scale 1-7","2007","35-65 y.","East Germany","","","",""
"5 on scale 1-7","2007","66 and older","West Germany","","","",""
"5 on scale 1-7","2007","66 and older","East Germany","","","",""
"6 on scale 1-7","2007","16-34 y.","West Germany","","","",""
"6 on scale 1-7","2007","16-34 y.","East Germany","","","",""
"6 on scale 1-7","2007","35-65 y.","West Germany","","","",""
"6 on scale 1-7","2007","35-65 y.","East Germany","","","",""
"6 on scale 1-7","2007","66 and older","West Germany","","","",""
"6 on scale 1-7","2007","66 and older","East Germany","","","",""
"7 Strongly agree","2007","16-34 y.","West Germany","","","",""
"7 Strongly agree","2007","16-34 y.","East Germany","","","",""
"7 Strongly agree","2007","35-65 y.","West Germany","","","",""
"7 Strongly agree","2007","35-65 y.","East Germany","","","",""
"7 Strongly agree","2007","66 and older","West Germany","","","",""
"7 Strongly agree","2007","66 and older","East Germany","","","",""
"1 Strongly disagree","2008","16-34 y.","West Germany","","","",""
"1 Strongly disagree","2008","16-34 y.","East Germany","","","",""
"1 Strongly disagree","2008","35-65 y.","West Germany","","","",""
"1 Strongly disagree","2008","35-65 y.","East Germany","","","",""
"1 Strongly disagree","2008","66 and older","West Germany","","","",""
"1 Strongly disagree","2008","66 and older","East Germany","","","",""
"2 on scale 1-7 ","2008","16-34 y.","West Germany","","","",""
"2 on scale 1-7 ","2008","16-34 y.","East Germany","","","",""
"2 on scale 1-7 ","2008","35-65 y.","West Germany","","","",""
"2 on scale 1-7 ","2008","35-65 y.","East Germany","","","",""
"2 on scale 1-7 ","2008","66 and older","West Germany","","","",""
"2 on scale 1-7 ","2008","66 and older","East Germany","","","",""
"3 on scale 1-7 ","2008","16-34 y.","West Germany","","","",""
"3 on scale 1-7 ","2008","16-34 y.","East Germany","","","",""
"3 on scale 1-7 ","2008","35-65 y.","West Germany","","","",""
"3 on scale 1-7 ","2008","35-65 y.","East Germany","","","",""
"3 on scale 1-7 ","2008","66 and older","West Germany","","","",""
"3 on scale 1-7 ","2008","66 and older","East Germany","","","",""
"4 on scale 1-7","2008","16-34 y.","West Germany","","","",""
"4 on scale 1-7","2008","16-34 y.","East Germany","","","",""
"4 on scale 1-7","2008","35-65 y.","West Germany","","","",""
"4 on scale 1-7","2008","35-65 y.","East Germany","","","",""
"4 on scale 1-7","2008","66 and older","West Germany","","","",""
"4 on scale 1-7","2008","66 and older","East Germany","","","",""
"5 on scale 1-7","2008","16-34 y.","West Germany","","","",""
"5 on scale 1-7","2008","16-34 y.","East Germany","","","",""
"5 on scale 1-7","2008","35-65 y.","West Germany","","","",""
"5 on scale 1-7","2008","35-65 y.","East Germany","","","",""
"5 on scale 1-7","2008","66 and older","West Germany","","","",""
"5 on scale 1-7","2008","66 and older","East Germany","","","",""
"6 on scale 1-7","2008","16-34 y.","West Germany","","","",""
"6 on scale 1-7","2008","16-34 y.","East Germany","","","",""
"6 on scale 1-7","2008","35-65 y.","West Germany","","","",""
"6 on scale 1-7","2008","35-65 y.","East Germany","","","",""
"6 on scale 1-7","2008","66 and older","West Germany","","","",""
"6 on scale 1-7","2008","66 and older","East Germany","","","",""
"7 Strongly agree","2008","16-34 y.","West Germany","","","",""
"7 Strongly agree","2008","16-34 y.","East Germany","","","",""
"7 Strongly agree","2008","35-65 y.","West Germany","","","",""
"7 Strongly agree","2008","35-65 y.","East Germany","","","",""
"7 Strongly agree","2008","66 and older","West Germany","","","",""
"7 Strongly agree","2008","66 and older","East Germany","","","",""
"1 Strongly disagree","2009","16-34 y.","West Germany","34","0.0158627660859069","0.0113555621786353","0.0203699699931786"
"1 Strongly disagree","2009","16-34 y.","East Germany","8","","",""
"1 Strongly disagree","2009","35-65 y.","West Germany","143","0.0223012249637466","0.0189504476057638","0.0256520023217295"
"1 Strongly disagree","2009","35-65 y.","East Germany","43","0.0173663355889113","0.0121192480802757","0.0226134230975469"
"1 Strongly disagree","2009","66 and older","West Germany","194","0.0781553723384561","0.0685663765923716","0.0877443680845405"
"1 Strongly disagree","2009","66 and older","East Germany","49","0.0499888323935709","0.0371746201416267","0.0628030446455151"
"2 on scale 1-7 ","2009","16-34 y.","West Germany","114","0.0326958626373586","0.0262805498302379","0.0391111754444792"
"2 on scale 1-7 ","2009","16-34 y.","East Germany","48","0.0407467737788981","0.0287138279608787","0.0527797195969175"
"2 on scale 1-7 ","2009","35-65 y.","West Germany","406","0.0552671369757836","0.0500819231268606","0.0604523508247065"
"2 on scale 1-7 ","2009","35-65 y.","East Germany","122","0.055912127620042","0.0466837020876894","0.0651405531523947"
"2 on scale 1-7 ","2009","66 and older","West Germany","281","0.0915645342974615","0.0812612536606759","0.101867814934247"
"2 on scale 1-7 ","2009","66 and older","East Germany","114","0.106948992885729","0.0887763729635518","0.125121612807906"
"3 on scale 1-7 ","2009","16-34 y.","West Germany","343","0.132655575141908","0.120419321704546","0.144891828579271"
"3 on scale 1-7 ","2009","16-34 y.","East Germany","131","0.130587617841539","0.110079650215387","0.151095585467691"
"3 on scale 1-7 ","2009","35-65 y.","West Germany","1027","0.131944177653624","0.124264418153707","0.13962393715354"
"3 on scale 1-7 ","2009","35-65 y.","East Germany","345","0.131688668250786","0.118106148958885","0.145271187542687"
"3 on scale 1-7 ","2009","66 and older","West Germany","533","0.187552023416168","0.173606863436427","0.201497183395908"
"3 on scale 1-7 ","2009","66 and older","East Germany","193","0.169249199686135","0.147200156017544","0.191298243354726"
"4 on scale 1-7","2009","16-34 y.","West Germany","727","0.244839053131281","0.229327687993832","0.260350418268729"
"4 on scale 1-7","2009","16-34 y.","East Germany","285","0.274247013130866","0.247093621596293","0.301400404665438"
"4 on scale 1-7","2009","35-65 y.","West Germany","1985","0.2628486326157","0.252859911770687","0.272837353460714"
"4 on scale 1-7","2009","35-65 y.","East Germany","672","0.297136125240105","0.278779969558878","0.315492280921332"
"4 on scale 1-7","2009","66 and older","West Germany","864","0.284999129455615","0.268872637835969","0.30112562107526"
"4 on scale 1-7","2009","66 and older","East Germany","328","0.305561183516497","0.27847441804712","0.332647948985874"
"5 on scale 1-7","2009","16-34 y.","West Germany","849","0.271348904698979","0.255308557595519","0.287389251802438"
"5 on scale 1-7","2009","16-34 y.","East Germany","278","0.245814662537865","0.219608607581179","0.272020717494552"
"5 on scale 1-7","2009","35-65 y.","West Germany","1906","0.255463407322119","0.245566806550361","0.265360008093877"
"5 on scale 1-7","2009","35-65 y.","East Germany","589","0.256180029870578","0.23864627436489","0.273713785376266"
"5 on scale 1-7","2009","66 and older","West Germany","572","0.183306853989869","0.169484447817715","0.197129260162024"
"5 on scale 1-7","2009","66 and older","East Germany","231","0.192666947431656","0.169475864103582","0.21585803075973"
"6 on scale 1-7","2009","16-34 y.","West Germany","620","0.208970415415973","0.194303841318165","0.22363698951378"
"6 on scale 1-7","2009","16-34 y.","East Germany","212","0.219292234276526","0.194108821226059","0.244475647326993"
"6 on scale 1-7","2009","35-65 y.","West Germany","1290","0.178516851179099","0.169826894413367","0.18720680794483"
"6 on scale 1-7","2009","35-65 y.","East Germany","440","0.155346031515226","0.140796202543943","0.16989586048651"
"6 on scale 1-7","2009","66 and older","West Germany","369","0.112140767064067","0.100868308123089","0.123413226005045"
"6 on scale 1-7","2009","66 and older","East Germany","142","0.124854662070449","0.105417469602149","0.144291854538749"
"7 Strongly agree","2009","16-34 y.","West Germany","265","0.0936274228885943","0.0831188237001606","0.104136022077028"
"7 Strongly agree","2009","16-34 y.","East Germany","75","0.0820373204671404","0.0653349943653416","0.0987396465689391"
"7 Strongly agree","2009","35-65 y.","West Germany","703","0.0936585692899283","0.0870470943915754","0.100270044188281"
"7 Strongly agree","2009","35-65 y.","East Germany","170","0.0863706819143514","0.0750873703270756","0.0976539935016272"
"7 Strongly agree","2009","66 and older","West Germany","197","0.0622813194383638","0.0536479558878868","0.0709146829888408"
"7 Strongly agree","2009","66 and older","East Germany","54","0.050730182015963","0.0378263378933282","0.0636340261385978"
"1 Strongly disagree","2010","16-34 y.","West Germany","","","",""
"1 Strongly disagree","2010","16-34 y.","East Germany","","","",""
"1 Strongly disagree","2010","35-65 y.","West Germany","","","",""
"1 Strongly disagree","2010","35-65 y.","East Germany","","","",""
"1 Strongly disagree","2010","66 and older","West Germany","","","",""
"1 Strongly disagree","2010","66 and older","East Germany","","","",""
"2 on scale 1-7 ","2010","16-34 y.","West Germany","","","",""
"2 on scale 1-7 ","2010","16-34 y.","East Germany","","","",""
"2 on scale 1-7 ","2010","35-65 y.","West Germany","","","",""
"2 on scale 1-7 ","2010","35-65 y.","East Germany","","","",""
"2 on scale 1-7 ","2010","66 and older","West Germany","","","",""
"2 on scale 1-7 ","2010","66 and older","East Germany","","","",""
"3 on scale 1-7 ","2010","16-34 y.","West Germany","","","",""
"3 on scale 1-7 ","2010","16-34 y.","East Germany","","","",""
"3 on scale 1-7 ","2010","35-65 y.","West Germany","","","",""
"3 on scale 1-7 ","2010","35-65 y.","East Germany","","","",""
"3 on scale 1-7 ","2010","66 and older","West Germany","","","",""
"3 on scale 1-7 ","2010","66 and older","East Germany","","","",""
"4 on scale 1-7","2010","16-34 y.","West Germany","","","",""
"4 on scale 1-7","2010","16-34 y.","East Germany","","","",""
"4 on scale 1-7","2010","35-65 y.","West Germany","","","",""
"4 on scale 1-7","2010","35-65 y.","East Germany","","","",""
"4 on scale 1-7","2010","66 and older","West Germany","","","",""
"4 on scale 1-7","2010","66 and older","East Germany","","","",""
"5 on scale 1-7","2010","16-34 y.","West Germany","","","",""
"5 on scale 1-7","2010","16-34 y.","East Germany","","","",""
"5 on scale 1-7","2010","35-65 y.","West Germany","","","",""
"5 on scale 1-7","2010","35-65 y.","East Germany","","","",""
"5 on scale 1-7","2010","66 and older","West Germany","","","",""
"5 on scale 1-7","2010","66 and older","East Germany","","","",""
"6 on scale 1-7","2010","16-34 y.","West Germany","","","",""
"6 on scale 1-7","2010","16-34 y.","East Germany","","","",""
"6 on scale 1-7","2010","35-65 y.","West Germany","","","",""
"6 on scale 1-7","2010","35-65 y.","East Germany","","","",""
"6 on scale 1-7","2010","66 and older","West Germany","","","",""
"6 on scale 1-7","2010","66 and older","East Germany","","","",""
"7 Strongly agree","2010","16-34 y.","West Germany","","","",""
"7 Strongly agree","2010","16-34 y.","East Germany","","","",""
"7 Strongly agree","2010","35-65 y.","West Germany","","","",""
"7 Strongly agree","2010","35-65 y.","East Germany","","","",""
"7 Strongly agree","2010","66 and older","West Germany","","","",""
"7 Strongly agree","2010","66 and older","East Germany","","","",""
"1 Strongly disagree","2011","16-34 y.","West Germany","","","",""
"1 Strongly disagree","2011","16-34 y.","East Germany","","","",""
"1 Strongly disagree","2011","35-65 y.","West Germany","","","",""
"1 Strongly disagree","2011","35-65 y.","East Germany","","","",""
"1 Strongly disagree","2011","66 and older","West Germany","","","",""
"1 Strongly disagree","2011","66 and older","East Germany","","","",""
"2 on scale 1-7 ","2011","16-34 y.","West Germany","","","",""
"2 on scale 1-7 ","2011","16-34 y.","East Germany","","","",""
"2 on scale 1-7 ","2011","35-65 y.","West Germany","","","",""
"2 on scale 1-7 ","2011","35-65 y.","East Germany","","","",""
"2 on scale 1-7 ","2011","66 and older","West Germany","","","",""
"2 on scale 1-7 ","2011","66 and older","East Germany","","","",""
"3 on scale 1-7 ","2011","16-34 y.","West Germany","","","",""
"3 on scale 1-7 ","2011","16-34 y.","East Germany","","","",""
"3 on scale 1-7 ","2011","35-65 y.","West Germany","","","",""
"3 on scale 1-7 ","2011","35-65 y.","East Germany","","","",""
"3 on scale 1-7 ","2011","66 and older","West Germany","","","",""
"3 on scale 1-7 ","2011","66 and older","East Germany","","","",""
"4 on scale 1-7","2011","16-34 y.","West Germany","","","",""
"4 on scale 1-7","2011","16-34 y.","East Germany","","","",""
"4 on scale 1-7","2011","35-65 y.","West Germany","","","",""
"4 on scale 1-7","2011","35-65 y.","East Germany","","","",""
"4 on scale 1-7","2011","66 and older","West Germany","","","",""
"4 on scale 1-7","2011","66 and older","East Germany","","","",""
"5 on scale 1-7","2011","16-34 y.","West Germany","","","",""
"5 on scale 1-7","2011","16-34 y.","East Germany","","","",""
"5 on scale 1-7","2011","35-65 y.","West Germany","","","",""
"5 on scale 1-7","2011","35-65 y.","East Germany","","","",""
"5 on scale 1-7","2011","66 and older","West Germany","","","",""
"5 on scale 1-7","2011","66 and older","East Germany","","","",""
"6 on scale 1-7","2011","16-34 y.","West Germany","","","",""
"6 on scale 1-7","2011","16-34 y.","East Germany","","","",""
"6 on scale 1-7","2011","35-65 y.","West Germany","","","",""
"6 on scale 1-7","2011","35-65 y.","East Germany","","","",""
"6 on scale 1-7","2011","66 and older","West Germany","","","",""
"6 on scale 1-7","2011","66 and older","East Germany","","","",""
"7 Strongly agree","2011","16-34 y.","West Germany","","","",""
"7 Strongly agree","2011","16-34 y.","East Germany","","","",""
"7 Strongly agree","2011","35-65 y.","West Germany","","","",""
"7 Strongly agree","2011","35-65 y.","East Germany","","","",""
"7 Strongly agree","2011","66 and older","West Germany","","","",""
"7 Strongly agree","2011","66 and older","East Germany","","","",""
"1 Strongly disagree","2012","16-34 y.","West Germany","24","","",""
"1 Strongly disagree","2012","16-34 y.","East Germany","6","","",""
"1 Strongly disagree","2012","35-65 y.","West Germany","41","0.00900653388782551","0.00610122461162565","0.0119118431640254"
"1 Strongly disagree","2012","35-65 y.","East Germany","14","","",""
"1 Strongly disagree","2012","66 and older","West Germany","","","",""
"1 Strongly disagree","2012","66 and older","East Germany","","","",""
"2 on scale 1-7 ","2012","16-34 y.","West Germany","65","0.0371900029461677","0.0281975259380223","0.0461824799543131"
"2 on scale 1-7 ","2012","16-34 y.","East Germany","25","","",""
"2 on scale 1-7 ","2012","35-65 y.","West Germany","151","0.0376691414035245","0.0318140564828852","0.0435242263241639"
"2 on scale 1-7 ","2012","35-65 y.","East Germany","30","0.0371727775573535","0.0243485374960288","0.0499970176186783"
"2 on scale 1-7 ","2012","66 and older","West Germany","2","","",""
"2 on scale 1-7 ","2012","66 and older","East Germany","","","",""
"3 on scale 1-7 ","2012","16-34 y.","West Germany","131","0.0765642966103258","0.0639282152452071","0.0892003779754446"
"3 on scale 1-7 ","2012","16-34 y.","East Germany","41","0.074976058031892","0.051776309373737","0.0981758066900471"
"3 on scale 1-7 ","2012","35-65 y.","West Germany","399","0.0921051210060132","0.0832123357829078","0.100997906229119"
"3 on scale 1-7 ","2012","35-65 y.","East Germany","76","0.0934770368177552","0.0737443226246337","0.113209751010877"
"3 on scale 1-7 ","2012","66 and older","West Germany","5","","",""
"3 on scale 1-7 ","2012","66 and older","East Germany","3","","",""
"4 on scale 1-7","2012","16-34 y.","West Germany","372","0.219616785258037","0.199943238626346","0.239290331889727"
"4 on scale 1-7","2012","16-34 y.","East Germany","101","0.221753840778913","0.185157340160751","0.258350341397074"
"4 on scale 1-7","2012","35-65 y.","West Germany","935","0.225611483171589","0.21275748647553","0.238465479867648"
"4 on scale 1-7","2012","35-65 y.","East Germany","170","0.202884812831605","0.175624535897805","0.230145089765406"
"4 on scale 1-7","2012","66 and older","West Germany","5","","",""
"4 on scale 1-7","2012","66 and older","East Germany","1","","",""
"5 on scale 1-7","2012","16-34 y.","West Germany","507","0.28587933544531","0.264407304896042","0.307351365994579"
"5 on scale 1-7","2012","16-34 y.","East Germany","128","0.258060471253562","0.219513479627284","0.296607462879839"
"5 on scale 1-7","2012","35-65 y.","West Germany","1127","0.276273768058406","0.262522741714177","0.290024794402634"
"5 on scale 1-7","2012","35-65 y.","East Germany","280","0.327770287539334","0.29595113595955","0.359589439119119"
"5 on scale 1-7","2012","66 and older","West Germany","4","","",""
"5 on scale 1-7","2012","66 and older","East Germany","2","","",""
"6 on scale 1-7","2012","16-34 y.","West Germany","414","0.241718057358455","0.221372675809142","0.262063438907769"
"6 on scale 1-7","2012","16-34 y.","East Germany","144","0.30240473091316","0.261943271307709","0.342866190518611"
"6 on scale 1-7","2012","35-65 y.","West Germany","955","0.236479263713878","0.223411987176939","0.249546540250816"
"6 on scale 1-7","2012","35-65 y.","East Germany","184","0.223773343295582","0.19552172017887","0.252024966412294"
"6 on scale 1-7","2012","66 and older","West Germany","1","","",""
"6 on scale 1-7","2012","66 and older","East Germany","","","",""
"7 Strongly agree","2012","16-34 y.","West Germany","188","0.126524615719015","0.110726372962584","0.142322858475445"
"7 Strongly agree","2012","16-34 y.","East Germany","50","0.073526761892251","0.0505343436394291","0.0965191801450729"
"7 Strongly agree","2012","35-65 y.","West Germany","454","0.122854688758764","0.112759608580447","0.132949768937082"
"7 Strongly agree","2012","35-65 y.","East Germany","82","0.0955712848305476","0.0756418108598202","0.115500758801275"
"7 Strongly agree","2012","66 and older","West Germany","1","","",""
"7 Strongly agree","2012","66 and older","East Germany","","","",""
"1 Strongly disagree","2013","16-34 y.","West Germany","29","","",""
"1 Strongly disagree","2013","16-34 y.","East Germany","6","","",""
"1 Strongly disagree","2013","35-65 y.","West Germany","142","0.0210174326979768","0.0178247004077519","0.0242101649882018"
"1 Strongly disagree","2013","35-65 y.","East Germany","37","0.0157008040687286","0.0107822740760716","0.0206193340613856"
"1 Strongly disagree","2013","66 and older","West Germany","146","0.045101141719097","0.0384097982228621","0.051792485215332"
"1 Strongly disagree","2013","66 and older","East Germany","38","0.032290102180983","0.022379049393052","0.0422011549689141"
"2 on scale 1-7 ","2013","16-34 y.","West Germany","90","0.0330019830523428","0.0265180706127134","0.0394858954919721"
"2 on scale 1-7 ","2013","16-34 y.","East Germany","28","","",""
"2 on scale 1-7 ","2013","35-65 y.","West Germany","330","0.0422172704727605","0.0377415416136324","0.0466929993318885"
"2 on scale 1-7 ","2013","35-65 y.","East Germany","104","0.0431822154883745","0.0351399595237299","0.0512244714530191"
"2 on scale 1-7 ","2013","66 and older","West Germany","251","0.0708555557971244","0.0625824335562964","0.0791286780379524"
"2 on scale 1-7 ","2013","66 and older","East Germany","79","0.0658144370608732","0.0519120412437944","0.079716832877952"
"3 on scale 1-7 ","2013","16-34 y.","West Germany","277","0.0902430712308906","0.0798432960554363","0.100642846406345"
"3 on scale 1-7 ","2013","16-34 y.","East Germany","81","0.104075120760295","0.0825628195161716","0.125587422004418"
"3 on scale 1-7 ","2013","35-65 y.","West Germany","884","0.111170628385305","0.10417399010766","0.11816726666295"
"3 on scale 1-7 ","2013","35-65 y.","East Germany","285","0.122502701398888","0.109530713382984","0.135474689414791"
"3 on scale 1-7 ","2013","66 and older","West Germany","466","0.135236158378547","0.124209699976129","0.146262616780965"
"3 on scale 1-7 ","2013","66 and older","East Germany","168","0.154151068546215","0.13390539823546","0.17439673885697"
"4 on scale 1-7","2013","16-34 y.","West Germany","679","0.231315668587433","0.216010755374007","0.246620581800859"
"4 on scale 1-7","2013","16-34 y.","East Germany","200","0.256597339649115","0.225828172515052","0.287366506783179"
"4 on scale 1-7","2013","35-65 y.","West Germany","1926","0.243978919431862","0.234419570879449","0.253538267984276"
"4 on scale 1-7","2013","35-65 y.","East Germany","652","0.258046781936822","0.240734739940916","0.275358823932729"
"4 on scale 1-7","2013","66 and older","West Germany","1022","0.276862225545383","0.262434985870999","0.291289465219767"
"4 on scale 1-7","2013","66 and older","East Germany","361","0.286326956130839","0.260981900258707","0.311672012002972"
"5 on scale 1-7","2013","16-34 y.","West Germany","901","0.299779907991169","0.283150649803161","0.316409166179178"
"5 on scale 1-7","2013","16-34 y.","East Germany","220","0.266556879673805","0.235407042687025","0.297706716660585"
"5 on scale 1-7","2013","35-65 y.","West Germany","2116","0.271325108170782","0.26142825589926","0.281221960442305"
"5 on scale 1-7","2013","35-65 y.","East Germany","691","0.277503046951048","0.259787168179808","0.295218925722288"
"5 on scale 1-7","2013","66 and older","West Germany","869","0.221157845439919","0.207775976579375","0.234539714300463"
"5 on scale 1-7","2013","66 and older","East Germany","305","0.251589588108473","0.227260337581201","0.275918838635746"
"6 on scale 1-7","2013","16-34 y.","West Germany","662","0.240665844735575","0.225149906984379","0.256181782486771"
"6 on scale 1-7","2013","16-34 y.","East Germany","167","0.232605290885668","0.202840913285463","0.262369668485873"
"6 on scale 1-7","2013","35-65 y.","West Germany","1585","0.206809013084613","0.197794156768853","0.215823869400372"
"6 on scale 1-7","2013","35-65 y.","East Germany","478","0.193811828516999","0.178172461837664","0.209451195196335"
"6 on scale 1-7","2013","66 and older","West Germany","627","0.164450557882218","0.152498446766809","0.176402668997627"
"6 on scale 1-7","2013","66 and older","East Germany","206","0.152807957819245","0.132634682867975","0.172981232770515"
"7 Strongly agree","2013","16-34 y.","West Germany","278","0.093637277099104","0.0830635100784896","0.104211044119718"
"7 Strongly agree","2013","16-34 y.","East Germany","72","0.108154218004956","0.0862743739262629","0.13003406208365"
"7 Strongly agree","2013","35-65 y.","West Germany","771","0.1034816277567","0.0967021472643673","0.110261108249033"
"7 Strongly agree","2013","35-65 y.","East Germany","207","0.0892526216391396","0.0779723315705577","0.100532911707721"
"7 Strongly agree","2013","66 and older","West Germany","314","0.0863365152377114","0.0772806226737264","0.0953924078016965"
"7 Strongly agree","2013","66 and older","East Germany","65","0.0570198901533709","0.0440188846422416","0.0700208956645003"
"1 Strongly disagree","2014","16-34 y.","West Germany","","","",""
"1 Strongly disagree","2014","16-34 y.","East Germany","","","",""
"1 Strongly disagree","2014","35-65 y.","West Germany","","","",""
"1 Strongly disagree","2014","35-65 y.","East Germany","","","",""
"1 Strongly disagree","2014","66 and older","West Germany","","","",""
"1 Strongly disagree","2014","66 and older","East Germany","","","",""
"2 on scale 1-7 ","2014","16-34 y.","West Germany","","","",""
"2 on scale 1-7 ","2014","16-34 y.","East Germany","","","",""
"2 on scale 1-7 ","2014","35-65 y.","West Germany","","","",""
"2 on scale 1-7 ","2014","35-65 y.","East Germany","","","",""
"2 on scale 1-7 ","2014","66 and older","West Germany","","","",""
"2 on scale 1-7 ","2014","66 and older","East Germany","","","",""
"3 on scale 1-7 ","2014","16-34 y.","West Germany","","","",""
"3 on scale 1-7 ","2014","16-34 y.","East Germany","","","",""
"3 on scale 1-7 ","2014","35-65 y.","West Germany","","","",""
"3 on scale 1-7 ","2014","35-65 y.","East Germany","","","",""
"3 on scale 1-7 ","2014","66 and older","West Germany","","","",""
"3 on scale 1-7 ","2014","66 and older","East Germany","","","",""
"4 on scale 1-7","2014","16-34 y.","West Germany","","","",""
"4 on scale 1-7","2014","16-34 y.","East Germany","","","",""
"4 on scale 1-7","2014","35-65 y.","West Germany","","","",""
"4 on scale 1-7","2014","35-65 y.","East Germany","","","",""
"4 on scale 1-7","2014","66 and older","West Germany","","","",""
"4 on scale 1-7","2014","66 and older","East Germany","","","",""
"5 on scale 1-7","2014","16-34 y.","West Germany","","","",""
"5 on scale 1-7","2014","16-34 y.","East Germany","","","",""
"5 on scale 1-7","2014","35-65 y.","West Germany","","","",""
"5 on scale 1-7","2014","35-65 y.","East Germany","","","",""
"5 on scale 1-7","2014","66 and older","West Germany","","","",""
"5 on scale 1-7","2014","66 and older","East Germany","","","",""
"6 on scale 1-7","2014","16-34 y.","West Germany","","","",""
"6 on scale 1-7","2014","16-34 y.","East Germany","","","",""
"6 on scale 1-7","2014","35-65 y.","West Germany","","","",""
"6 on scale 1-7","2014","35-65 y.","East Germany","","","",""
"6 on scale 1-7","2014","66 and older","West Germany","","","",""
"6 on scale 1-7","2014","66 and older","East Germany","","","",""
"7 Strongly agree","2014","16-34 y.","West Germany","","","",""
"7 Strongly agree","2014","16-34 y.","East Germany","","","",""
"7 Strongly agree","2014","35-65 y.","West Germany","","","",""
"7 Strongly agree","2014","35-65 y.","East Germany","","","",""
"7 Strongly agree","2014","66 and older","West Germany","","","",""
"7 Strongly agree","2014","66 and older","East Germany","","","",""
"1 Strongly disagree","2015","16-34 y.","West Germany","","","",""
"1 Strongly disagree","2015","16-34 y.","East Germany","","","",""
"1 Strongly disagree","2015","35-65 y.","West Germany","","","",""
"1 Strongly disagree","2015","35-65 y.","East Germany","","","",""
"1 Strongly disagree","2015","66 and older","West Germany","","","",""
"1 Strongly disagree","2015","66 and older","East Germany","","","",""
"2 on scale 1-7 ","2015","16-34 y.","West Germany","","","",""
"2 on scale 1-7 ","2015","16-34 y.","East Germany","","","",""
"2 on scale 1-7 ","2015","35-65 y.","West Germany","","","",""
"2 on scale 1-7 ","2015","35-65 y.","East Germany","","","",""
"2 on scale 1-7 ","2015","66 and older","West Germany","","","",""
"2 on scale 1-7 ","2015","66 and older","East Germany","","","",""
"3 on scale 1-7 ","2015","16-34 y.","West Germany","","","",""
"3 on scale 1-7 ","2015","16-34 y.","East Germany","","","",""
"3 on scale 1-7 ","2015","35-65 y.","West Germany","","","",""
"3 on scale 1-7 ","2015","35-65 y.","East Germany","","","",""
"3 on scale 1-7 ","2015","66 and older","West Germany","","","",""
"3 on scale 1-7 ","2015","66 and older","East Germany","","","",""
"4 on scale 1-7","2015","16-34 y.","West Germany","","","",""
"4 on scale 1-7","2015","16-34 y.","East Germany","","","",""
"4 on scale 1-7","2015","35-65 y.","West Germany","","","",""
"4 on scale 1-7","2015","35-65 y.","East Germany","","","",""
"4 on scale 1-7","2015","66 and older","West Germany","","","",""
"4 on scale 1-7","2015","66 and older","East Germany","","","",""
"5 on scale 1-7","2015","16-34 y.","West Germany","","","",""
"5 on scale 1-7","2015","16-34 y.","East Germany","","","",""
"5 on scale 1-7","2015","35-65 y.","West Germany","","","",""
"5 on scale 1-7","2015","35-65 y.","East Germany","","","",""
"5 on scale 1-7","2015","66 and older","West Germany","","","",""
"5 on scale 1-7","2015","66 and older","East Germany","","","",""
"6 on scale 1-7","2015","16-34 y.","West Germany","","","",""
"6 on scale 1-7","2015","16-34 y.","East Germany","","","",""
"6 on scale 1-7","2015","35-65 y.","West Germany","","","",""
"6 on scale 1-7","2015","35-65 y.","East Germany","","","",""
"6 on scale 1-7","2015","66 and older","West Germany","","","",""
"6 on scale 1-7","2015","66 and older","East Germany","","","",""
"7 Strongly agree","2015","16-34 y.","West Germany","","","",""
"7 Strongly agree","2015","16-34 y.","East Germany","","","",""
"7 Strongly agree","2015","35-65 y.","West Germany","","","",""
"7 Strongly agree","2015","35-65 y.","East Germany","","","",""
"7 Strongly agree","2015","66 and older","West Germany","","","",""
"7 Strongly agree","2015","66 and older","East Germany","","","",""
"1 Strongly disagree","2016","16-34 y.","West Germany","","","",""
"1 Strongly disagree","2016","16-34 y.","East Germany","","","",""
"1 Strongly disagree","2016","35-65 y.","West Germany","","","",""
"1 Strongly disagree","2016","35-65 y.","East Germany","","","",""
"1 Strongly disagree","2016","66 and older","West Germany","","","",""
"1 Strongly disagree","2016","66 and older","East Germany","","","",""
"2 on scale 1-7 ","2016","16-34 y.","West Germany","","","",""
"2 on scale 1-7 ","2016","16-34 y.","East Germany","","","",""
"2 on scale 1-7 ","2016","35-65 y.","West Germany","","","",""
"2 on scale 1-7 ","2016","35-65 y.","East Germany","","","",""
"2 on scale 1-7 ","2016","66 and older","West Germany","","","",""
"2 on scale 1-7 ","2016","66 and older","East Germany","","","",""
"3 on scale 1-7 ","2016","16-34 y.","West Germany","","","",""
"3 on scale 1-7 ","2016","16-34 y.","East Germany","","","",""
"3 on scale 1-7 ","2016","35-65 y.","West Germany","","","",""
"3 on scale 1-7 ","2016","35-65 y.","East Germany","","","",""
"3 on scale 1-7 ","2016","66 and older","West Germany","","","",""
"3 on scale 1-7 ","2016","66 and older","East Germany","","","",""
"4 on scale 1-7","2016","16-34 y.","West Germany","","","",""
"4 on scale 1-7","2016","16-34 y.","East Germany","","","",""
"4 on scale 1-7","2016","35-65 y.","West Germany","","","",""
"4 on scale 1-7","2016","35-65 y.","East Germany","","","",""
"4 on scale 1-7","2016","66 and older","West Germany","","","",""
"4 on scale 1-7","2016","66 and older","East Germany","","","",""
"5 on scale 1-7","2016","16-34 y.","West Germany","","","",""
"5 on scale 1-7","2016","16-34 y.","East Germany","","","",""
"5 on scale 1-7","2016","35-65 y.","West Germany","","","",""
"5 on scale 1-7","2016","35-65 y.","East Germany","","","",""
"5 on scale 1-7","2016","66 and older","West Germany","","","",""
"5 on scale 1-7","2016","66 and older","East Germany","","","",""
"6 on scale 1-7","2016","16-34 y.","West Germany","","","",""
"6 on scale 1-7","2016","16-34 y.","East Germany","","","",""
"6 on scale 1-7","2016","35-65 y.","West Germany","","","",""
"6 on scale 1-7","2016","35-65 y.","East Germany","","","",""
"6 on scale 1-7","2016","66 and older","West Germany","","","",""
"6 on scale 1-7","2016","66 and older","East Germany","","","",""
"7 Strongly agree","2016","16-34 y.","West Germany","","","",""
"7 Strongly agree","2016","16-34 y.","East Germany","","","",""
"7 Strongly agree","2016","35-65 y.","West Germany","","","",""
"7 Strongly agree","2016","35-65 y.","East Germany","","","",""
"7 Strongly agree","2016","66 and older","West Germany","","","",""
"7 Strongly agree","2016","66 and older","East Germany","","","",""
"1 Strongly disagree","2017","16-34 y.","West Germany","112","0.0090628325170473","0.00670223076506661","0.011423434269028"
"1 Strongly disagree","2017","16-34 y.","East Germany","36","0.00942827636433191","0.00428645146957051","0.0145701012590933"
"1 Strongly disagree","2017","35-65 y.","West Germany","221","0.0140348283485221","0.0120234152476435","0.0160462414494008"
"1 Strongly disagree","2017","35-65 y.","East Germany","59","0.0154761484571958","0.0113850037659961","0.0195672931483955"
"1 Strongly disagree","2017","66 and older","West Germany","143","0.0450053148363135","0.0383945837121982","0.0516160459604288"
"1 Strongly disagree","2017","66 and older","East Germany","37","0.0433871844898412","0.03201574658096","0.0547586223987224"
"2 on scale 1-7 ","2017","16-34 y.","West Germany","205","0.0308763765911876","0.0265674366218497","0.0351853165605254"
"2 on scale 1-7 ","2017","16-34 y.","East Germany","39","0.0381290169796849","0.0279397161805554","0.0483183177788144"
"2 on scale 1-7 ","2017","35-65 y.","West Germany","567","0.0437389368450864","0.0402419879761444","0.0472358857140283"
"2 on scale 1-7 ","2017","35-65 y.","East Germany","151","0.0452121645919188","0.038325937138507","0.0520983920453306"
"2 on scale 1-7 ","2017","66 and older","West Germany","275","0.0810071907437725","0.0723068761485367","0.0897075053390083"
"2 on scale 1-7 ","2017","66 and older","East Germany","75","0.064269591077859","0.0505814430655323","0.0779577390901858"
"3 on scale 1-7 ","2017","16-34 y.","West Germany","494","0.0893106513095218","0.0822066268862919","0.0964146757327517"
"3 on scale 1-7 ","2017","16-34 y.","East Germany","117","0.0973576974974729","0.0815851749898711","0.113130220005075"
"3 on scale 1-7 ","2017","35-65 y.","West Germany","1258","0.10149550102252","0.0963319263892786","0.106659075655761"
"3 on scale 1-7 ","2017","35-65 y.","East Germany","336","0.108352676169481","0.0980507922680686","0.118654560070893"
"3 on scale 1-7 ","2017","66 and older","West Germany","513","0.138603686644601","0.127585604406676","0.149621768882526"
"3 on scale 1-7 ","2017","66 and older","East Germany","177","0.151371250021517","0.131365855437121","0.171376644605912"
"4 on scale 1-7","2017","16-34 y.","West Germany","1292","0.226859840320997","0.216427647242059","0.237292033399935"
"4 on scale 1-7","2017","16-34 y.","East Germany","299","0.206066253661771","0.184545685344199","0.227586821979344"
"4 on scale 1-7","2017","35-65 y.","West Germany","2966","0.234713195333585","0.22746636989427","0.2419600207729"
"4 on scale 1-7","2017","35-65 y.","East Germany","804","0.236150122983923","0.222073503551469","0.250226742416376"
"4 on scale 1-7","2017","66 and older","West Germany","996","0.264259274835783","0.250198973394761","0.278319576276804"
"4 on scale 1-7","2017","66 and older","East Germany","371","0.311075644745096","0.285236072086246","0.336915217403946"
"5 on scale 1-7","2017","16-34 y.","West Germany","1684","0.29296402804237","0.281627094699781","0.304300961384959"
"5 on scale 1-7","2017","16-34 y.","East Germany","365","0.295046105418918","0.270780928202136","0.3193112826357"
"5 on scale 1-7","2017","35-65 y.","West Germany","3498","0.266070428302776","0.258514419895986","0.273626436709566"
"5 on scale 1-7","2017","35-65 y.","East Germany","955","0.26904967699456","0.254351602522171","0.28374775146695"
"5 on scale 1-7","2017","66 and older","West Germany","903","0.234525600401012","0.221014908890356","0.248036291911667"
"5 on scale 1-7","2017","66 and older","East Germany","267","0.210553678131151","0.187796978786416","0.233310377475885"
"6 on scale 1-7","2017","16-34 y.","West Germany","1478","0.247131154770377","0.23638653376696","0.257875775773794"
"6 on scale 1-7","2017","16-34 y.","East Germany","308","0.238694880370979","0.216014042483555","0.261375718258403"
"6 on scale 1-7","2017","35-65 y.","West Germany","2971","0.232010996592613","0.224793298364355","0.23922869482087"
"6 on scale 1-7","2017","35-65 y.","East Germany","823","0.238238494774582","0.224119110628089","0.252357878921075"
"6 on scale 1-7","2017","66 and older","West Germany","677","0.166914108200865","0.155023377939686","0.178804838462045"
"6 on scale 1-7","2017","66 and older","East Germany","215","0.150984186420432","0.130999829666401","0.170968543174463"
"7 Strongly agree","2017","16-34 y.","West Germany","926","0.103795116448499","0.0961978072422089","0.11139242565479"
"7 Strongly agree","2017","16-34 y.","East Germany","193","0.115277769706842","0.0982861640683498","0.132269375345334"
"7 Strongly agree","2017","35-65 y.","West Germany","1658","0.107936113554898","0.102630344994568","0.113241882115228"
"7 Strongly agree","2017","35-65 y.","East Germany","369","0.0875207160283396","0.0781544343896787","0.0968869976670004"
"7 Strongly agree","2017","66 and older","West Germany","271","0.0696848243376541","0.0615658480738642","0.077803800601444"
"7 Strongly agree","2017","66 and older","East Germany","91","0.0683584651141045","0.0542724832402447","0.0824444469879642"
"1 Strongly disagree","2018","16-34 y.","West Germany","","","",""
"1 Strongly disagree","2018","16-34 y.","East Germany","","","",""
"1 Strongly disagree","2018","35-65 y.","West Germany","","","",""
"1 Strongly disagree","2018","35-65 y.","East Germany","","","",""
"1 Strongly disagree","2018","66 and older","West Germany","","","",""
"1 Strongly disagree","2018","66 and older","East Germany","","","",""
"2 on scale 1-7 ","2018","16-34 y.","West Germany","","","",""
"2 on scale 1-7 ","2018","16-34 y.","East Germany","","","",""
"2 on scale 1-7 ","2018","35-65 y.","West Germany","","","",""
"2 on scale 1-7 ","2018","35-65 y.","East Germany","","","",""
"2 on scale 1-7 ","2018","66 and older","West Germany","","","",""
"2 on scale 1-7 ","2018","66 and older","East Germany","","","",""
"3 on scale 1-7 ","2018","16-34 y.","West Germany","","","",""
"3 on scale 1-7 ","2018","16-34 y.","East Germany","","","",""
"3 on scale 1-7 ","2018","35-65 y.","West Germany","","","",""
"3 on scale 1-7 ","2018","35-65 y.","East Germany","","","",""
"3 on scale 1-7 ","2018","66 and older","West Germany","","","",""
"3 on scale 1-7 ","2018","66 and older","East Germany","","","",""
"4 on scale 1-7","2018","16-34 y.","West Germany","","","",""
"4 on scale 1-7","2018","16-34 y.","East Germany","","","",""
"4 on scale 1-7","2018","35-65 y.","West Germany","","","",""
"4 on scale 1-7","2018","35-65 y.","East Germany","","","",""
"4 on scale 1-7","2018","66 and older","West Germany","","","",""
"4 on scale 1-7","2018","66 and older","East Germany","","","",""
"5 on scale 1-7","2018","16-34 y.","West Germany","","","",""
"5 on scale 1-7","2018","16-34 y.","East Germany","","","",""
"5 on scale 1-7","2018","35-65 y.","West Germany","","","",""
"5 on scale 1-7","2018","35-65 y.","East Germany","","","",""
"5 on scale 1-7","2018","66 and older","West Germany","","","",""
"5 on scale 1-7","2018","66 and older","East Germany","","","",""
"6 on scale 1-7","2018","16-34 y.","West Germany","","","",""
"6 on scale 1-7","2018","16-34 y.","East Germany","","","",""
"6 on scale 1-7","2018","35-65 y.","West Germany","","","",""
"6 on scale 1-7","2018","35-65 y.","East Germany","","","",""
"6 on scale 1-7","2018","66 and older","West Germany","","","",""
"6 on scale 1-7","2018","66 and older","East Germany","","","",""
"7 Strongly agree","2018","16-34 y.","West Germany","","","",""
"7 Strongly agree","2018","16-34 y.","East Germany","","","",""
"7 Strongly agree","2018","35-65 y.","West Germany","","","",""
"7 Strongly agree","2018","35-65 y.","East Germany","","","",""
"7 Strongly agree","2018","66 and older","West Germany","","","",""
"7 Strongly agree","2018","66 and older","East Germany","","","",""
"1 Strongly disagree","2019","16-34 y.","West Germany","47","0.00648784606041836","0.00412737909774546","0.00884831302309126"
"1 Strongly disagree","2019","16-34 y.","East Germany","10","","",""
"1 Strongly disagree","2019","35-65 y.","West Germany","201","0.0219006695568331","0.0192576789306095","0.0245436601830567"
"1 Strongly disagree","2019","35-65 y.","East Germany","53","0.0221400203404629","0.0171122262173482","0.0271678144635776"
"1 Strongly disagree","2019","66 and older","West Germany","163","0.0467173692887688","0.0400591095754288","0.0533756290021089"
"1 Strongly disagree","2019","66 and older","East Germany","54","0.0508650058223756","0.0389484693983598","0.0627815422463915"
"2 on scale 1-7 ","2019","16-34 y.","West Germany","135","0.0254863339561849","0.0208528387552269","0.0301198291571429"
"2 on scale 1-7 ","2019","16-34 y.","East Germany","47","0.0440787138018306","0.0310938320963952","0.057063595507266"
"2 on scale 1-7 ","2019","35-65 y.","West Germany","546","0.0469198258972398","0.0431011011162095","0.0507385506782702"
"2 on scale 1-7 ","2019","35-65 y.","East Germany","128","0.0449121128313377","0.0378350418121586","0.0519891838505168"
"2 on scale 1-7 ","2019","66 and older","West Germany","250","0.0656617471205627","0.0578469270413033","0.0734765671998221"
"2 on scale 1-7 ","2019","66 and older","East Germany","101","0.0805544198359155","0.0657944930124243","0.0953143466594067"
"3 on scale 1-7 ","2019","16-34 y.","West Germany","425","0.0907472323159515","0.0823018351933045","0.0991926294385986"
"3 on scale 1-7 ","2019","16-34 y.","East Germany","107","0.0980442077238136","0.0792330263354827","0.116855389112144"
"3 on scale 1-7 ","2019","35-65 y.","West Germany","1218","0.113693400656779","0.107961019421508","0.11942578189205"
"3 on scale 1-7 ","2019","35-65 y.","East Germany","391","0.123248714349197","0.112016133671362","0.134481295027032"
"3 on scale 1-7 ","2019","66 and older","West Germany","543","0.153741963083796","0.142361542410256","0.165122383757336"
"3 on scale 1-7 ","2019","66 and older","East Germany","189","0.167065447440125","0.146834078928513","0.187296815951737"
"4 on scale 1-7","2019","16-34 y.","West Germany","1082","0.231690266607241","0.219285656222825","0.244094876991657"
"4 on scale 1-7","2019","16-34 y.","East Germany","232","0.247189644874921","0.219901726743149","0.274477563006692"
"4 on scale 1-7","2019","35-65 y.","West Germany","2867","0.243191271505982","0.235444111894737","0.250938431117227"
"4 on scale 1-7","2019","35-65 y.","East Germany","807","0.260947736230792","0.245941752036983","0.2759537204246"
"4 on scale 1-7","2019","66 and older","West Germany","1026","0.288041335604866","0.273753531090397","0.302329140119335"
"4 on scale 1-7","2019","66 and older","East Germany","386","0.30495999592556","0.279990898723423","0.329929093127698"
"5 on scale 1-7","2019","16-34 y.","West Germany","1344","0.322616752826852","0.308872480566287","0.336361025087417"
"5 on scale 1-7","2019","16-34 y.","East Germany","302","0.334399720144131","0.304556053853672","0.36424338643459"
"5 on scale 1-7","2019","35-65 y.","West Germany","3233","0.282389136520838","0.274260008916203","0.290518264125474"
"5 on scale 1-7","2019","35-65 y.","East Germany","872","0.259519615674223","0.244540298526874","0.274498932821573"
"5 on scale 1-7","2019","66 and older","West Germany","898","0.228400669616565","0.215155567553886","0.241645771679244"
"5 on scale 1-7","2019","66 and older","East Germany","282","0.214900594469299","0.192623546745282","0.237177642193316"
"6 on scale 1-7","2019","16-34 y.","West Germany","992","0.241630126036311","0.229044432792047","0.254215819280574"
"6 on scale 1-7","2019","16-34 y.","East Germany","182","0.188191541031331","0.163466369686399","0.212916712376263"
"6 on scale 1-7","2019","35-65 y.","West Germany","2493","0.197212748781601","0.190027477453334","0.204398020109868"
"6 on scale 1-7","2019","35-65 y.","East Germany","711","0.207598570067408","0.193739472690454","0.221457667444361"
"6 on scale 1-7","2019","66 and older","West Germany","629","0.144238447598303","0.133153654102893","0.155323241093712"
"6 on scale 1-7","2019","66 and older","East Germany","205","0.119061915535202","0.101497422141226","0.136626408929178"
"7 Strongly agree","2019","16-34 y.","West Germany","419","0.0813414421970421","0.0733044404533811","0.089378443940703"
"7 Strongly agree","2019","16-34 y.","East Germany","80","0.0820746613370015","0.0647118237281349","0.0994374989458681"
"7 Strongly agree","2019","35-65 y.","West Germany","1222","0.0946929470807265","0.0894056682473318","0.0999802259141212"
"7 Strongly agree","2019","35-65 y.","East Germany","328","0.0816332305065797","0.0722771981721206","0.0909892628410388"
"7 Strongly agree","2019","66 and older","West Germany","350","0.0731984676871384","0.0649806771340707","0.0814162582402061"
"7 Strongly agree","2019","66 and older","East Germany","89","0.0625926209715223","0.0494554378047879","0.0757298041382568"
