"year","migback","pgisced97","mean","median","n","ptile10","ptile25","ptile75","ptile90","ptile99","lowerci_mean","upperci_mean","min","max","lowerci_median","upperci_median"
"1984","direct migration background","general elemantary","1.89","2","1020","1","1","2","4","4","1.83","1.95","1","4","1","2"
"1984","direct migration background","higher education","2.35","2","117","1","1","4","4","4","2.13","2.57","1","4","2","3"
"1984","direct migration background","higher vocational","2.02","1","50","1","1","3","4","4","1.66","2.38","1","4","1","3"
"1984","direct migration background","in school","","","","","","","","","","","","","",""
"1984","direct migration background","inadequately","1.9","2","888","1","1","3","4","4","1.83","1.97","1","4","2","2"
"1984","direct migration background","middle vocational","1.84","1","1004","1","1","2","4","4","1.78","1.9","1","4","1","2"
"1984","direct migration background","vocational + Abi","2.13","2","124","1","1","3","4","4","1.93","2.33","1","4","1","2"
"1984","indirect migration background","general elemantary","2.68","3","51","1","2","4","4","4","2.37","2.99","1","4","2","3"
"1984","indirect migration background","higher education","","","","","","","","","","","","","",""
"1984","indirect migration background","higher vocational","","","","","","","","","","","","","",""
"1984","indirect migration background","in school","","","","","","","","","","","","","",""
"1984","indirect migration background","inadequately","","","","","","","","","","","","","",""
"1984","indirect migration background","middle vocational","1.84","1","52","1","1","3","4","4","1.52","2.16","1","4","2","3"
"1984","indirect migration background","vocational + Abi","","","","","","","","","","","","","",""
"1984","no migration background","general elemantary","1.81","1","2302","1","1","2","4","4","1.77","1.85","1","4","1","2"
"1984","no migration background","higher education","2.51","3","658","1","1","4","4","4","2.42","2.6","1","4","2","3"
"1984","no migration background","higher vocational","2.03","2","599","1","1","3","4","4","1.94","2.12","1","4","1","2"
"1984","no migration background","in school","2.52","3","155","1","1","4","4","4","2.33","2.71","1","4","2","3"
"1984","no migration background","inadequately","1.89","1.21","75","1","1","3","4","4","1.64","2.14","1","4","1","2"
"1984","no migration background","middle vocational","1.9","1","4579","1","1","3","4","4","1.87","1.93","1","4","1","2"
"1984","no migration background","vocational + Abi","2.35","2","184","1","1","4","4","4","2.17","2.53","1","4","2","3"
"1985","direct migration background","general elemantary","1.78","1","879","1","1","2","4","4","1.71","1.85","1","4","1","2"
"1985","direct migration background","higher education","2.33","2","106","1","1","4","4","4","2.1","2.56","1","4","1","3"
"1985","direct migration background","higher vocational","1.98","2","46","1","1","3","4","4","1.64","2.32","1","4","1","3"
"1985","direct migration background","in school","","","","","","","","","","","","","",""
"1985","direct migration background","inadequately","1.86","2","701","1","1","2","3","4","1.78","1.94","1","4","1","2"
"1985","direct migration background","middle vocational","1.86","1","891","1","1","3","4","4","1.79","1.93","1","4","1","2"
"1985","direct migration background","vocational + Abi","1.99","1","100","1","1","3","4","4","1.77","2.21","1","4","1","2"
"1985","indirect migration background","general elemantary","2.4","2","59","1","1","4","4","4","2.09","2.71","1","4","1","3"
"1985","indirect migration background","higher education","","","","","","","","","","","","","",""
"1985","indirect migration background","higher vocational","","","","","","","","","","","","","",""
"1985","indirect migration background","in school","","","","","","","","","","","","","",""
"1985","indirect migration background","inadequately","","","","","","","","","","","","","",""
"1985","indirect migration background","middle vocational","1.88","1.68","57","1","1","3","3","4","1.58","2.18","1","4","2","3"
"1985","indirect migration background","vocational + Abi","","","","","","","","","","","","","",""
"1985","no migration background","general elemantary","1.78","1","2066","1","1","2","3","4","1.74","1.82","1","4","1","1"
"1985","no migration background","higher education","2.43","2","637","1","1","4","4","4","2.34","2.52","1","4","2","3"
"1985","no migration background","higher vocational","1.96","2","566","1","1","3","4","4","1.87","2.05","1","4","1","2"
"1985","no migration background","in school","2.53","3","153","1","2","3","4","4","2.35","2.71","1","4","2","3"
"1985","no migration background","inadequately","1.92","2","78","1","1","3","3","4","1.7","2.14","1","4","1","2"
"1985","no migration background","middle vocational","1.89","1","4187","1","1","3","4","4","1.86","1.92","1","4","1","2"
"1985","no migration background","vocational + Abi","2.4","2","175","1","1","4","4","4","2.21","2.59","1","4","2","3"
"1986","direct migration background","general elemantary","1.84","2","876","1","1","2","4","4","1.77","1.91","1","4","1","2"
"1986","direct migration background","higher education","2.18","2","107","1","1","3","4","4","1.96","2.4","1","4","1","2"
"1986","direct migration background","higher vocational","1.89","1","48","1","1","2","4","4","1.55","2.23","1","4","1","2"
"1986","direct migration background","in school","1.68","1","30","1","1","3","3","4","1.28","2.08","1","4","1","3"
"1986","direct migration background","inadequately","1.81","1","657","1","1","2","3","4","1.73","1.89","1","4","1","2"
"1986","direct migration background","middle vocational","1.92","1","838","1","1","3","4","4","1.85","1.99","1","4","1","2"
"1986","direct migration background","vocational + Abi","2.05","2","101","1","1","3","4","4","1.84","2.26","1","4","1","2"
"1986","indirect migration background","general elemantary","2.39","2","57","1","1","4","4","4","2.09","2.69","1","4","1","2"
"1986","indirect migration background","higher education","","","","","","","","","","","","","",""
"1986","indirect migration background","higher vocational","","","","","","","","","","","","","",""
"1986","indirect migration background","in school","","","","","","","","","","","","","",""
"1986","indirect migration background","inadequately","","","","","","","","","","","","","",""
"1986","indirect migration background","middle vocational","1.9","1","62","1","1","3","4","4","1.6","2.2","1","4","1","3"
"1986","indirect migration background","vocational + Abi","","","","","","","","","","","","","",""
"1986","no migration background","general elemantary","1.8","1","1910","1","1","2","4","4","1.75","1.85","1","4","1","2"
"1986","no migration background","higher education","2.57","3","634","1","1","4","4","4","2.47","2.67","1","4","3","3"
"1986","no migration background","higher vocational","1.95","2","520","1","1","3","4","4","1.85","2.05","1","4","1","2"
"1986","no migration background","in school","2.45","2","144","1","1","3","4","4","2.26","2.64","1","4","2","3"
"1986","no migration background","inadequately","2.04","2","75","1","1","3","4","4","1.79","2.29","1","4","1","2"
"1986","no migration background","middle vocational","1.89","1","4027","1","1","3","4","4","1.86","1.92","1","4","1","2"
"1986","no migration background","vocational + Abi","2.35","2","169","1","1","4","4","4","2.16","2.54","1","4","2","3"
"1987","direct migration background","general elemantary","","","","","","","","","","","","","",""
"1987","direct migration background","higher education","","","","","","","","","","","","","",""
"1987","direct migration background","higher vocational","","","","","","","","","","","","","",""
"1987","direct migration background","in school","","","","","","","","","","","","","",""
"1987","direct migration background","inadequately","","","","","","","","","","","","","",""
"1987","direct migration background","middle vocational","","","","","","","","","","","","","",""
"1987","direct migration background","vocational + Abi","","","","","","","","","","","","","",""
"1987","indirect migration background","general elemantary","","","","","","","","","","","","","",""
"1987","indirect migration background","higher education","","","","","","","","","","","","","",""
"1987","indirect migration background","higher vocational","","","","","","","","","","","","","",""
"1987","indirect migration background","in school","","","","","","","","","","","","","",""
"1987","indirect migration background","inadequately","","","","","","","","","","","","","",""
"1987","indirect migration background","middle vocational","","","","","","","","","","","","","",""
"1987","indirect migration background","vocational + Abi","","","","","","","","","","","","","",""
"1987","no migration background","general elemantary","","","","","","","","","","","","","",""
"1987","no migration background","higher education","","","","","","","","","","","","","",""
"1987","no migration background","higher vocational","","","","","","","","","","","","","",""
"1987","no migration background","in school","","","","","","","","","","","","","",""
"1987","no migration background","inadequately","","","","","","","","","","","","","",""
"1987","no migration background","middle vocational","","","","","","","","","","","","","",""
"1987","no migration background","vocational + Abi","","","","","","","","","","","","","",""
"1988","direct migration background","general elemantary","","","","","","","","","","","","","",""
"1988","direct migration background","higher education","","","","","","","","","","","","","",""
"1988","direct migration background","higher vocational","","","","","","","","","","","","","",""
"1988","direct migration background","in school","","","","","","","","","","","","","",""
"1988","direct migration background","inadequately","","","","","","","","","","","","","",""
"1988","direct migration background","middle vocational","","","","","","","","","","","","","",""
"1988","direct migration background","vocational + Abi","","","","","","","","","","","","","",""
"1988","indirect migration background","general elemantary","","","","","","","","","","","","","",""
"1988","indirect migration background","higher education","","","","","","","","","","","","","",""
"1988","indirect migration background","higher vocational","","","","","","","","","","","","","",""
"1988","indirect migration background","in school","","","","","","","","","","","","","",""
"1988","indirect migration background","inadequately","","","","","","","","","","","","","",""
"1988","indirect migration background","middle vocational","","","","","","","","","","","","","",""
"1988","indirect migration background","vocational + Abi","","","","","","","","","","","","","",""
"1988","no migration background","general elemantary","","","","","","","","","","","","","",""
"1988","no migration background","higher education","","","","","","","","","","","","","",""
"1988","no migration background","higher vocational","","","","","","","","","","","","","",""
"1988","no migration background","in school","","","","","","","","","","","","","",""
"1988","no migration background","inadequately","","","","","","","","","","","","","",""
"1988","no migration background","middle vocational","","","","","","","","","","","","","",""
"1988","no migration background","vocational + Abi","","","","","","","","","","","","","",""
"1989","direct migration background","general elemantary","","","","","","","","","","","","","",""
"1989","direct migration background","higher education","","","","","","","","","","","","","",""
"1989","direct migration background","higher vocational","","","","","","","","","","","","","",""
"1989","direct migration background","in school","","","","","","","","","","","","","",""
"1989","direct migration background","inadequately","","","","","","","","","","","","","",""
"1989","direct migration background","middle vocational","","","","","","","","","","","","","",""
"1989","direct migration background","vocational + Abi","","","","","","","","","","","","","",""
"1989","indirect migration background","general elemantary","","","","","","","","","","","","","",""
"1989","indirect migration background","higher education","","","","","","","","","","","","","",""
"1989","indirect migration background","higher vocational","","","","","","","","","","","","","",""
"1989","indirect migration background","in school","","","","","","","","","","","","","",""
"1989","indirect migration background","inadequately","","","","","","","","","","","","","",""
"1989","indirect migration background","middle vocational","","","","","","","","","","","","","",""
"1989","indirect migration background","vocational + Abi","","","","","","","","","","","","","",""
"1989","no migration background","general elemantary","","","","","","","","","","","","","",""
"1989","no migration background","higher education","","","","","","","","","","","","","",""
"1989","no migration background","higher vocational","","","","","","","","","","","","","",""
"1989","no migration background","in school","","","","","","","","","","","","","",""
"1989","no migration background","inadequately","","","","","","","","","","","","","",""
"1989","no migration background","middle vocational","","","","","","","","","","","","","",""
"1989","no migration background","vocational + Abi","","","","","","","","","","","","","",""
"1990","direct migration background","general elemantary","","","","","","","","","","","","","",""
"1990","direct migration background","higher education","","","","","","","","","","","","","",""
"1990","direct migration background","higher vocational","","","","","","","","","","","","","",""
"1990","direct migration background","in school","","","","","","","","","","","","","",""
"1990","direct migration background","inadequately","","","","","","","","","","","","","",""
"1990","direct migration background","middle vocational","","","","","","","","","","","","","",""
"1990","direct migration background","vocational + Abi","","","","","","","","","","","","","",""
"1990","indirect migration background","general elemantary","","","","","","","","","","","","","",""
"1990","indirect migration background","higher education","","","","","","","","","","","","","",""
"1990","indirect migration background","higher vocational","","","","","","","","","","","","","",""
"1990","indirect migration background","in school","","","","","","","","","","","","","",""
"1990","indirect migration background","inadequately","","","","","","","","","","","","","",""
"1990","indirect migration background","middle vocational","","","","","","","","","","","","","",""
"1990","indirect migration background","vocational + Abi","","","","","","","","","","","","","",""
"1990","no migration background","general elemantary","","","","","","","","","","","","","",""
"1990","no migration background","higher education","","","","","","","","","","","","","",""
"1990","no migration background","higher vocational","","","","","","","","","","","","","",""
"1990","no migration background","in school","","","","","","","","","","","","","",""
"1990","no migration background","inadequately","","","","","","","","","","","","","",""
"1990","no migration background","middle vocational","","","","","","","","","","","","","",""
"1990","no migration background","vocational + Abi","","","","","","","","","","","","","",""
"1991","direct migration background","general elemantary","","","","","","","","","","","","","",""
"1991","direct migration background","higher education","","","","","","","","","","","","","",""
"1991","direct migration background","higher vocational","","","","","","","","","","","","","",""
"1991","direct migration background","in school","","","","","","","","","","","","","",""
"1991","direct migration background","inadequately","","","","","","","","","","","","","",""
"1991","direct migration background","middle vocational","","","","","","","","","","","","","",""
"1991","direct migration background","vocational + Abi","","","","","","","","","","","","","",""
"1991","indirect migration background","general elemantary","","","","","","","","","","","","","",""
"1991","indirect migration background","higher education","","","","","","","","","","","","","",""
"1991","indirect migration background","higher vocational","","","","","","","","","","","","","",""
"1991","indirect migration background","in school","","","","","","","","","","","","","",""
"1991","indirect migration background","inadequately","","","","","","","","","","","","","",""
"1991","indirect migration background","middle vocational","","","","","","","","","","","","","",""
"1991","indirect migration background","vocational + Abi","","","","","","","","","","","","","",""
"1991","no migration background","general elemantary","","","","","","","","","","","","","",""
"1991","no migration background","higher education","","","","","","","","","","","","","",""
"1991","no migration background","higher vocational","","","","","","","","","","","","","",""
"1991","no migration background","in school","","","","","","","","","","","","","",""
"1991","no migration background","inadequately","","","","","","","","","","","","","",""
"1991","no migration background","middle vocational","","","","","","","","","","","","","",""
"1991","no migration background","vocational + Abi","","","","","","","","","","","","","",""
"1992","direct migration background","general elemantary","","","","","","","","","","","","","",""
"1992","direct migration background","higher education","","","","","","","","","","","","","",""
"1992","direct migration background","higher vocational","","","","","","","","","","","","","",""
"1992","direct migration background","in school","","","","","","","","","","","","","",""
"1992","direct migration background","inadequately","","","","","","","","","","","","","",""
"1992","direct migration background","middle vocational","","","","","","","","","","","","","",""
"1992","direct migration background","vocational + Abi","","","","","","","","","","","","","",""
"1992","indirect migration background","general elemantary","","","","","","","","","","","","","",""
"1992","indirect migration background","higher education","","","","","","","","","","","","","",""
"1992","indirect migration background","higher vocational","","","","","","","","","","","","","",""
"1992","indirect migration background","in school","","","","","","","","","","","","","",""
"1992","indirect migration background","inadequately","","","","","","","","","","","","","",""
"1992","indirect migration background","middle vocational","","","","","","","","","","","","","",""
"1992","indirect migration background","vocational + Abi","","","","","","","","","","","","","",""
"1992","no migration background","general elemantary","","","","","","","","","","","","","",""
"1992","no migration background","higher education","","","","","","","","","","","","","",""
"1992","no migration background","higher vocational","","","","","","","","","","","","","",""
"1992","no migration background","in school","","","","","","","","","","","","","",""
"1992","no migration background","inadequately","","","","","","","","","","","","","",""
"1992","no migration background","middle vocational","","","","","","","","","","","","","",""
"1992","no migration background","vocational + Abi","","","","","","","","","","","","","",""
"1993","direct migration background","general elemantary","","","","","","","","","","","","","",""
"1993","direct migration background","higher education","","","","","","","","","","","","","",""
"1993","direct migration background","higher vocational","","","","","","","","","","","","","",""
"1993","direct migration background","in school","","","","","","","","","","","","","",""
"1993","direct migration background","inadequately","","","","","","","","","","","","","",""
"1993","direct migration background","middle vocational","","","","","","","","","","","","","",""
"1993","direct migration background","vocational + Abi","","","","","","","","","","","","","",""
"1993","indirect migration background","general elemantary","","","","","","","","","","","","","",""
"1993","indirect migration background","higher education","","","","","","","","","","","","","",""
"1993","indirect migration background","higher vocational","","","","","","","","","","","","","",""
"1993","indirect migration background","in school","","","","","","","","","","","","","",""
"1993","indirect migration background","inadequately","","","","","","","","","","","","","",""
"1993","indirect migration background","middle vocational","","","","","","","","","","","","","",""
"1993","indirect migration background","vocational + Abi","","","","","","","","","","","","","",""
"1993","no migration background","general elemantary","","","","","","","","","","","","","",""
"1993","no migration background","higher education","","","","","","","","","","","","","",""
"1993","no migration background","higher vocational","","","","","","","","","","","","","",""
"1993","no migration background","in school","","","","","","","","","","","","","",""
"1993","no migration background","inadequately","","","","","","","","","","","","","",""
"1993","no migration background","middle vocational","","","","","","","","","","","","","",""
"1993","no migration background","vocational + Abi","","","","","","","","","","","","","",""
"1994","direct migration background","general elemantary","","","","","","","","","","","","","",""
"1994","direct migration background","higher education","","","","","","","","","","","","","",""
"1994","direct migration background","higher vocational","","","","","","","","","","","","","",""
"1994","direct migration background","in school","","","","","","","","","","","","","",""
"1994","direct migration background","inadequately","","","","","","","","","","","","","",""
"1994","direct migration background","middle vocational","","","","","","","","","","","","","",""
"1994","direct migration background","vocational + Abi","","","","","","","","","","","","","",""
"1994","indirect migration background","general elemantary","","","","","","","","","","","","","",""
"1994","indirect migration background","higher education","","","","","","","","","","","","","",""
"1994","indirect migration background","higher vocational","","","","","","","","","","","","","",""
"1994","indirect migration background","in school","","","","","","","","","","","","","",""
"1994","indirect migration background","inadequately","","","","","","","","","","","","","",""
"1994","indirect migration background","middle vocational","","","","","","","","","","","","","",""
"1994","indirect migration background","vocational + Abi","","","","","","","","","","","","","",""
"1994","no migration background","general elemantary","","","","","","","","","","","","","",""
"1994","no migration background","higher education","","","","","","","","","","","","","",""
"1994","no migration background","higher vocational","","","","","","","","","","","","","",""
"1994","no migration background","in school","","","","","","","","","","","","","",""
"1994","no migration background","inadequately","","","","","","","","","","","","","",""
"1994","no migration background","middle vocational","","","","","","","","","","","","","",""
"1994","no migration background","vocational + Abi","","","","","","","","","","","","","",""
"1995","direct migration background","general elemantary","","","","","","","","","","","","","",""
"1995","direct migration background","higher education","","","","","","","","","","","","","",""
"1995","direct migration background","higher vocational","","","","","","","","","","","","","",""
"1995","direct migration background","in school","","","","","","","","","","","","","",""
"1995","direct migration background","inadequately","","","","","","","","","","","","","",""
"1995","direct migration background","middle vocational","","","","","","","","","","","","","",""
"1995","direct migration background","vocational + Abi","","","","","","","","","","","","","",""
"1995","indirect migration background","general elemantary","","","","","","","","","","","","","",""
"1995","indirect migration background","higher education","","","","","","","","","","","","","",""
"1995","indirect migration background","higher vocational","","","","","","","","","","","","","",""
"1995","indirect migration background","in school","","","","","","","","","","","","","",""
"1995","indirect migration background","inadequately","","","","","","","","","","","","","",""
"1995","indirect migration background","middle vocational","","","","","","","","","","","","","",""
"1995","indirect migration background","vocational + Abi","","","","","","","","","","","","","",""
"1995","no migration background","general elemantary","","","","","","","","","","","","","",""
"1995","no migration background","higher education","","","","","","","","","","","","","",""
"1995","no migration background","higher vocational","","","","","","","","","","","","","",""
"1995","no migration background","in school","","","","","","","","","","","","","",""
"1995","no migration background","inadequately","","","","","","","","","","","","","",""
"1995","no migration background","middle vocational","","","","","","","","","","","","","",""
"1995","no migration background","vocational + Abi","","","","","","","","","","","","","",""
"1996","direct migration background","general elemantary","1.6","1","705","1","1","2","3","4","1.53","1.67","1","4","1","1"
"1996","direct migration background","higher education","1.97","2","183","1","1","3","4","4","1.81","2.13","1","4","1","2"
"1996","direct migration background","higher vocational","1.83","1","62","1","1","2","4","4","1.58","2.08","1","4","1","2"
"1996","direct migration background","in school","2.07","1","30","1","1","3","4","4","1.61","2.53","1","4","1","3"
"1996","direct migration background","inadequately","1.66","1","406","1","1","2","3","4","1.57","1.75","1","4","1","1"
"1996","direct migration background","middle vocational","1.64","1","915","1","1","2","3","4","1.58","1.7","1","4","1","1"
"1996","direct migration background","vocational + Abi","1.63","1","143","1","1","2","3","4","1.47","1.79","1","4","1","1"
"1996","indirect migration background","general elemantary","2.01","2","168","1","1","3","4","4","1.84","2.18","1","4","2","2"
"1996","indirect migration background","higher education","","","","","","","","","","","","","",""
"1996","indirect migration background","higher vocational","","","","","","","","","","","","","",""
"1996","indirect migration background","in school","2.02","2","52","1","1","3","4","4","1.72","2.32","1","4","1","2"
"1996","indirect migration background","inadequately","","","","","","","","","","","","","",""
"1996","indirect migration background","middle vocational","1.79","1","201","1","1","3","3","4","1.65","1.93","1","4","1","2"
"1996","indirect migration background","vocational + Abi","","","","","","","","","","","","","",""
"1996","no migration background","general elemantary","1.61","1","1481","1","1","2","3","4","1.56","1.66","1","4","1","1"
"1996","no migration background","higher education","2.11","2","1550","1","1","3","4","4","2.05","2.17","1","4","2","2"
"1996","no migration background","higher vocational","1.75","1","677","1","1","2","3","4","1.67","1.83","1","4","1","1"
"1996","no migration background","in school","2.09","2","207","1","1","3","4","4","1.94","2.24","1","4","1","2"
"1996","no migration background","inadequately","1.88","2","57","1","1","3","3","4","1.63","2.13","1","4","1","2"
"1996","no migration background","middle vocational","1.65","1","5404","1","1","2","3","4","1.62","1.68","1","4","1","1"
"1996","no migration background","vocational + Abi","2.15","2","318","1","1","3","4","4","2.02","2.28","1","4","2","2"
"1997","direct migration background","general elemantary","","","","","","","","","","","","","",""
"1997","direct migration background","higher education","","","","","","","","","","","","","",""
"1997","direct migration background","higher vocational","","","","","","","","","","","","","",""
"1997","direct migration background","in school","","","","","","","","","","","","","",""
"1997","direct migration background","inadequately","","","","","","","","","","","","","",""
"1997","direct migration background","middle vocational","","","","","","","","","","","","","",""
"1997","direct migration background","vocational + Abi","","","","","","","","","","","","","",""
"1997","indirect migration background","general elemantary","","","","","","","","","","","","","",""
"1997","indirect migration background","higher education","","","","","","","","","","","","","",""
"1997","indirect migration background","higher vocational","","","","","","","","","","","","","",""
"1997","indirect migration background","in school","","","","","","","","","","","","","",""
"1997","indirect migration background","inadequately","","","","","","","","","","","","","",""
"1997","indirect migration background","middle vocational","","","","","","","","","","","","","",""
"1997","indirect migration background","vocational + Abi","","","","","","","","","","","","","",""
"1997","no migration background","general elemantary","","","","","","","","","","","","","",""
"1997","no migration background","higher education","","","","","","","","","","","","","",""
"1997","no migration background","higher vocational","","","","","","","","","","","","","",""
"1997","no migration background","in school","","","","","","","","","","","","","",""
"1997","no migration background","inadequately","","","","","","","","","","","","","",""
"1997","no migration background","middle vocational","","","","","","","","","","","","","",""
"1997","no migration background","vocational + Abi","","","","","","","","","","","","","",""
"1998","direct migration background","general elemantary","","","","","","","","","","","","","",""
"1998","direct migration background","higher education","","","","","","","","","","","","","",""
"1998","direct migration background","higher vocational","","","","","","","","","","","","","",""
"1998","direct migration background","in school","","","","","","","","","","","","","",""
"1998","direct migration background","inadequately","","","","","","","","","","","","","",""
"1998","direct migration background","middle vocational","","","","","","","","","","","","","",""
"1998","direct migration background","vocational + Abi","","","","","","","","","","","","","",""
"1998","indirect migration background","general elemantary","","","","","","","","","","","","","",""
"1998","indirect migration background","higher education","","","","","","","","","","","","","",""
"1998","indirect migration background","higher vocational","","","","","","","","","","","","","",""
"1998","indirect migration background","in school","","","","","","","","","","","","","",""
"1998","indirect migration background","inadequately","","","","","","","","","","","","","",""
"1998","indirect migration background","middle vocational","","","","","","","","","","","","","",""
"1998","indirect migration background","vocational + Abi","","","","","","","","","","","","","",""
"1998","no migration background","general elemantary","","","","","","","","","","","","","",""
"1998","no migration background","higher education","","","","","","","","","","","","","",""
"1998","no migration background","higher vocational","","","","","","","","","","","","","",""
"1998","no migration background","in school","","","","","","","","","","","","","",""
"1998","no migration background","inadequately","","","","","","","","","","","","","",""
"1998","no migration background","middle vocational","","","","","","","","","","","","","",""
"1998","no migration background","vocational + Abi","","","","","","","","","","","","","",""
"1999","direct migration background","general elemantary","","","","","","","","","","","","","",""
"1999","direct migration background","higher education","","","","","","","","","","","","","",""
"1999","direct migration background","higher vocational","","","","","","","","","","","","","",""
"1999","direct migration background","in school","","","","","","","","","","","","","",""
"1999","direct migration background","inadequately","","","","","","","","","","","","","",""
"1999","direct migration background","middle vocational","","","","","","","","","","","","","",""
"1999","direct migration background","vocational + Abi","","","","","","","","","","","","","",""
"1999","indirect migration background","general elemantary","","","","","","","","","","","","","",""
"1999","indirect migration background","higher education","","","","","","","","","","","","","",""
"1999","indirect migration background","higher vocational","","","","","","","","","","","","","",""
"1999","indirect migration background","in school","","","","","","","","","","","","","",""
"1999","indirect migration background","inadequately","","","","","","","","","","","","","",""
"1999","indirect migration background","middle vocational","","","","","","","","","","","","","",""
"1999","indirect migration background","vocational + Abi","","","","","","","","","","","","","",""
"1999","no migration background","general elemantary","","","","","","","","","","","","","",""
"1999","no migration background","higher education","","","","","","","","","","","","","",""
"1999","no migration background","higher vocational","","","","","","","","","","","","","",""
"1999","no migration background","in school","","","","","","","","","","","","","",""
"1999","no migration background","inadequately","","","","","","","","","","","","","",""
"1999","no migration background","middle vocational","","","","","","","","","","","","","",""
"1999","no migration background","vocational + Abi","","","","","","","","","","","","","",""
"2000","direct migration background","general elemantary","","","","","","","","","","","","","",""
"2000","direct migration background","higher education","","","","","","","","","","","","","",""
"2000","direct migration background","higher vocational","","","","","","","","","","","","","",""
"2000","direct migration background","in school","","","","","","","","","","","","","",""
"2000","direct migration background","inadequately","","","","","","","","","","","","","",""
"2000","direct migration background","middle vocational","","","","","","","","","","","","","",""
"2000","direct migration background","vocational + Abi","","","","","","","","","","","","","",""
"2000","indirect migration background","general elemantary","","","","","","","","","","","","","",""
"2000","indirect migration background","higher education","","","","","","","","","","","","","",""
"2000","indirect migration background","higher vocational","","","","","","","","","","","","","",""
"2000","indirect migration background","in school","","","","","","","","","","","","","",""
"2000","indirect migration background","inadequately","","","","","","","","","","","","","",""
"2000","indirect migration background","middle vocational","","","","","","","","","","","","","",""
"2000","indirect migration background","vocational + Abi","","","","","","","","","","","","","",""
"2000","no migration background","general elemantary","","","","","","","","","","","","","",""
"2000","no migration background","higher education","","","","","","","","","","","","","",""
"2000","no migration background","higher vocational","","","","","","","","","","","","","",""
"2000","no migration background","in school","","","","","","","","","","","","","",""
"2000","no migration background","inadequately","","","","","","","","","","","","","",""
"2000","no migration background","middle vocational","","","","","","","","","","","","","",""
"2000","no migration background","vocational + Abi","","","","","","","","","","","","","",""
"2001","direct migration background","general elemantary","","","","","","","","","","","","","",""
"2001","direct migration background","higher education","","","","","","","","","","","","","",""
"2001","direct migration background","higher vocational","","","","","","","","","","","","","",""
"2001","direct migration background","in school","","","","","","","","","","","","","",""
"2001","direct migration background","inadequately","","","","","","","","","","","","","",""
"2001","direct migration background","middle vocational","","","","","","","","","","","","","",""
"2001","direct migration background","vocational + Abi","","","","","","","","","","","","","",""
"2001","indirect migration background","general elemantary","","","","","","","","","","","","","",""
"2001","indirect migration background","higher education","","","","","","","","","","","","","",""
"2001","indirect migration background","higher vocational","","","","","","","","","","","","","",""
"2001","indirect migration background","in school","","","","","","","","","","","","","",""
"2001","indirect migration background","inadequately","","","","","","","","","","","","","",""
"2001","indirect migration background","middle vocational","","","","","","","","","","","","","",""
"2001","indirect migration background","vocational + Abi","","","","","","","","","","","","","",""
"2001","no migration background","general elemantary","","","","","","","","","","","","","",""
"2001","no migration background","higher education","","","","","","","","","","","","","",""
"2001","no migration background","higher vocational","","","","","","","","","","","","","",""
"2001","no migration background","in school","","","","","","","","","","","","","",""
"2001","no migration background","inadequately","","","","","","","","","","","","","",""
"2001","no migration background","middle vocational","","","","","","","","","","","","","",""
"2001","no migration background","vocational + Abi","","","","","","","","","","","","","",""
"2002","direct migration background","general elemantary","","","","","","","","","","","","","",""
"2002","direct migration background","higher education","","","","","","","","","","","","","",""
"2002","direct migration background","higher vocational","","","","","","","","","","","","","",""
"2002","direct migration background","in school","","","","","","","","","","","","","",""
"2002","direct migration background","inadequately","","","","","","","","","","","","","",""
"2002","direct migration background","middle vocational","","","","","","","","","","","","","",""
"2002","direct migration background","vocational + Abi","","","","","","","","","","","","","",""
"2002","indirect migration background","general elemantary","","","","","","","","","","","","","",""
"2002","indirect migration background","higher education","","","","","","","","","","","","","",""
"2002","indirect migration background","higher vocational","","","","","","","","","","","","","",""
"2002","indirect migration background","in school","","","","","","","","","","","","","",""
"2002","indirect migration background","inadequately","","","","","","","","","","","","","",""
"2002","indirect migration background","middle vocational","","","","","","","","","","","","","",""
"2002","indirect migration background","vocational + Abi","","","","","","","","","","","","","",""
"2002","no migration background","general elemantary","","","","","","","","","","","","","",""
"2002","no migration background","higher education","","","","","","","","","","","","","",""
"2002","no migration background","higher vocational","","","","","","","","","","","","","",""
"2002","no migration background","in school","","","","","","","","","","","","","",""
"2002","no migration background","inadequately","","","","","","","","","","","","","",""
"2002","no migration background","middle vocational","","","","","","","","","","","","","",""
"2002","no migration background","vocational + Abi","","","","","","","","","","","","","",""
"2003","direct migration background","general elemantary","","","","","","","","","","","","","",""
"2003","direct migration background","higher education","","","","","","","","","","","","","",""
"2003","direct migration background","higher vocational","","","","","","","","","","","","","",""
"2003","direct migration background","in school","","","","","","","","","","","","","",""
"2003","direct migration background","inadequately","","","","","","","","","","","","","",""
"2003","direct migration background","middle vocational","","","","","","","","","","","","","",""
"2003","direct migration background","vocational + Abi","","","","","","","","","","","","","",""
"2003","indirect migration background","general elemantary","","","","","","","","","","","","","",""
"2003","indirect migration background","higher education","","","","","","","","","","","","","",""
"2003","indirect migration background","higher vocational","","","","","","","","","","","","","",""
"2003","indirect migration background","in school","","","","","","","","","","","","","",""
"2003","indirect migration background","inadequately","","","","","","","","","","","","","",""
"2003","indirect migration background","middle vocational","","","","","","","","","","","","","",""
"2003","indirect migration background","vocational + Abi","","","","","","","","","","","","","",""
"2003","no migration background","general elemantary","","","","","","","","","","","","","",""
"2003","no migration background","higher education","","","","","","","","","","","","","",""
"2003","no migration background","higher vocational","","","","","","","","","","","","","",""
"2003","no migration background","in school","","","","","","","","","","","","","",""
"2003","no migration background","inadequately","","","","","","","","","","","","","",""
"2003","no migration background","middle vocational","","","","","","","","","","","","","",""
"2003","no migration background","vocational + Abi","","","","","","","","","","","","","",""
"2004","direct migration background","general elemantary","","","","","","","","","","","","","",""
"2004","direct migration background","higher education","","","","","","","","","","","","","",""
"2004","direct migration background","higher vocational","","","","","","","","","","","","","",""
"2004","direct migration background","in school","","","","","","","","","","","","","",""
"2004","direct migration background","inadequately","","","","","","","","","","","","","",""
"2004","direct migration background","middle vocational","","","","","","","","","","","","","",""
"2004","direct migration background","vocational + Abi","","","","","","","","","","","","","",""
"2004","indirect migration background","general elemantary","","","","","","","","","","","","","",""
"2004","indirect migration background","higher education","","","","","","","","","","","","","",""
"2004","indirect migration background","higher vocational","","","","","","","","","","","","","",""
"2004","indirect migration background","in school","","","","","","","","","","","","","",""
"2004","indirect migration background","inadequately","","","","","","","","","","","","","",""
"2004","indirect migration background","middle vocational","","","","","","","","","","","","","",""
"2004","indirect migration background","vocational + Abi","","","","","","","","","","","","","",""
"2004","no migration background","general elemantary","","","","","","","","","","","","","",""
"2004","no migration background","higher education","","","","","","","","","","","","","",""
"2004","no migration background","higher vocational","","","","","","","","","","","","","",""
"2004","no migration background","in school","","","","","","","","","","","","","",""
"2004","no migration background","inadequately","","","","","","","","","","","","","",""
"2004","no migration background","middle vocational","","","","","","","","","","","","","",""
"2004","no migration background","vocational + Abi","","","","","","","","","","","","","",""
"2005","direct migration background","general elemantary","","","","","","","","","","","","","",""
"2005","direct migration background","higher education","","","","","","","","","","","","","",""
"2005","direct migration background","higher vocational","","","","","","","","","","","","","",""
"2005","direct migration background","in school","","","","","","","","","","","","","",""
"2005","direct migration background","inadequately","","","","","","","","","","","","","",""
"2005","direct migration background","middle vocational","","","","","","","","","","","","","",""
"2005","direct migration background","vocational + Abi","","","","","","","","","","","","","",""
"2005","indirect migration background","general elemantary","","","","","","","","","","","","","",""
"2005","indirect migration background","higher education","","","","","","","","","","","","","",""
"2005","indirect migration background","higher vocational","","","","","","","","","","","","","",""
"2005","indirect migration background","in school","","","","","","","","","","","","","",""
"2005","indirect migration background","inadequately","","","","","","","","","","","","","",""
"2005","indirect migration background","middle vocational","","","","","","","","","","","","","",""
"2005","indirect migration background","vocational + Abi","","","","","","","","","","","","","",""
"2005","no migration background","general elemantary","","","","","","","","","","","","","",""
"2005","no migration background","higher education","","","","","","","","","","","","","",""
"2005","no migration background","higher vocational","","","","","","","","","","","","","",""
"2005","no migration background","in school","","","","","","","","","","","","","",""
"2005","no migration background","inadequately","","","","","","","","","","","","","",""
"2005","no migration background","middle vocational","","","","","","","","","","","","","",""
"2005","no migration background","vocational + Abi","","","","","","","","","","","","","",""
"2006","direct migration background","general elemantary","1.98","2","536","1","1","3","4","4","1.89","2.07","1","4","2","2"
"2006","direct migration background","higher education","2.19","2","364","1","1","3","4","4","2.08","2.3","1","4","2","2"
"2006","direct migration background","higher vocational","2.07","2","140","1","1","3","3","4","1.9","2.24","1","4","2","2"
"2006","direct migration background","in school","2.79","3","34","1","2","4","4","4","2.42","3.16","1","4","2","3"
"2006","direct migration background","inadequately","1.99","2","127","1","1","3","4","4","1.8","2.18","1","4","1","2"
"2006","direct migration background","middle vocational","2.08","2","880","1","1","3","4","4","2.01","2.15","1","4","2","2"
"2006","direct migration background","vocational + Abi","2.09","2","217","1","1","3","4","4","1.94","2.24","1","4","2","2"
"2006","indirect migration background","general elemantary","2.25","2","167","1","1","3","4","4","2.07","2.43","1","4","2","3"
"2006","indirect migration background","higher education","2.47","2","76","1","2","3","4","4","2.23","2.71","1","4","2","3"
"2006","indirect migration background","higher vocational","2.14","2","42","1","1","3","4","4","1.81","2.47","1","4","1","2"
"2006","indirect migration background","in school","2.39","2","57","1","1","3","4","4","2.08","2.7","1","4","1","3"
"2006","indirect migration background","inadequately","","","","","","","","","","","","","",""
"2006","indirect migration background","middle vocational","2.35","2","345","1","1","3","4","4","2.23","2.47","1","4","2","2"
"2006","indirect migration background","vocational + Abi","2.57","3","49","1","1","4","4","4","2.25","2.89","1","4","2","3"
"2006","no migration background","general elemantary","1.97","2","1734","1","1","3","4","4","1.92","2.02","1","4","2","2"
"2006","no migration background","higher education","2.27","2","4113","1","1","3","4","4","2.24","2.3","1","4","2","2"
"2006","no migration background","higher vocational","2.06","2","1453","1","1","3","4","4","2","2.12","1","4","2","2"
"2006","no migration background","in school","2.23","2","296","1","1","3","4","4","2.1","2.36","1","4","2","2"
"2006","no migration background","inadequately","2.38","2","84","1","1","4","4","4","2.13","2.63","1","4","2","2"
"2006","no migration background","middle vocational","2.02","2","9783","1","1","3","4","4","2","2.04","1","4","2","2"
"2006","no migration background","vocational + Abi","2.26","2","940","1","1","3","4","4","2.19","2.33","1","4","2","2"
"2007","direct migration background","general elemantary","","","","","","","","","","","","","",""
"2007","direct migration background","higher education","","","","","","","","","","","","","",""
"2007","direct migration background","higher vocational","","","","","","","","","","","","","",""
"2007","direct migration background","in school","","","","","","","","","","","","","",""
"2007","direct migration background","inadequately","","","","","","","","","","","","","",""
"2007","direct migration background","middle vocational","","","","","","","","","","","","","",""
"2007","direct migration background","vocational + Abi","","","","","","","","","","","","","",""
"2007","indirect migration background","general elemantary","","","","","","","","","","","","","",""
"2007","indirect migration background","higher education","","","","","","","","","","","","","",""
"2007","indirect migration background","higher vocational","","","","","","","","","","","","","",""
"2007","indirect migration background","in school","","","","","","","","","","","","","",""
"2007","indirect migration background","inadequately","","","","","","","","","","","","","",""
"2007","indirect migration background","middle vocational","","","","","","","","","","","","","",""
"2007","indirect migration background","vocational + Abi","","","","","","","","","","","","","",""
"2007","no migration background","general elemantary","","","","","","","","","","","","","",""
"2007","no migration background","higher education","","","","","","","","","","","","","",""
"2007","no migration background","higher vocational","","","","","","","","","","","","","",""
"2007","no migration background","in school","","","","","","","","","","","","","",""
"2007","no migration background","inadequately","","","","","","","","","","","","","",""
"2007","no migration background","middle vocational","","","","","","","","","","","","","",""
"2007","no migration background","vocational + Abi","","","","","","","","","","","","","",""
"2008","direct migration background","general elemantary","","","","","","","","","","","","","",""
"2008","direct migration background","higher education","","","","","","","","","","","","","",""
"2008","direct migration background","higher vocational","","","","","","","","","","","","","",""
"2008","direct migration background","in school","","","","","","","","","","","","","",""
"2008","direct migration background","inadequately","","","","","","","","","","","","","",""
"2008","direct migration background","middle vocational","","","","","","","","","","","","","",""
"2008","direct migration background","vocational + Abi","","","","","","","","","","","","","",""
"2008","indirect migration background","general elemantary","","","","","","","","","","","","","",""
"2008","indirect migration background","higher education","","","","","","","","","","","","","",""
"2008","indirect migration background","higher vocational","","","","","","","","","","","","","",""
"2008","indirect migration background","in school","","","","","","","","","","","","","",""
"2008","indirect migration background","inadequately","","","","","","","","","","","","","",""
"2008","indirect migration background","middle vocational","","","","","","","","","","","","","",""
"2008","indirect migration background","vocational + Abi","","","","","","","","","","","","","",""
"2008","no migration background","general elemantary","","","","","","","","","","","","","",""
"2008","no migration background","higher education","","","","","","","","","","","","","",""
"2008","no migration background","higher vocational","","","","","","","","","","","","","",""
"2008","no migration background","in school","","","","","","","","","","","","","",""
"2008","no migration background","inadequately","","","","","","","","","","","","","",""
"2008","no migration background","middle vocational","","","","","","","","","","","","","",""
"2008","no migration background","vocational + Abi","","","","","","","","","","","","","",""
"2009","direct migration background","general elemantary","","","","","","","","","","","","","",""
"2009","direct migration background","higher education","","","","","","","","","","","","","",""
"2009","direct migration background","higher vocational","","","","","","","","","","","","","",""
"2009","direct migration background","in school","","","","","","","","","","","","","",""
"2009","direct migration background","inadequately","","","","","","","","","","","","","",""
"2009","direct migration background","middle vocational","","","","","","","","","","","","","",""
"2009","direct migration background","vocational + Abi","","","","","","","","","","","","","",""
"2009","indirect migration background","general elemantary","","","","","","","","","","","","","",""
"2009","indirect migration background","higher education","","","","","","","","","","","","","",""
"2009","indirect migration background","higher vocational","","","","","","","","","","","","","",""
"2009","indirect migration background","in school","","","","","","","","","","","","","",""
"2009","indirect migration background","inadequately","","","","","","","","","","","","","",""
"2009","indirect migration background","middle vocational","","","","","","","","","","","","","",""
"2009","indirect migration background","vocational + Abi","","","","","","","","","","","","","",""
"2009","no migration background","general elemantary","","","","","","","","","","","","","",""
"2009","no migration background","higher education","","","","","","","","","","","","","",""
"2009","no migration background","higher vocational","","","","","","","","","","","","","",""
"2009","no migration background","in school","","","","","","","","","","","","","",""
"2009","no migration background","inadequately","","","","","","","","","","","","","",""
"2009","no migration background","middle vocational","","","","","","","","","","","","","",""
"2009","no migration background","vocational + Abi","","","","","","","","","","","","","",""
"2010","direct migration background","general elemantary","","","","","","","","","","","","","",""
"2010","direct migration background","higher education","","","","","","","","","","","","","",""
"2010","direct migration background","higher vocational","","","","","","","","","","","","","",""
"2010","direct migration background","in school","","","","","","","","","","","","","",""
"2010","direct migration background","inadequately","","","","","","","","","","","","","",""
"2010","direct migration background","middle vocational","","","","","","","","","","","","","",""
"2010","direct migration background","vocational + Abi","","","","","","","","","","","","","",""
"2010","indirect migration background","general elemantary","","","","","","","","","","","","","",""
"2010","indirect migration background","higher education","","","","","","","","","","","","","",""
"2010","indirect migration background","higher vocational","","","","","","","","","","","","","",""
"2010","indirect migration background","in school","","","","","","","","","","","","","",""
"2010","indirect migration background","inadequately","","","","","","","","","","","","","",""
"2010","indirect migration background","middle vocational","","","","","","","","","","","","","",""
"2010","indirect migration background","vocational + Abi","","","","","","","","","","","","","",""
"2010","no migration background","general elemantary","","","","","","","","","","","","","",""
"2010","no migration background","higher education","","","","","","","","","","","","","",""
"2010","no migration background","higher vocational","","","","","","","","","","","","","",""
"2010","no migration background","in school","","","","","","","","","","","","","",""
"2010","no migration background","inadequately","","","","","","","","","","","","","",""
"2010","no migration background","middle vocational","","","","","","","","","","","","","",""
"2010","no migration background","vocational + Abi","","","","","","","","","","","","","",""
"2011","direct migration background","general elemantary","","","","","","","","","","","","","",""
"2011","direct migration background","higher education","","","","","","","","","","","","","",""
"2011","direct migration background","higher vocational","","","","","","","","","","","","","",""
"2011","direct migration background","in school","","","","","","","","","","","","","",""
"2011","direct migration background","inadequately","","","","","","","","","","","","","",""
"2011","direct migration background","middle vocational","","","","","","","","","","","","","",""
"2011","direct migration background","vocational + Abi","","","","","","","","","","","","","",""
"2011","indirect migration background","general elemantary","","","","","","","","","","","","","",""
"2011","indirect migration background","higher education","","","","","","","","","","","","","",""
"2011","indirect migration background","higher vocational","","","","","","","","","","","","","",""
"2011","indirect migration background","in school","","","","","","","","","","","","","",""
"2011","indirect migration background","inadequately","","","","","","","","","","","","","",""
"2011","indirect migration background","middle vocational","","","","","","","","","","","","","",""
"2011","indirect migration background","vocational + Abi","","","","","","","","","","","","","",""
"2011","no migration background","general elemantary","","","","","","","","","","","","","",""
"2011","no migration background","higher education","","","","","","","","","","","","","",""
"2011","no migration background","higher vocational","","","","","","","","","","","","","",""
"2011","no migration background","in school","","","","","","","","","","","","","",""
"2011","no migration background","inadequately","","","","","","","","","","","","","",""
"2011","no migration background","middle vocational","","","","","","","","","","","","","",""
"2011","no migration background","vocational + Abi","","","","","","","","","","","","","",""
"2012","direct migration background","general elemantary","","","","","","","","","","","","","",""
"2012","direct migration background","higher education","","","","","","","","","","","","","",""
"2012","direct migration background","higher vocational","","","","","","","","","","","","","",""
"2012","direct migration background","in school","","","","","","","","","","","","","",""
"2012","direct migration background","inadequately","","","","","","","","","","","","","",""
"2012","direct migration background","middle vocational","","","","","","","","","","","","","",""
"2012","direct migration background","vocational + Abi","","","","","","","","","","","","","",""
"2012","indirect migration background","general elemantary","","","","","","","","","","","","","",""
"2012","indirect migration background","higher education","","","","","","","","","","","","","",""
"2012","indirect migration background","higher vocational","","","","","","","","","","","","","",""
"2012","indirect migration background","in school","","","","","","","","","","","","","",""
"2012","indirect migration background","inadequately","","","","","","","","","","","","","",""
"2012","indirect migration background","middle vocational","","","","","","","","","","","","","",""
"2012","indirect migration background","vocational + Abi","","","","","","","","","","","","","",""
"2012","no migration background","general elemantary","","","","","","","","","","","","","",""
"2012","no migration background","higher education","","","","","","","","","","","","","",""
"2012","no migration background","higher vocational","","","","","","","","","","","","","",""
"2012","no migration background","in school","","","","","","","","","","","","","",""
"2012","no migration background","inadequately","","","","","","","","","","","","","",""
"2012","no migration background","middle vocational","","","","","","","","","","","","","",""
"2012","no migration background","vocational + Abi","","","","","","","","","","","","","",""
"2013","direct migration background","general elemantary","","","","","","","","","","","","","",""
"2013","direct migration background","higher education","","","","","","","","","","","","","",""
"2013","direct migration background","higher vocational","","","","","","","","","","","","","",""
"2013","direct migration background","in school","","","","","","","","","","","","","",""
"2013","direct migration background","inadequately","","","","","","","","","","","","","",""
"2013","direct migration background","middle vocational","","","","","","","","","","","","","",""
"2013","direct migration background","vocational + Abi","","","","","","","","","","","","","",""
"2013","indirect migration background","general elemantary","","","","","","","","","","","","","",""
"2013","indirect migration background","higher education","","","","","","","","","","","","","",""
"2013","indirect migration background","higher vocational","","","","","","","","","","","","","",""
"2013","indirect migration background","in school","","","","","","","","","","","","","",""
"2013","indirect migration background","inadequately","","","","","","","","","","","","","",""
"2013","indirect migration background","middle vocational","","","","","","","","","","","","","",""
"2013","indirect migration background","vocational + Abi","","","","","","","","","","","","","",""
"2013","no migration background","general elemantary","","","","","","","","","","","","","",""
"2013","no migration background","higher education","","","","","","","","","","","","","",""
"2013","no migration background","higher vocational","","","","","","","","","","","","","",""
"2013","no migration background","in school","","","","","","","","","","","","","",""
"2013","no migration background","inadequately","","","","","","","","","","","","","",""
"2013","no migration background","middle vocational","","","","","","","","","","","","","",""
"2013","no migration background","vocational + Abi","","","","","","","","","","","","","",""
"2014","direct migration background","general elemantary","","","","","","","","","","","","","",""
"2014","direct migration background","higher education","","","","","","","","","","","","","",""
"2014","direct migration background","higher vocational","","","","","","","","","","","","","",""
"2014","direct migration background","in school","","","","","","","","","","","","","",""
"2014","direct migration background","inadequately","","","","","","","","","","","","","",""
"2014","direct migration background","middle vocational","","","","","","","","","","","","","",""
"2014","direct migration background","vocational + Abi","","","","","","","","","","","","","",""
"2014","indirect migration background","general elemantary","","","","","","","","","","","","","",""
"2014","indirect migration background","higher education","","","","","","","","","","","","","",""
"2014","indirect migration background","higher vocational","","","","","","","","","","","","","",""
"2014","indirect migration background","in school","","","","","","","","","","","","","",""
"2014","indirect migration background","inadequately","","","","","","","","","","","","","",""
"2014","indirect migration background","middle vocational","","","","","","","","","","","","","",""
"2014","indirect migration background","vocational + Abi","","","","","","","","","","","","","",""
"2014","no migration background","general elemantary","","","","","","","","","","","","","",""
"2014","no migration background","higher education","","","","","","","","","","","","","",""
"2014","no migration background","higher vocational","","","","","","","","","","","","","",""
"2014","no migration background","in school","","","","","","","","","","","","","",""
"2014","no migration background","inadequately","","","","","","","","","","","","","",""
"2014","no migration background","middle vocational","","","","","","","","","","","","","",""
"2014","no migration background","vocational + Abi","","","","","","","","","","","","","",""
"2015","direct migration background","general elemantary","","","","","","","","","","","","","",""
"2015","direct migration background","higher education","","","","","","","","","","","","","",""
"2015","direct migration background","higher vocational","","","","","","","","","","","","","",""
"2015","direct migration background","in school","","","","","","","","","","","","","",""
"2015","direct migration background","inadequately","","","","","","","","","","","","","",""
"2015","direct migration background","middle vocational","","","","","","","","","","","","","",""
"2015","direct migration background","vocational + Abi","","","","","","","","","","","","","",""
"2015","indirect migration background","general elemantary","","","","","","","","","","","","","",""
"2015","indirect migration background","higher education","","","","","","","","","","","","","",""
"2015","indirect migration background","higher vocational","","","","","","","","","","","","","",""
"2015","indirect migration background","in school","","","","","","","","","","","","","",""
"2015","indirect migration background","inadequately","","","","","","","","","","","","","",""
"2015","indirect migration background","middle vocational","","","","","","","","","","","","","",""
"2015","indirect migration background","vocational + Abi","","","","","","","","","","","","","",""
"2015","no migration background","general elemantary","","","","","","","","","","","","","",""
"2015","no migration background","higher education","","","","","","","","","","","","","",""
"2015","no migration background","higher vocational","","","","","","","","","","","","","",""
"2015","no migration background","in school","","","","","","","","","","","","","",""
"2015","no migration background","inadequately","","","","","","","","","","","","","",""
"2015","no migration background","middle vocational","","","","","","","","","","","","","",""
"2015","no migration background","vocational + Abi","","","","","","","","","","","","","",""
"2016","direct migration background","general elemantary","1.61","1","754","1","1","2","3","4","1.54","1.68","1","4","1","1"
"2016","direct migration background","higher education","1.86","2","1200","1","1","3","3","4","1.8","1.92","1","4","1","2"
"2016","direct migration background","higher vocational","2.16","2","88","1","1","3","4","4","1.94","2.38","1","4","1","2"
"2016","direct migration background","in school","2.13","2","48","1","2","3","3","3","1.87","2.39","1","4","1","2"
"2016","direct migration background","inadequately","1.49","1","219","1","1","2","3","4","1.37","1.61","1","4","1","1"
"2016","direct migration background","middle vocational","1.77","1","1518","1","1","2","3","4","1.72","1.82","1","4","1","1"
"2016","direct migration background","vocational + Abi","1.62","1","684","1","1","2","3","4","1.55","1.69","1","4","1","1"
"2016","indirect migration background","general elemantary","1.98","2","295","1","1","3","4","4","1.86","2.1","1","4","1","2"
"2016","indirect migration background","higher education","1.99","2","230","1","1","3","3","4","1.85","2.13","1","4","1","2"
"2016","indirect migration background","higher vocational","2.21","2","60","1","1","4","4","4","1.93","2.49","1","4","1","2"
"2016","indirect migration background","in school","2.16","2","77","1","1","3","4","4","1.95","2.37","1","4","2","2"
"2016","indirect migration background","inadequately","","","","","","","","","","","","","",""
"2016","indirect migration background","middle vocational","1.91","2","627","1","1","3","4","4","1.83","1.99","1","4","2","2"
"2016","indirect migration background","vocational + Abi","1.78","1","107","1","1","3","3","4","1.59","1.97","1","4","1","2"
"2016","no migration background","general elemantary","1.78","1","1476","1","1","2","3","4","1.73","1.83","1","4","1","2"
"2016","no migration background","higher education","1.98","2","4354","1","1","3","3","4","1.95","2.01","1","4","2","2"
"2016","no migration background","higher vocational","1.74","1","1244","1","1","2","3","4","1.69","1.79","1","4","1","1"
"2016","no migration background","in school","2.06","2","204","1","1","3","3","4","1.92","2.2","1","4","2","2"
"2016","no migration background","inadequately","2.11","2","131","1","1","3","4","4","1.93","2.29","1","4","2","2"
"2016","no migration background","middle vocational","1.73","1","8671","1","1","2","3","4","1.71","1.75","1","4","1","1"
"2016","no migration background","vocational + Abi","1.95","2","1160","1","1","3","3","4","1.89","2.01","1","4","2","2"
